date,EE,LT,LV,AT,BE,FR,GER,NL,PL,DK1,DK2,FI,NO1,NO2,NO3,NO4,NO5,SE1,SE2,SE3,SE4
2026-07-30 12:00:00,2.99,2.99,2.99,83.15,75.92,36.97,36.97,48.31,6.03,36.97,36.97,2.99,114.47,114.47,72.4,-2.49,114.47,2.99,-2.49,2.99,2.99
2026-07-30 12:15:00,5.91,5.91,5.91,65.56,132.06,28.62,28.62,33.58,-8.11,28.62,28.62,5.91,112.75,112.75,72.3,-2.51,112.75,5.91,-2.51,5.91,5.91
2026-07-30 12:30:00,10.0,10.0,10.0,64.68,90.57,27.84,27.84,42.67,4.65,27.84,27.84,10.0,112.67,112.67,72.0,10.0,112.67,10.0,10.0,10.0,10.0
2026-07-30 12:45:00,13.83,13.83,13.83,35.86,104.17,22.62,22.62,36.25,13.83,22.62,22.62,13.83,112.59,112.59,72.0,13.83,112.59,13.83,13.83,13.83,13.83
2026-07-30 13:00:00,2.13,2.13,2.13,70.85,64.24,16.49,16.49,29.55,1.16,16.49,16.49,2.13,117.14,117.14,72.3,-2.47,117.14,2.13,-2.47,2.13,2.13
2026-07-30 13:15:00,2.67,2.67,2.67,71.0,92.26,11.1,11.1,43.85,7.99,11.1,11.1,2.67,117.15,117.15,72.3,-2.48,117.15,2.67,-2.48,2.67,2.67
2026-07-30 13:30:00,3.11,3.11,3.11,68.91,130.27,13.57,13.57,73.08,2.98,13.57,13.57,3.11,117.12,117.12,72.3,-2.49,117.12,3.11,-2.49,3.11,3.11
2026-07-30 13:45:00,2.29,2.29,2.29,66.97,152.99,15.5,15.5,69.31,12.04,15.5,15.5,2.29,117.12,117.12,72.3,-2.0,117.12,2.29,-2.0,2.29,2.29
2026-07-30 14:00:00,4.6,4.6,4.6,77.98,68.89,30.33,18.31,44.3,8.03,18.31,18.31,4.6,117.19,117.19,71.8,-2.0,117.19,4.6,-2.0,4.6,4.6
2026-07-30 14:15:00,5.45,5.45,5.45,59.06,84.53,36.3,24.33,75.32,11.22,24.33,24.33,5.45,117.18,117.18,72.3,5.45,117.18,5.45,5.45,5.45,5.45
2026-07-30 14:30:00,9.73,9.73,9.73,63.72,91.58,41.6,37.28,81.14,24.56,37.28,37.28,9.73,117.18,117.18,72.3,-0.01,117.18,9.73,-0.01,9.73,9.73
2026-07-30 14:45:00,7.96,7.96,7.96,64.55,248.12,35.77,42.37,88.8,42.37,42.37,42.37,7.96,117.18,117.18,72.4,0.99,117.18,7.96,0.99,7.96,7.96
2026-07-30 15:00:00,12.17,12.17,12.17,60.78,209.43,31.66,31.66,94.99,32.01,31.66,31.66,12.17,97.8,101.31,70.8,4.93,130.78,12.17,4.93,12.17,12.17
2026-07-30 15:15:00,11.62,11.62,11.62,70.22,93.6,30.0,59.31,93.6,53.74,59.31,59.31,11.62,98.56,101.31,70.9,5.49,130.78,11.62,6.23,11.62,11.62
2026-07-30 15:30:00,12.17,12.17,12.17,93.91,95.56,26.91,93.91,95.56,93.91,93.91,93.91,12.17,103.0,103.0,71.0,5.54,130.78,12.17,6.22,12.17,12.17
2026-07-30 15:45:00,16.79,16.79,16.79,112.34,112.34,43.02,112.34,112.34,112.34,112.34,112.34,16.79,112.78,112.78,77.51,5.48,129.73,16.79,9.4,16.79,16.79
2026-07-30 16:00:00,6.95,6.95,6.95,90.82,119.55,67.25,90.82,116.86,96.9,90.82,90.82,6.95,111.79,111.79,69.1,5.57,111.79,6.95,6.95,27.1,33.92
2026-07-30 16:15:00,8.82,32.86,32.86,106.02,125.46,87.49,106.02,106.02,106.02,106.02,106.02,8.82,116.32,116.32,71.9,4.55,116.32,8.82,8.82,37.47,46.03
2026-07-30 16:30:00,8.55,49.99,49.99,124.6,123.4,86.69,123.4,123.4,123.4,123.4,123.4,8.55,127.15,127.15,70.6,4.5,127.15,8.55,8.55,55.4,79.28
2026-07-30 16:45:00,11.55,49.99,49.99,160.42,134.88,86.57,134.88,134.88,147.34,134.88,134.88,11.55,130.93,130.93,68.7,4.5,130.93,11.55,11.55,81.9,118.34
2026-07-30 17:00:00,8.88,39.1,39.1,163.45,117.86,91.24,117.86,117.86,117.86,117.86,117.86,8.88,122.99,122.99,78.93,5.58,122.99,8.88,8.88,37.36,39.1
2026-07-30 17:15:00,10.09,80.17,80.17,200.79,124.74,91.24,124.74,124.74,140.27,124.74,124.74,10.09,125.41,125.41,77.79,5.59,125.41,10.09,10.09,65.35,80.17
2026-07-30 17:30:00,9.75,121.49,121.49,196.15,136.65,100.25,136.65,136.65,152.94,136.65,136.65,9.75,126.44,130.86,75.09,5.6,126.44,9.75,19.71,94.09,122.02
2026-07-30 17:45:00,13.14,134.38,134.38,201.39,149.94,122.84,149.94,149.94,180.42,149.94,149.94,13.14,130.0,130.0,76.4,5.6,127.61,13.14,29.26,95.09,134.38
2026-07-30 18:00:00,13.0,127.1,127.1,196.92,129.58,129.58,129.58,129.58,181.43,129.58,129.58,13.0,129.89,135.25,80.0,5.57,125.81,13.0,13.0,65.02,127.1
2026-07-30 18:15:00,15.0,138.1,138.1,239.52,142.94,142.94,142.94,142.94,218.73,142.94,142.94,15.0,137.28,137.28,77.49,5.57,125.21,15.0,15.0,85.02,138.1
2026-07-30 18:30:00,25.84,25.84,25.84,242.87,153.97,153.97,153.97,153.97,267.96,153.97,153.97,18.0,139.28,142.38,78.11,5.53,129.92,18.0,18.0,95.09,153.97
2026-07-30 18:45:00,160.95,160.95,160.95,273.34,160.95,160.95,160.95,160.95,331.39,160.95,160.95,19.85,131.44,138.42,74.2,5.42,131.44,19.85,19.85,92.09,160.95
2026-07-30 19:00:00,10.54,123.01,123.01,267.81,159.68,159.68,159.68,159.68,261.5,159.68,159.68,10.54,136.5,136.5,90.54,7.74,133.05,10.54,30.81,86.03,123.01
2026-07-30 19:15:00,5.19,143.0,143.0,302.01,176.68,125.44,176.68,176.68,309.18,176.68,176.68,5.19,136.5,136.5,114.69,5.19,132.69,5.19,28.15,79.03,143.0
2026-07-30 19:30:00,133.64,133.64,133.64,281.89,141.74,141.74,181.44,181.44,358.37,181.44,181.44,7.87,136.5,136.5,105.35,7.87,128.41,7.87,25.95,83.03,133.64
2026-07-30 19:45:00,140.17,140.17,140.17,293.05,159.22,159.22,191.31,191.31,333.58,191.31,191.31,7.55,136.5,136.5,109.23,7.55,128.11,7.55,22.35,78.61,140.17
2026-07-30 20:00:00,141.07,141.07,141.07,272.55,149.88,149.88,189.08,189.08,323.16,189.08,189.08,10.02,135.5,135.5,107.8,8.7,132.7,10.02,35.89,80.68,141.07
2026-07-30 20:15:00,133.7,133.7,133.7,266.47,172.4,172.4,192.79,192.79,302.81,192.79,192.79,7.07,129.89,133.61,106.0,7.07,128.06,7.07,31.99,82.95,133.7
2026-07-30 20:30:00,112.04,112.04,112.04,270.63,185.25,185.25,197.04,197.04,283.21,197.04,197.04,4.84,133.82,133.82,103.35,4.84,127.71,4.84,26.99,75.18,112.04
2026-07-30 20:45:00,98.49,98.49,98.49,276.04,202.19,202.19,209.49,209.49,261.62,209.49,209.49,2.08,133.63,133.63,97.68,2.08,127.56,2.08,20.99,72.26,98.49
2026-07-30 21:00:00,116.23,116.23,116.23,209.8,194.17,194.17,209.8,209.8,238.23,209.8,209.8,17.19,133.09,133.09,106.92,7.88,131.26,17.19,32.39,78.18,116.23
2026-07-30 21:15:00,6.57,104.85,104.85,203.04,194.3,194.3,203.04,203.04,220.93,203.04,203.04,6.57,132.83,132.83,106.85,6.57,132.78,6.57,27.79,67.21,104.85
2026-07-30 21:30:00,4.74,88.64,88.64,202.57,194.66,194.66,202.57,202.57,208.01,202.57,202.57,4.74,133.58,133.58,103.45,4.74,131.49,4.74,24.19,57.5,88.64
2026-07-30 21:45:00,96.88,96.88,96.88,188.6,182.91,182.91,188.6,188.6,192.27,188.6,188.6,10.94,134.0,134.0,103.25,10.44,134.0,10.94,20.79,50.1,96.88
2026-07-30 22:00:00,60.74,60.74,60.74,196.98,196.98,196.98,196.98,196.98,201.12,196.98,196.98,20.98,133.01,133.01,110.2,10.28,126.46,20.98,30.89,30.89,60.74
2026-07-30 22:15:00,31.44,31.44,31.44,188.82,188.82,188.82,188.82,188.82,188.82,188.82,188.82,16.24,132.93,132.93,105.45,10.38,126.81,16.24,22.29,22.29,31.44
2026-07-30 22:30:00,18.69,18.69,18.69,185.16,185.16,185.16,185.16,185.16,178.17,185.16,185.16,15.31,132.78,132.78,103.45,10.24,126.36,15.31,18.69,18.69,18.69
2026-07-30 22:45:00,16.28,16.28,16.28,173.05,173.05,173.05,173.05,173.05,164.2,173.05,173.05,16.28,133.0,135.35,109.82,16.28,126.36,16.28,16.28,16.28,16.28
2026-07-30 23:00:00,18.04,18.04,18.04,178.46,178.46,178.46,178.46,178.46,150.26,178.46,178.46,18.04,133.0,135.35,83.29,18.04,124.41,18.04,18.04,18.04,18.04
2026-07-30 23:15:00,16.1,16.1,16.1,175.01,172.88,172.88,172.88,172.88,124.9,172.88,172.88,16.1,132.91,135.35,82.91,16.1,122.86,16.1,16.1,16.1,16.1
2026-07-30 23:30:00,15.47,15.47,15.47,169.46,169.46,169.46,169.46,169.46,129.46,169.46,169.46,15.47,132.8,135.13,82.75,15.47,122.89,15.47,15.47,15.47,15.47
2026-07-30 23:45:00,-15.38,-15.38,-15.38,159.2,157.64,157.64,157.64,157.64,128.15,157.64,156.93,15.46,131.6,134.75,82.61,15.46,122.81,15.46,15.46,15.46,15.46
2026-07-31 12:00:00,6.96,6.96,6.96,92.33,94.87,94.87,92.33,94.87,69.61,92.33,92.33,6.96,92.33,92.33,67.9,6.96,92.33,6.96,6.96,6.96,39.04
2026-07-31 12:15:00,6.91,6.91,6.91,92.76,92.76,92.76,92.76,92.76,64.73,92.76,92.76,6.91,92.76,92.76,48.43,6.91,92.76,6.91,6.91,6.91,35.09
2026-07-31 12:30:00,7.02,7.02,7.02,88.76,94.67,94.67,88.76,94.67,69.46,88.76,88.76,7.02,88.76,88.76,48.58,7.02,88.76,7.02,7.02,7.02,35.1
2026-07-31 12:45:00,7.18,7.18,7.18,85.19,85.47,85.47,85.19,85.47,64.75,85.19,85.19,7.18,85.19,85.19,43.48,7.18,85.19,7.18,7.18,7.18,50.77
2026-07-31 13:00:00,7.27,7.27,7.27,84.52,89.74,89.74,84.52,89.74,64.64,84.52,84.52,7.27,84.52,84.52,42.4,7.27,84.52,7.27,7.27,7.27,45.23
2026-07-31 13:15:00,7.29,7.29,7.29,84.77,91.93,91.93,84.18,91.93,64.11,84.18,84.18,7.29,84.18,84.18,42.13,7.29,84.18,7.29,7.29,7.29,39.03
2026-07-31 13:30:00,6.98,6.98,6.98,83.74,86.47,86.47,79.2,86.47,63.7,79.2,79.2,6.98,79.2,79.2,35.14,6.98,79.2,6.98,6.98,6.98,38.27
2026-07-31 13:45:00,6.01,6.01,6.01,82.38,82.73,82.73,78.31,82.73,65.91,78.31,78.31,6.01,79.18,79.18,34.58,6.01,79.18,6.01,6.01,6.01,37.47
2026-07-31 14:00:00,6.66,6.66,6.66,75.75,89.56,89.56,75.75,89.56,61.8,75.75,75.75,6.66,75.75,75.75,39.88,6.66,75.75,6.66,6.66,6.66,45.81
2026-07-31 14:15:00,6.7,6.7,6.7,81.43,88.96,88.96,81.43,88.96,81.43,81.43,81.43,6.7,81.43,81.43,40.75,6.7,81.43,6.7,6.7,6.7,35.1
2026-07-31 14:30:00,6.7,6.7,6.7,89.29,91.72,91.72,89.29,91.72,89.29,89.29,89.29,6.7,89.29,89.29,44.0,6.7,89.29,6.7,6.7,6.7,38.87
2026-07-31 14:45:00,6.7,6.7,6.7,92.84,92.84,92.84,92.84,92.84,102.17,92.84,92.84,6.7,92.84,92.84,48.13,6.7,92.84,6.7,6.7,6.7,36.7
2026-07-31 15:00:00,12.25,12.25,12.25,87.47,87.47,87.47,87.47,87.47,87.47,87.47,87.47,12.25,87.47,87.47,63.9,7.49,87.47,12.25,7.49,12.25,39.75
2026-07-31 15:15:00,13.69,13.69,13.69,89.92,89.92,89.92,89.92,89.92,100.53,89.92,89.92,13.69,89.92,89.92,68.75,3.95,89.92,13.69,13.69,13.69,41.98
2026-07-31 15:30:00,14.48,14.48,14.48,94.29,93.29,93.29,93.29,93.29,94.29,93.29,93.29,14.48,93.29,93.29,72.3,5.9,93.29,14.48,14.48,14.48,37.82
2026-07-31 15:45:00,15.57,15.57,15.57,116.91,99.55,99.55,99.55,99.55,116.91,99.55,99.55,15.57,99.55,99.55,53.18,6.15,99.55,15.57,15.57,15.57,39.61
2026-07-31 16:00:00,16.13,35.0,35.0,103.63,103.63,103.63,103.63,103.63,103.63,103.63,103.63,16.13,103.63,103.63,73.85,4.1,103.63,16.13,16.13,16.13,35.72
2026-07-31 16:15:00,17.2,36.99,36.99,106.69,106.69,106.69,106.69,106.69,106.69,106.69,106.69,17.2,106.69,106.69,76.25,4.4,106.69,17.2,17.2,17.2,36.99
2026-07-31 16:30:00,17.58,17.58,17.58,114.51,113.95,113.92,113.95,113.95,113.95,113.95,113.95,17.58,113.95,113.95,60.7,5.5,113.95,17.58,17.58,17.58,41.37
2026-07-31 16:45:00,18.2,18.2,18.2,156.3,120.82,117.47,120.82,120.82,115.01,120.82,120.82,18.2,120.82,120.82,65.89,8.65,120.82,18.2,18.2,38.59,45.92
2026-07-31 17:00:00,20.7,27.6,27.6,192.64,117.27,117.27,117.27,117.27,91.73,117.27,117.27,20.7,128.24,128.24,66.65,6.4,128.24,20.7,20.7,20.7,27.6
2026-07-31 17:15:00,31.77,31.77,31.77,211.9,125.12,125.12,125.12,125.12,100.9,125.12,125.12,19.5,130.19,130.19,70.28,6.45,130.19,19.5,21.49,31.77,31.77
2026-07-31 17:30:00,55.71,55.71,55.71,220.19,140.69,140.69,140.69,140.69,140.69,140.69,140.69,19.5,134.1,134.1,77.6,4.6,134.1,19.5,32.6,54.02,55.71
2026-07-31 17:45:00,71.79,71.79,71.79,240.93,148.91,148.91,148.91,148.91,167.36,148.91,148.91,21.3,139.46,139.46,83.8,4.6,129.49,21.3,41.78,64.02,71.79
2026-07-31 18:00:00,38.06,38.06,38.06,219.53,130.16,130.16,130.16,130.16,168.0,130.16,130.16,14.61,129.65,130.16,69.43,4.95,129.65,14.61,14.61,38.06,38.06
2026-07-31 18:15:00,57.63,57.63,57.63,248.2,144.75,144.75,144.75,144.75,190.22,144.75,144.75,16.09,136.97,136.97,77.2,4.7,129.44,16.09,25.6,54.75,57.63
2026-07-31 18:30:00,20.96,75.58,75.58,246.6,153.84,153.84,155.85,153.84,222.63,155.85,155.85,20.96,136.34,137.05,81.42,6.45,129.34,20.96,54.01,56.08,75.58
2026-07-31 18:45:00,21.54,148.55,148.55,285.67,159.17,159.17,165.28,159.17,278.43,165.28,165.28,21.54,137.44,137.44,83.7,4.6,129.35,21.54,54.02,57.07,103.94
2026-07-31 19:00:00,85.45,85.45,85.45,210.68,146.75,146.75,159.19,146.75,290.27,159.19,159.19,17.22,129.56,137.51,77.7,4.55,129.56,17.22,23.78,83.73,85.45
2026-07-31 19:15:00,85.71,85.71,85.71,210.03,157.38,157.38,168.23,157.38,365.15,168.23,168.23,18.19,139.14,139.14,77.43,4.55,129.94,18.19,24.03,85.71,85.71
2026-07-31 19:30:00,108.1,108.1,108.1,208.21,151.95,151.95,181.3,153.47,382.99,181.3,181.3,19.74,139.12,139.12,77.2,4.6,129.94,19.74,28.2,87.29,108.1
2026-07-31 19:45:00,19.3,116.0,116.0,233.9,165.24,165.24,193.04,165.24,441.59,193.04,193.04,19.3,137.9,137.9,77.6,6.4,129.94,19.3,31.38,91.26,116.0
2026-07-31 20:00:00,96.38,96.38,96.38,204.32,156.85,143.4,176.63,156.85,418.9,176.63,176.63,20.11,139.18,139.18,77.43,4.7,129.64,20.11,23.99,76.1,96.38
2026-07-31 20:15:00,92.6,92.6,92.6,212.18,167.36,167.36,179.21,167.36,414.89,179.21,179.21,19.48,139.18,139.18,76.01,4.7,129.05,19.48,24.01,75.1,92.6
2026-07-31 20:30:00,95.02,95.02,95.02,195.43,181.79,181.79,181.79,181.79,348.04,181.79,181.79,19.78,139.04,139.04,75.79,6.5,129.02,19.78,23.63,75.1,95.02
2026-07-31 20:45:00,98.01,98.01,98.01,188.01,188.01,188.01,188.01,188.01,309.78,188.01,188.01,19.52,138.96,138.96,75.79,5.2,128.96,19.52,23.48,75.09,98.01
2026-07-31 21:00:00,112.44,112.44,112.44,187.17,187.17,187.17,187.17,187.17,315.0,187.17,187.17,20.69,138.63,138.63,75.29,6.9,128.84,20.69,23.81,84.09,112.44
2026-07-31 21:15:00,98.64,98.64,98.64,182.15,182.15,182.15,182.15,182.15,274.81,182.15,182.15,21.17,138.47,138.47,75.72,7.1,128.86,21.17,24.17,78.09,98.64
2026-07-31 21:30:00,95.17,95.17,95.17,180.39,180.39,180.39,180.39,180.39,227.71,180.39,180.39,21.5,136.5,136.5,75.28,7.35,128.83,21.5,23.79,77.09,95.17
2026-07-31 21:45:00,78.94,78.94,78.94,174.48,174.48,174.48,174.48,174.48,202.48,174.48,174.48,20.64,136.45,136.45,75.07,7.45,128.83,20.64,23.23,71.09,78.94
2026-07-31 22:00:00,92.9,92.9,92.9,185.17,185.17,185.17,185.17,185.17,189.97,185.17,185.17,27.92,128.52,138.31,73.3,4.7,128.52,27.92,43.0,65.18,92.9
2026-07-31 22:15:00,72.5,72.5,72.5,182.75,182.75,182.75,182.75,182.75,179.3,182.75,182.75,26.53,128.49,136.95,73.3,4.7,128.49,26.53,30.76,61.1,72.5
2026-07-31 22:30:00,59.4,59.4,59.4,175.18,175.18,175.18,175.18,175.18,171.31,175.18,175.18,21.01,128.39,136.85,73.16,6.45,128.39,21.01,23.99,52.28,59.4
2026-07-31 22:45:00,39.93,39.93,39.93,165.82,165.82,165.82,165.82,165.82,163.09,165.82,165.82,16.54,128.39,136.8,71.77,6.45,128.39,16.54,21.57,38.07,39.93
2026-07-31 23:00:00,78.1,78.1,78.1,166.77,166.77,164.16,166.77,166.77,166.77,166.77,166.77,27.07,127.87,138.37,73.9,6.4,127.87,27.07,32.38,56.44,78.1
2026-07-31 23:15:00,48.81,48.81,48.81,161.79,161.79,161.08,161.79,161.79,162.96,161.79,161.79,26.46,125.5,136.5,71.9,6.3,125.5,26.46,32.24,48.81,48.81
2026-07-31 23:30:00,24.64,40.25,40.25,160.04,160.04,159.86,160.04,160.04,160.04,160.04,160.04,24.64,125.4,136.45,71.04,4.55,125.4,24.64,24.64,40.25,40.25
2026-07-31 23:45:00,0.01,0.01,0.01,157.13,157.13,157.13,157.13,157.13,157.13,157.13,156.18,21.83,124.75,136.2,65.56,4.6,124.75,21.83,21.83,34.45,34.45
2026-08-01 12:00:00,26.17,49.09,49.09,110.99,66.03,4.0,66.03,66.03,118.48,66.03,66.03,26.17,66.03,66.03,66.03,17.37,66.03,26.17,49.09,49.09,49.09
2026-08-01 12:15:00,18.62,44.0,44.0,91.48,44.0,3.43,44.0,44.0,136.01,44.0,44.0,18.62,44.0,44.0,44.0,17.46,44.0,18.62,44.0,44.0,44.0
2026-08-01 12:30:00,33.64,39.42,39.42,84.34,39.42,3.43,39.42,39.42,143.08,39.42,39.42,33.64,39.42,39.42,39.42,10.99,39.42,10.99,39.42,39.42,39.42
2026-08-01 12:45:00,35.45,35.45,35.45,80.29,35.45,1.08,35.45,35.45,142.43,35.45,35.45,35.45,35.45,35.45,35.45,8.76,35.45,8.76,35.45,35.45,35.45
2026-08-01 13:00:00,30.24,30.24,30.24,105.03,30.24,0.56,30.24,30.24,127.95,30.24,30.24,30.24,30.24,30.24,18.29,18.29,30.24,30.24,30.24,30.24,30.24
2026-08-01 13:15:00,27.99,27.99,27.99,85.97,27.99,-19.72,27.99,27.99,138.01,27.99,27.99,27.99,27.99,27.99,27.99,18.17,27.99,27.99,27.99,27.99,27.99
2026-08-01 13:30:00,25.61,25.61,25.61,82.55,25.61,-30.95,25.61,25.61,138.01,25.61,25.61,25.61,25.61,25.61,25.61,17.7,25.61,25.61,25.61,25.61,25.61
2026-08-01 13:45:00,23.92,23.92,23.92,81.85,23.92,-32.45,23.92,23.92,138.0,23.92,23.92,23.92,23.92,23.92,23.92,18.14,23.92,23.92,23.92,23.92,23.92
2026-08-01 14:00:00,23.3,23.3,23.3,88.58,23.3,0.88,23.3,23.3,138.01,23.3,23.3,23.3,23.3,23.3,23.3,-0.02,23.3,23.3,23.3,23.3,23.3
2026-08-01 14:15:00,22.62,22.62,22.62,84.26,22.62,-17.32,22.62,22.62,139.04,22.62,22.62,22.62,22.62,22.62,22.62,-0.01,22.62,22.62,22.62,22.62,22.62
2026-08-01 14:30:00,22.04,22.04,22.04,84.34,22.04,-24.64,22.04,22.04,146.92,22.04,22.04,22.04,22.04,22.04,22.04,6.62,22.04,22.04,22.04,22.04,22.04
2026-08-01 14:45:00,23.91,23.91,23.91,97.59,23.91,1.08,23.91,23.91,140.04,23.91,23.91,23.91,23.91,23.91,19.35,19.35,23.91,19.35,23.91,23.91,23.91
2026-08-01 15:00:00,19.02,19.02,19.02,69.89,19.02,0.95,19.02,19.02,141.92,19.02,19.02,19.02,19.02,19.02,19.02,6.01,19.02,6.01,19.02,19.02,19.02
2026-08-01 15:15:00,20.61,20.61,20.61,78.13,20.61,1.05,20.61,20.61,118.42,20.61,20.61,20.61,20.61,20.61,20.61,-1.86,20.61,-1.86,20.61,20.61,20.61
2026-08-01 15:30:00,22.83,22.83,22.83,88.85,22.83,1.0,22.83,22.83,142.0,22.83,22.83,22.83,22.83,22.83,22.83,14.4,22.83,14.4,22.83,22.83,22.83
2026-08-01 15:45:00,26.73,26.73,26.73,114.96,26.73,1.0,26.73,26.73,152.24,26.73,26.73,26.73,54.59,54.59,26.73,14.99,54.59,14.99,26.73,26.73,26.73
2026-08-01 16:00:00,24.62,24.62,24.62,72.86,24.62,1.75,24.62,24.62,157.73,24.62,24.62,24.62,24.62,24.62,24.62,-0.02,24.62,24.62,24.62,24.62,24.62
2026-08-01 16:15:00,33.87,33.87,33.87,113.62,33.87,3.43,33.87,33.87,126.92,33.87,33.87,33.87,33.87,33.87,33.87,0.1,33.87,18.31,33.87,33.87,33.87
2026-08-01 16:30:00,27.33,27.33,27.33,173.21,67.57,2.0,67.57,67.57,119.11,67.57,67.57,27.33,91.98,91.98,27.33,0.36,96.25,20.61,27.33,27.33,27.33
2026-08-01 16:45:00,36.01,36.01,36.01,186.2,91.96,4.0,91.96,91.96,118.2,91.96,91.96,36.01,97.45,97.45,36.01,0.5,104.5,36.01,36.01,36.01,36.01
2026-08-01 17:00:00,22.37,41.16,41.16,149.16,90.0,3.43,90.0,90.0,97.24,90.0,90.0,22.37,90.0,99.48,85.75,-0.19,99.48,5.9,22.37,22.37,41.16
2026-08-01 17:15:00,24.98,103.44,103.44,165.3,103.44,15.5,103.44,103.44,103.44,103.44,103.44,24.98,111.88,111.88,85.31,-0.2,111.88,7.37,24.98,24.98,46.65
2026-08-01 17:30:00,31.41,54.09,54.09,189.0,121.69,36.97,121.69,121.69,121.69,121.69,121.69,31.41,121.45,121.45,69.17,-0.17,121.45,13.33,31.41,31.41,54.09
2026-08-01 17:45:00,57.62,57.62,57.62,204.44,127.74,101.89,127.74,127.74,127.74,127.74,127.74,37.07,126.09,126.09,75.18,-0.14,126.09,15.92,37.07,37.07,57.62
2026-08-01 18:00:00,44.21,44.21,44.21,171.95,119.6,108.48,119.6,119.6,119.6,119.6,119.6,24.09,124.61,124.61,95.95,5.91,124.61,24.09,24.09,24.09,44.21
2026-08-01 18:15:00,49.0,49.0,49.0,205.99,131.53,130.2,131.53,131.53,131.53,131.53,131.53,41.13,134.33,134.33,96.75,5.93,126.61,28.28,28.28,41.13,49.0
2026-08-01 18:30:00,52.67,52.67,52.67,204.46,151.05,149.01,151.05,151.05,151.05,151.05,151.05,44.79,142.3,142.3,79.92,5.94,126.42,32.46,32.46,44.79,52.67
2026-08-01 18:45:00,57.01,57.01,57.01,222.19,157.83,157.83,157.83,157.83,157.83,157.83,157.83,47.64,143.43,143.43,78.78,5.95,126.43,38.25,38.25,47.64,57.01
2026-08-01 19:00:00,41.39,50.35,50.35,186.09,143.96,143.96,143.96,143.96,150.54,143.96,143.96,41.39,143.27,143.27,101.25,6.55,125.93,28.51,28.51,41.39,50.35
2026-08-01 19:15:00,52.73,52.73,52.73,203.62,153.14,153.14,153.14,153.14,166.93,153.14,153.14,44.49,139.43,139.43,102.1,6.66,125.96,30.67,30.67,44.79,52.73
2026-08-01 19:30:00,54.12,54.12,54.12,219.13,165.85,165.85,165.85,165.85,167.81,165.85,165.85,41.4,143.43,143.43,103.85,6.87,126.03,31.55,31.55,49.86,54.12
2026-08-01 19:45:00,54.18,54.18,54.18,230.0,177.05,177.05,177.05,177.05,173.59,177.05,177.05,40.89,143.37,143.37,104.1,6.85,126.03,27.27,27.27,53.26,54.18
2026-08-01 20:00:00,53.55,53.55,53.55,194.8,169.11,169.11,169.11,169.11,158.0,169.11,169.11,33.01,142.78,142.78,84.15,0.61,126.79,28.36,28.36,47.61,53.55
2026-08-01 20:15:00,53.95,53.95,53.95,200.27,172.86,166.29,172.86,172.86,166.66,172.86,172.86,35.7,143.25,143.25,86.46,0.62,126.79,26.34,26.34,53.49,53.95
2026-08-01 20:30:00,50.53,50.53,50.53,193.36,176.81,175.35,176.81,176.81,166.04,176.81,176.81,27.02,143.22,143.22,83.13,6.82,126.79,25.21,25.21,50.53,50.53
2026-08-01 20:45:00,48.84,48.84,48.84,198.93,179.7,177.57,179.7,179.7,177.69,179.7,179.7,31.95,143.49,143.49,82.48,6.82,126.79,23.32,23.32,48.84,48.84
2026-08-01 21:00:00,57.66,57.66,57.66,183.85,181.4,181.4,181.4,181.4,181.46,181.4,181.4,29.84,143.39,143.39,78.53,6.74,126.48,28.38,28.38,57.66,57.66
2026-08-01 21:15:00,74.63,74.63,74.63,186.17,181.92,181.92,181.92,181.92,181.36,181.92,181.92,25.27,139.43,139.43,77.28,6.75,126.42,25.27,25.27,57.8,70.13
2026-08-01 21:30:00,62.57,62.57,62.57,187.83,177.77,177.77,177.77,177.77,178.9,177.77,177.77,23.43,139.43,139.43,78.42,6.83,126.49,22.47,22.47,43.57,51.22
2026-08-01 21:45:00,119.48,119.48,119.48,176.7,173.08,173.08,173.08,173.08,173.08,173.08,173.08,17.41,139.43,139.43,78.33,17.41,126.49,17.41,18.35,38.37,47.7
2026-08-01 22:00:00,138.99,138.99,138.99,183.81,182.21,182.21,182.21,182.21,158.83,182.21,182.21,39.03,139.43,139.43,77.0,8.89,126.01,26.99,26.99,39.03,57.0
2026-08-01 22:15:00,142.71,142.71,142.71,183.0,177.85,177.85,177.85,177.85,142.71,177.85,177.85,25.09,139.43,139.43,75.45,8.89,127.05,25.09,25.09,25.09,60.44
2026-08-01 22:30:00,171.34,171.34,171.34,172.51,172.51,172.51,172.51,172.51,167.61,172.51,172.51,20.79,139.43,139.43,74.0,8.94,126.2,20.79,20.79,20.79,47.95
2026-08-01 22:45:00,51.29,51.29,51.29,167.12,167.12,167.12,167.12,167.12,167.12,167.12,167.12,16.44,139.43,139.43,72.45,8.93,126.19,16.44,16.44,16.44,51.29
2026-08-01 23:00:00,149.84,149.84,149.84,180.17,171.21,171.21,171.21,171.21,149.84,171.21,171.21,24.0,143.39,143.39,74.15,9.27,125.86,24.0,24.0,24.0,57.86
2026-08-01 23:15:00,168.0,168.0,168.0,172.7,168.0,168.0,168.0,168.0,168.0,168.0,168.0,18.99,139.43,139.43,72.83,8.4,125.9,18.99,18.99,18.99,51.91
2026-08-01 23:30:00,166.05,166.05,166.05,175.51,166.05,166.05,166.05,166.05,166.05,166.05,166.05,15.99,139.43,139.43,71.3,8.8,125.89,15.99,15.99,15.99,48.25
2026-08-01 23:45:00,156.1,156.1,156.1,159.87,156.1,156.1,156.1,156.1,156.1,156.1,158.65,7.35,139.43,139.43,75.48,7.35,125.88,7.35,14.01,14.01,45.75
2026-08-02 12:00:00,-2.93,-2.93,-2.93,18.86,-13.1,-13.1,-13.1,-13.1,80.52,-2.93,-2.93,-2.93,-2.55,-2.55,-2.55,-2.93,4.31,-2.93,-2.93,-2.93,-2.93
2026-08-02 12:15:00,-4.64,-4.64,-4.64,4.32,-12.47,-12.47,-12.47,-12.47,55.92,-4.64,-4.64,-4.64,-2.79,-2.79,-2.79,-4.64,6.7,-4.64,-4.64,-4.64,-4.64
2026-08-02 12:30:00,-3.44,-3.44,-3.44,8.5,-11.62,-11.62,-11.62,-11.62,61.34,-3.44,-3.44,-3.44,0.71,0.71,-2.99,-3.44,6.31,-3.44,-3.44,-3.44,-3.44
2026-08-02 12:45:00,-2.91,-2.91,-2.91,1.92,-13.08,-13.08,-13.08,-13.08,49.49,-2.91,-2.91,-2.91,0.6,0.6,-2.91,-2.91,8.41,-2.91,-2.91,-2.91,-2.91
2026-08-02 13:00:00,-0.01,-2.2,-0.01,19.76,-18.97,-18.97,-18.97,-18.97,60.34,-2.2,-2.2,-0.01,0.9,0.9,-2.2,-2.2,10.83,-2.2,-2.2,-2.2,-2.2
2026-08-02 13:15:00,-0.01,-1.99,-0.01,13.2,-21.16,-21.16,-21.16,-21.16,57.62,-1.99,-1.99,-0.01,0.64,0.64,-1.99,-1.99,12.41,-1.99,-1.99,-1.99,-1.99
2026-08-02 13:30:00,-0.01,-2.0,-0.01,15.29,-20.8,-20.8,-20.8,-20.8,60.08,-2.0,-2.0,-0.01,0.51,0.51,-2.0,-2.0,12.92,-2.0,-2.0,-2.0,-2.0
2026-08-02 13:45:00,-1.93,-1.93,-1.93,12.5,-20.67,-20.67,-20.67,-20.67,60.02,-1.93,-1.93,-1.93,13.7,1.0,-1.93,-1.93,13.7,-1.93,-1.93,-1.93,-1.93
2026-08-02 14:00:00,-1.09,-5.99,-1.09,21.02,-13.51,-13.51,-13.51,-13.51,53.19,-5.99,-5.99,-1.09,0.75,0.75,-3.0,-5.99,5.82,-5.99,-5.99,-5.99,-5.99
2026-08-02 14:15:00,-1.22,-3.49,-1.22,15.82,-15.17,-15.17,-15.17,-15.17,51.97,-3.49,-3.49,-1.22,0.75,0.75,-3.49,-3.49,5.91,-3.49,-3.49,-3.49,-3.49
2026-08-02 14:30:00,-8.0,-9.53,-8.0,21.21,-13.48,-13.48,-13.48,-13.48,54.8,-9.53,-9.53,-8.0,1.22,1.22,-9.53,-9.53,6.3,-9.53,-9.53,-9.53,-9.53
2026-08-02 14:45:00,-1.17,-1.17,-1.17,19.24,-14.11,-14.11,-14.11,-14.11,47.96,-3.26,-3.26,-1.17,1.32,1.32,-3.26,-3.26,6.39,-3.26,-3.26,-3.26,-3.26
2026-08-02 15:00:00,-1.24,-1.24,-1.24,9.88,-13.01,-13.01,-13.01,-13.01,49.74,-13.01,-1.24,-1.24,7.4,7.4,-1.24,-1.24,7.4,-1.24,-1.24,-1.24,-1.24
2026-08-02 15:15:00,-1.01,-1.01,-1.01,7.17,-10.04,-10.04,-10.04,-10.04,51.86,-10.04,-1.01,-1.01,15.41,15.41,-1.01,-1.01,15.41,-1.01,-1.01,-1.01,-1.01
2026-08-02 15:30:00,0.19,0.19,0.19,26.58,-5.82,-5.82,-5.82,-5.82,46.91,-5.82,0.19,0.19,16.5,16.5,0.19,0.19,16.5,0.19,0.19,0.19,0.19
2026-08-02 15:45:00,5.1,5.1,5.1,26.64,-8.31,-8.31,-8.31,-8.31,44.59,-8.28,5.1,5.1,15.5,15.5,5.1,5.1,15.5,5.1,5.1,5.1,5.1
2026-08-02 16:00:00,-6.86,-6.86,-6.86,24.22,-11.76,-11.76,-11.76,-11.76,36.33,-6.86,-6.86,-6.86,25.0,25.0,-6.86,-6.86,25.0,-6.86,-6.86,-6.86,-6.86
2026-08-02 16:15:00,-4.1,-4.1,-4.1,34.57,-6.0,-6.0,-6.0,-6.0,76.56,-4.1,-4.1,-4.1,27.5,27.5,-2.53,-4.1,27.5,-4.1,-4.1,-4.1,-4.1
2026-08-02 16:30:00,-0.67,-0.67,-0.67,116.51,-0.67,-0.67,-0.67,-0.67,84.83,-0.67,-0.67,-0.67,81.75,81.75,17.72,-0.67,89.05,-0.67,-0.67,-0.67,-0.67
2026-08-02 16:45:00,0.68,0.68,0.68,155.09,0.68,0.0,0.68,0.68,113.72,0.68,4.73,4.73,107.55,107.55,16.48,4.73,107.55,4.73,4.73,4.73,4.73
2026-08-02 17:00:00,6.31,6.31,6.31,85.9,6.31,4.0,6.31,6.31,90.72,6.31,2.26,2.26,44.26,44.26,2.26,2.26,44.26,2.26,2.26,2.26,2.26
2026-08-02 17:15:00,18.03,18.03,18.03,149.49,32.41,22.28,32.41,32.41,132.16,32.41,32.41,18.03,79.97,79.97,18.03,5.38,79.97,18.03,18.03,18.03,18.03
2026-08-02 17:30:00,24.34,24.34,24.34,150.73,72.6,30.58,72.6,72.6,140.91,72.6,72.6,24.34,79.01,79.01,24.34,5.38,79.01,24.34,24.34,24.34,24.34
2026-08-02 17:45:00,26.14,26.14,26.14,169.09,100.01,100.01,100.01,100.01,187.93,100.01,100.01,26.14,93.6,93.6,39.67,5.38,93.6,26.14,34.35,34.35,34.35
2026-08-02 18:00:00,19.8,19.8,19.8,159.44,91.82,91.82,91.82,91.82,109.07,91.82,91.82,19.8,111.69,111.69,74.35,5.47,111.69,11.58,11.58,11.58,11.58
2026-08-02 18:15:00,19.87,19.87,19.87,178.01,121.39,121.39,121.39,121.39,121.39,121.39,121.39,19.87,122.26,122.26,70.15,5.46,122.26,19.16,19.87,19.87,19.87
2026-08-02 18:30:00,26.71,26.71,26.71,186.82,146.74,146.74,146.74,146.74,146.74,146.74,146.74,26.71,126.0,126.0,56.3,5.45,126.0,26.71,26.71,26.71,26.71
2026-08-02 18:45:00,31.89,90.03,90.03,198.93,159.0,159.0,159.0,159.0,185.84,159.0,159.0,31.89,138.76,138.76,61.1,5.44,130.6,31.89,31.89,31.89,47.82
2026-08-02 19:00:00,23.22,23.22,23.22,174.87,153.54,153.54,153.54,153.54,203.12,153.54,153.54,23.22,130.55,144.66,45.82,6.14,130.55,23.22,23.22,23.22,23.22
2026-08-02 19:15:00,23.93,38.12,38.12,190.95,164.85,164.85,164.85,164.85,216.46,164.85,164.85,23.93,130.9,146.41,45.82,6.14,130.9,23.93,23.93,38.12,38.12
2026-08-02 19:30:00,23.1,75.1,75.1,186.53,176.99,176.99,176.99,176.99,244.18,176.99,176.99,23.1,148.95,149.9,45.82,6.14,131.3,23.1,23.1,41.57,41.57
2026-08-02 19:45:00,27.0,88.34,88.34,200.74,185.99,185.99,185.99,185.99,254.11,185.99,185.99,27.0,149.97,150.7,45.83,6.14,131.3,27.0,27.0,43.86,43.86
2026-08-02 20:00:00,23.87,58.17,58.17,198.75,166.64,165.43,177.99,172.91,220.27,177.99,177.99,23.87,128.85,149.21,45.93,6.44,128.85,23.87,23.87,42.02,42.02
2026-08-02 20:15:00,22.88,61.45,61.45,190.49,180.99,180.04,180.99,180.99,223.23,180.99,180.99,22.88,128.85,150.79,45.88,6.44,128.85,22.88,22.88,41.99,41.99
2026-08-02 20:30:00,24.0,59.87,59.87,192.21,187.54,187.54,187.54,187.54,232.94,187.54,187.54,24.0,130.15,149.41,45.84,6.45,130.15,24.0,24.0,41.72,41.72
2026-08-02 20:45:00,23.0,37.76,37.76,200.99,186.99,186.99,186.99,186.99,259.63,186.99,186.99,23.0,130.18,149.36,48.59,6.45,130.18,23.0,23.18,37.76,37.76
2026-08-02 21:00:00,24.01,43.08,43.08,199.33,194.76,189.48,186.28,186.28,237.53,186.28,186.28,24.01,126.58,151.01,45.85,7.05,126.58,24.01,26.99,43.08,43.08
2026-08-02 21:15:00,24.0,43.75,43.75,192.04,184.13,184.07,177.27,177.27,221.01,177.27,177.27,24.0,126.66,151.5,45.88,7.06,126.66,24.0,25.26,43.75,43.75
2026-08-02 21:30:00,23.0,41.4,41.4,183.42,179.48,179.48,171.0,171.0,217.11,171.0,171.0,23.0,126.53,151.01,45.84,6.97,126.53,23.0,23.3,41.4,41.4
2026-08-02 21:45:00,20.0,37.02,37.02,179.47,177.29,177.29,165.73,165.73,187.09,165.73,165.73,20.0,126.5,150.82,45.85,6.87,126.5,20.0,21.99,37.02,37.02
2026-08-02 22:00:00,15.04,105.15,105.15,179.91,177.65,187.9,177.65,177.65,177.65,177.65,177.65,15.04,126.66,151.27,45.84,6.68,126.66,15.04,27.99,37.15,37.15
2026-08-02 22:15:00,12.35,40.01,40.01,172.24,163.7,177.06,163.7,163.7,157.94,163.7,163.7,12.35,126.66,149.41,45.85,6.69,126.66,12.35,23.1,40.01,40.01
2026-08-02 22:30:00,19.19,29.31,29.31,167.83,172.32,174.45,161.0,161.0,154.26,161.0,161.0,19.19,125.85,149.41,45.85,6.6,125.85,19.19,19.19,29.31,29.31
2026-08-02 22:45:00,15.01,18.0,18.0,159.31,163.35,168.6,156.03,156.03,150.14,156.03,156.03,15.01,125.85,148.61,45.86,6.51,125.85,15.01,17.47,18.0,18.0
2026-08-02 23:00:00,11.53,120.62,120.62,180.69,168.98,186.64,158.3,158.3,158.3,158.3,158.3,11.53,125.65,149.41,45.84,6.22,125.65,11.53,13.93,34.71,34.71
2026-08-02 23:15:00,7.59,110.15,110.15,165.21,153.0,172.44,153.0,153.0,154.3,153.0,153.0,7.59,127.7,145.43,45.84,6.08,127.7,7.59,10.23,30.5,30.5
2026-08-02 23:30:00,6.03,103.81,103.81,159.21,147.36,170.4,147.36,147.36,147.36,147.36,147.36,6.03,127.7,143.01,45.94,6.03,127.7,6.03,6.03,24.95,24.95
2026-08-02 23:45:00,104.24,104.24,104.24,146.4,143.99,140.04,140.04,130.25,140.04,140.04,132.97,6.06,131.8,137.81,46.9,6.06,131.8,6.06,10.02,18.75,18.75
2026-08-03 12:00:00,22.24,24.79,22.24,58.03,119.25,119.25,73.89,41.5,33.16,73.89,73.89,22.24,73.89,73.89,25.5,9.46,73.89,22.24,24.79,24.79,24.79
2026-08-03 12:15:00,19.74,20.84,19.74,37.51,120.77,113.66,58.01,13.17,20.84,58.01,58.01,19.74,62.11,62.11,23.9,9.53,62.11,19.74,20.84,20.84,20.84
2026-08-03 12:30:00,25.85,25.85,25.85,23.53,115.98,113.31,54.38,-2.49,37.62,54.38,54.38,25.85,61.78,61.78,25.85,9.4,61.78,25.85,25.85,25.85,25.85
2026-08-03 12:45:00,15.04,27.73,27.73,16.76,105.2,105.2,47.66,-7.69,40.4,47.66,47.66,15.04,61.87,61.87,27.73,9.55,61.87,15.04,27.73,27.73,27.73
2026-08-03 13:00:00,17.82,20.62,20.62,52.2,103.78,103.78,54.01,0.89,50.32,54.01,54.01,17.82,100.0,100.0,44.21,10.17,100.0,17.82,20.62,20.62,20.62
2026-08-03 13:15:00,16.42,19.09,19.09,55.98,99.61,99.61,47.41,1.11,51.0,47.41,47.41,16.42,100.5,100.5,45.45,10.06,100.5,16.42,19.09,19.09,19.09
2026-08-03 13:30:00,14.02,16.05,16.05,53.0,92.09,92.09,34.33,-0.03,65.37,34.33,34.33,14.02,101.2,101.2,44.63,10.14,101.2,13.37,16.05,16.05,16.05
2026-08-03 13:45:00,14.23,16.4,16.4,63.96,95.0,95.0,27.82,-0.44,73.3,27.82,27.82,14.23,101.2,101.2,43.26,10.11,101.2,14.23,16.4,16.4,16.4
2026-08-03 14:00:00,12.76,15.51,15.51,77.19,99.11,99.11,32.32,-15.85,68.08,32.32,32.32,12.76,95.25,95.25,42.63,9.8,95.25,12.76,15.51,15.51,15.51
2026-08-03 14:15:00,15.33,17.06,17.06,95.11,105.68,105.68,41.82,-6.58,87.47,41.82,41.82,15.33,92.62,92.62,43.34,8.69,92.62,15.33,17.06,17.06,17.06
2026-08-03 14:30:00,16.64,16.64,16.64,86.72,98.21,98.21,56.96,-3.36,94.6,56.96,56.96,16.64,89.14,89.14,44.25,8.25,89.14,16.64,16.64,16.64,16.64
2026-08-03 14:45:00,17.5,17.5,17.5,109.74,105.0,105.0,71.42,2.65,95.82,71.42,71.42,17.5,88.55,88.55,43.61,9.5,88.55,17.5,17.5,17.5,17.5
2026-08-03 15:00:00,15.67,15.67,15.67,110.81,127.22,127.22,66.26,-3.27,84.82,66.26,66.26,15.67,70.44,70.44,37.85,9.65,70.44,15.67,15.67,15.67,15.67
2026-08-03 15:15:00,19.51,19.58,19.58,132.69,130.04,130.04,81.23,22.32,106.04,81.23,81.23,19.51,81.23,81.23,38.35,9.5,81.23,19.51,19.58,19.58,19.58
2026-08-03 15:30:00,21.61,21.88,21.88,138.0,132.4,132.4,97.29,79.5,121.85,97.29,97.29,21.61,101.23,100.82,51.06,9.95,101.23,21.61,21.88,21.88,21.88
2026-08-03 15:45:00,23.71,24.42,24.42,143.78,133.17,133.17,109.98,109.98,127.3,109.98,109.98,23.71,111.96,111.96,54.42,9.95,111.96,23.71,24.42,24.42,24.42
2026-08-03 16:00:00,16.0,16.0,16.0,130.0,130.0,130.0,107.91,107.91,117.74,107.91,107.91,16.0,107.91,107.91,54.35,9.3,107.91,16.0,16.0,16.0,16.0
2026-08-03 16:15:00,20.44,20.44,20.44,138.66,132.53,132.53,118.97,118.97,118.97,118.97,118.97,20.44,118.97,118.97,60.5,9.49,118.97,20.07,20.44,20.44,20.44
2026-08-03 16:30:00,23.41,25.05,25.05,160.18,132.13,132.13,132.13,132.13,132.13,132.13,132.13,23.41,132.13,132.13,67.85,9.65,124.07,23.0,23.65,25.05,25.05
2026-08-03 16:45:00,26.88,28.64,28.64,171.48,140.35,140.35,140.35,140.35,140.35,140.35,140.35,26.88,140.35,140.35,70.05,9.7,123.45,26.88,26.88,28.64,28.64
2026-08-03 17:00:00,20.69,20.69,20.69,149.62,132.29,132.29,132.29,132.29,134.48,132.29,132.29,20.69,132.29,132.29,65.23,10.04,132.29,20.57,20.57,20.69,20.69
2026-08-03 17:15:00,26.51,66.47,66.47,174.5,138.67,138.67,138.67,138.67,150.35,138.67,138.67,26.51,127.6,147.76,67.95,10.48,127.6,24.46,24.46,53.31,66.47
2026-08-03 17:30:00,26.81,126.73,126.73,214.75,155.06,155.06,155.06,155.06,157.74,155.06,155.06,26.81,136.15,155.63,70.53,10.1,128.75,26.81,29.21,88.37,126.73
2026-08-03 17:45:00,28.41,172.4,172.4,268.6,172.4,172.4,172.4,172.4,190.93,172.4,172.4,28.41,137.92,157.22,71.33,9.63,128.75,28.41,68.74,100.0,172.4
2026-08-03 18:00:00,25.28,152.58,152.58,214.61,152.58,152.58,152.58,152.58,229.57,152.58,152.58,25.28,127.5,152.58,87.35,10.51,127.5,25.28,25.28,89.06,152.58
2026-08-03 18:15:00,33.38,167.24,167.24,228.3,167.24,167.24,167.24,167.24,257.8,167.24,167.24,33.38,127.5,148.5,95.62,10.51,127.5,33.38,41.59,98.73,167.24
2026-08-03 18:30:00,178.34,178.34,178.34,229.79,178.34,178.34,178.34,178.34,236.11,178.34,178.34,26.96,139.76,147.9,100.07,10.31,127.9,26.96,45.48,104.61,178.34
2026-08-03 18:45:00,191.46,191.46,191.46,276.63,191.46,191.46,191.46,191.46,328.53,191.46,191.46,28.61,142.75,151.61,95.9,9.51,130.65,28.61,72.11,106.1,191.46
2026-08-03 19:00:00,176.63,176.63,176.63,224.28,176.63,176.63,176.63,176.63,336.97,176.63,176.63,37.58,143.88,153.2,73.53,8.4,130.95,37.58,68.12,109.14,176.63
2026-08-03 19:15:00,172.64,172.64,172.64,223.49,191.09,191.09,191.09,191.09,387.12,191.09,191.09,38.93,146.76,161.09,71.05,8.31,131.05,38.93,68.2,112.52,172.64
2026-08-03 19:30:00,173.97,173.97,173.97,231.15,199.99,199.99,199.99,199.99,488.97,199.99,199.99,40.99,148.81,165.49,67.65,8.11,131.45,40.99,40.99,115.92,173.97
2026-08-03 19:45:00,179.25,179.25,179.25,247.7,227.92,227.92,227.92,227.92,506.93,227.92,227.92,41.63,151.7,171.29,65.23,8.06,131.75,41.63,41.63,119.82,179.25
2026-08-03 20:00:00,172.36,172.36,172.36,197.68,197.68,197.68,197.68,197.68,407.08,197.68,197.68,45.0,146.86,158.2,104.72,7.6,131.85,45.0,70.07,113.63,172.36
2026-08-03 20:15:00,170.59,170.59,170.59,191.88,191.88,191.88,191.88,191.88,384.45,180.64,191.88,42.0,147.26,180.64,106.23,7.34,132.1,42.0,42.0,113.34,170.59
2026-08-03 20:30:00,175.82,175.82,175.82,200.01,200.01,200.01,200.01,194.15,325.9,194.15,200.01,40.54,147.16,161.19,109.55,7.04,131.9,40.54,40.54,112.32,175.82
2026-08-03 20:45:00,181.52,181.52,181.52,208.25,208.25,208.25,208.25,197.52,300.69,192.52,208.25,37.28,147.11,160.25,110.19,6.7,131.85,37.28,37.28,111.37,181.52
2026-08-03 21:00:00,183.74,183.74,183.74,226.05,203.7,203.7,203.7,198.7,296.2,203.7,203.7,34.0,147.01,161.39,87.35,7.85,131.45,34.0,40.41,113.48,183.74
2026-08-03 21:15:00,184.76,184.76,184.76,212.31,194.88,194.88,194.88,191.09,260.08,191.09,194.88,39.53,146.86,161.09,88.15,7.14,131.4,39.53,39.53,112.62,184.76
2026-08-03 21:30:00,181.0,181.0,181.0,200.23,191.7,191.7,191.7,188.58,249.18,188.58,191.7,38.64,146.13,159.69,92.85,7.13,131.15,38.64,38.64,110.52,181.0
2026-08-03 21:45:00,188.63,188.63,188.63,182.84,180.51,180.51,180.51,175.54,212.87,164.67,188.63,36.61,144.18,151.25,94.1,6.8,130.9,36.61,36.61,107.42,188.63
2026-08-03 22:00:00,187.19,187.19,187.19,225.56,195.31,195.31,195.31,187.45,188.11,187.19,187.19,40.78,143.47,152.57,116.41,6.8,131.05,25.74,43.09,109.98,187.19
2026-08-03 22:15:00,184.28,184.28,184.28,237.1,184.28,184.28,184.28,184.28,167.92,182.44,184.28,37.89,142.07,152.35,118.65,6.85,130.4,37.89,39.41,107.18,184.28
2026-08-03 22:30:00,179.29,179.29,179.29,231.15,184.76,184.76,179.29,179.29,177.04,179.29,179.29,34.1,140.74,148.1,112.83,6.85,128.75,34.1,36.03,105.76,179.29
2026-08-03 22:45:00,169.13,169.13,169.13,204.36,170.48,170.48,169.13,164.98,166.93,164.98,169.13,27.6,140.37,150.9,108.87,6.85,128.75,27.6,32.83,95.68,169.13
2026-08-03 23:00:00,30.69,165.92,165.92,194.92,171.24,171.24,171.24,171.24,165.92,171.24,171.24,30.69,138.87,147.2,100.64,9.33,128.75,30.69,30.69,101.84,165.92
2026-08-03 23:15:00,27.14,166.88,166.88,181.78,166.88,166.88,166.88,166.88,166.88,166.88,166.88,27.14,138.66,145.5,91.78,9.49,128.75,27.14,27.14,95.26,166.88
2026-08-03 23:30:00,31.53,160.91,160.91,179.93,160.91,160.91,160.91,160.91,160.91,160.91,160.91,31.53,128.2,145.0,85.0,9.64,128.2,31.53,31.53,90.56,160.91
2026-08-03 23:45:00,151.41,151.41,151.41,165.57,151.41,151.41,151.41,145.87,142.87,149.96,144.42,18.17,129.1,142.95,80.2,9.45,129.1,18.17,26.08,83.36,144.42
