date,EE_buy,EE_sell,LT_buy,LT_sell,LV_buy,LV_sell,AT_buy,AT_sell,BE_buy,BE_sell,FR_buy,FR_sell,GER_buy,GER_sell,NL_buy,NL_sell,PL_buy,PL_sell,DK1_buy,DK1_sell,DK2_buy,DK2_sell,FI_buy,FI_sell,NO1_buy,NO1_sell,NO2_buy,NO2_sell,NO3_buy,NO3_sell,NO4_buy,NO4_sell,NO5_buy,NO5_sell,SE1_buy,SE1_sell,SE2_buy,SE2_sell,SE3_buy,SE3_sell,SE4_buy,SE4_sell
2025-07-22 00:00:00,649.8,178.2,1034.5,157.9,569.9,534.0,75.0,13.5,404.5,28.6,201.3,2662.4,1538.2,2899.8,1123.4,330.4,243.6,47.4,959.3,266.1,394.6,89.0,4349.1,4082.8,1863.5,1290.0,3922.0,6745.7,2387.4,2889.4,1375.4,2186.4,1065.0,2898.4,942.3,2953.2,1260.8,5086.5,5804.9,4353.7,1484.9,183.2
2025-07-22 01:00:00,632.7,167.5,995.2,158.6,549.2,534.1,84.0,7.6,404.4,28.6,219.1,2672.5,1447.6,2934.0,1088.0,409.6,158.5,53.0,946.7,293.7,394.1,113.1,4201.0,4055.1,1753.3,1268.2,3786.4,6054.2,2346.4,2714.1,1344.7,2390.6,1043.8,2850.7,915.3,2618.2,1236.9,4835.7,5592.4,4355.1,1395.4,156.5
2025-07-22 02:00:00,626.3,164.8,981.8,161.5,537.7,534.1,176.0,0.0,378.1,28.6,193.9,2702.7,2003.3,2925.0,1072.9,472.8,162.3,46.6,930.3,232.9,385.5,121.6,4084.4,4022.5,1674.1,1248.8,3814.5,5667.4,2319.7,2590.6,1337.3,2406.6,1026.6,2810.2,901.4,2566.0,1219.0,4620.6,5476.8,4353.2,1361.3,169.6
2025-07-22 03:00:00,615.0,172.3,980.7,164.3,527.2,534.1,154.5,0.0,375.6,28.6,213.9,2732.4,1563.1,2971.1,1059.4,497.3,160.6,54.0,911.2,226.9,388.3,139.1,3987.0,3998.8,1640.9,1296.3,3787.4,5260.1,2298.9,2584.9,1323.1,2383.4,1018.4,2752.4,897.0,2521.4,1125.3,4473.0,5382.0,4372.3,1365.5,203.8
2025-07-22 04:00:00,624.4,172.4,1017.5,167.4,543.3,535.3,123.0,0.1,405.7,28.2,199.7,2728.4,1346.4,3039.4,1076.5,466.8,155.1,55.0,900.0,228.0,387.6,180.1,4140.6,3979.2,1584.1,1292.4,3695.0,4996.0,2307.6,2570.9,1318.9,2409.7,1010.3,2462.9,911.4,2697.4,1158.7,4577.4,5235.9,4426.4,1333.4,236.6
2025-07-22 05:00:00,654.6,170.1,1115.8,186.1,594.5,552.1,27.0,8.0,392.3,28.3,128.9,2699.3,1488.4,3165.2,1062.3,471.5,189.0,55.0,859.9,366.7,389.4,224.4,4497.6,4052.7,1615.1,1321.1,3629.6,5675.1,2314.3,2636.1,1321.6,2381.2,1010.9,2474.4,951.2,2951.5,1125.5,4640.0,5225.3,4455.4,1331.4,266.2
2025-07-22 06:00:00,695.6,174.4,1142.7,200.2,673.8,598.5,155.0,0.0,388.9,28.9,72.3,2659.6,1813.8,3316.8,1092.3,507.5,220.7,5.0,943.9,583.1,417.9,281.3,4775.9,3941.7,1753.1,1252.0,3392.6,6118.9,2370.5,2880.1,1331.0,2284.8,1045.8,2640.4,992.3,3190.9,1163.7,5362.8,5486.8,4468.3,1402.0,276.5
2025-07-22 07:00:00,728.3,191.5,1055.7,231.1,736.3,668.0,132.0,0.0,352.3,27.7,197.0,2628.9,2114.3,3700.3,1059.2,483.4,288.7,3.0,1061.2,480.1,461.3,280.8,4943.0,4100.0,1956.7,1281.8,4044.5,6237.0,2448.8,3095.1,1394.9,2345.7,1085.8,2713.0,1011.0,3366.0,1212.2,5669.1,5769.0,4442.8,1492.1,291.9
2025-07-22 08:00:00,694.6,202.1,878.1,285.8,754.2,735.3,98.0,11.1,307.1,39.7,139.1,2618.9,2212.8,4004.9,1844.3,1071.0,256.5,3.0,1135.4,342.2,502.3,278.9,5069.1,4262.3,2119.7,1265.9,4272.1,5658.1,2511.4,3165.5,1431.2,2430.5,1122.7,2679.5,1027.1,3486.6,1273.7,5608.7,5915.8,4604.0,1595.5,313.9
2025-07-22 09:00:00,648.1,236.7,724.1,355.3,730.8,634.7,63.0,19.0,238.9,61.3,110.9,2643.0,2775.0,4381.6,1790.9,830.0,274.4,4.0,1300.2,225.7,511.4,303.0,5131.4,4164.9,2209.7,1270.8,4177.4,4813.4,2578.9,3137.8,1429.2,2355.8,1146.3,2699.9,1044.6,3476.7,1281.5,5732.3,5989.6,4701.4,1599.6,357.8
2025-07-22 10:00:00,608.1,267.0,624.9,396.1,708.9,641.9,70.0,58.1,202.8,90.7,307.4,2706.3,3165.2,4612.5,1632.5,455.3,252.5,20.3,1232.1,203.7,516.6,378.9,5230.9,4039.0,2279.1,1271.1,4551.9,4245.6,2636.9,3048.0,1453.4,2465.9,1163.4,2623.5,1052.2,3419.0,1268.9,5795.8,6017.4,4754.2,1611.5,401.0
2025-07-22 11:00:00,576.7,292.0,583.3,462.4,695.3,662.1,69.0,53.0,87.9,204.2,316.5,2729.8,4303.3,4829.8,1418.0,540.4,240.1,9.0,1256.7,238.1,501.3,415.9,5269.7,3969.3,2323.2,1367.2,4752.0,3766.4,2638.7,2954.2,1432.7,2410.2,1154.1,2623.2,1048.5,3363.7,1271.5,5666.3,5997.3,4800.2,1597.4,423.3
2025-07-22 12:00:00,567.3,305.8,572.4,485.7,695.7,655.4,41.0,44.3,75.8,367.6,148.5,2771.0,4275.3,5068.4,1234.6,559.9,164.8,4.4,1594.0,220.1,517.2,406.2,5245.1,3955.4,2350.7,1464.1,4630.3,3025.5,2640.9,3009.4,1427.9,2347.6,1158.3,2498.5,1068.9,3418.1,1320.1,5371.6,5993.5,4900.7,1612.7,409.4
2025-07-22 13:00:00,554.7,298.2,596.5,435.1,707.0,555.0,31.0,14.0,84.0,373.3,317.2,2750.1,4227.0,5342.5,1167.5,581.5,166.1,4.1,1699.5,261.7,507.1,385.0,5226.1,3893.9,2359.0,1424.9,4441.6,2475.8,2657.6,2522.3,1425.2,2291.1,1154.0,2446.0,1079.8,2952.2,1325.1,5196.5,5969.4,4760.7,1601.3,392.5
2025-07-22 14:00:00,557.9,291.7,638.3,389.3,713.9,548.2,27.0,14.0,73.5,294.0,296.7,2746.5,4136.6,5410.6,1131.9,517.6,179.4,4.0,1737.6,283.3,494.5,339.0,5231.3,3887.0,2375.8,1460.4,4577.8,2436.6,2648.6,2429.1,1425.2,2216.0,1153.2,2210.1,1058.5,2859.9,1369.5,5168.7,5992.8,4738.6,1645.2,378.5
2025-07-22 15:00:00,582.2,295.5,725.3,334.4,698.6,572.7,57.0,0.0,53.5,190.3,303.1,2756.3,4035.2,5477.9,1196.5,627.2,243.1,13.0,1708.4,306.2,479.3,297.2,5243.8,3864.2,2375.3,1462.0,4598.1,3047.6,2650.7,2674.6,1423.5,2070.3,1153.8,2635.9,1067.8,3118.0,1268.5,5267.2,6059.5,4780.5,1675.1,353.7
2025-07-22 16:00:00,622.5,270.9,911.2,311.3,693.8,637.7,51.1,4.0,73.6,132.3,139.6,2796.5,4196.0,5281.1,1313.8,655.2,153.6,13.0,1559.4,345.4,472.8,255.9,5167.0,4193.5,2367.5,1524.9,4656.2,3694.2,2632.6,2965.2,1420.7,2167.1,1156.4,2777.0,1106.9,3568.8,1301.6,5680.4,6161.0,4883.7,1710.4,327.1
2025-07-22 17:00:00,692.4,250.5,1131.5,289.7,712.8,666.8,20.0,37.0,159.4,86.7,132.2,2698.1,3776.4,4799.7,1541.4,704.7,168.9,47.1,1202.2,434.1,477.4,233.2,5082.2,4672.1,2334.1,1400.2,4252.5,4209.6,2630.3,3007.3,1411.4,2156.7,1150.3,2995.8,1101.1,3701.1,1299.9,5759.8,6344.3,4893.9,1770.1,294.9
2025-07-22 18:00:00,748.8,219.4,1268.1,255.2,741.3,780.0,18.0,4.6,232.8,60.3,164.7,2642.7,2428.4,4116.0,1884.6,955.8,176.0,66.9,1144.8,472.2,471.8,232.3,5117.7,4752.0,2301.8,1402.6,4239.8,4927.9,2622.9,3018.4,1411.2,2027.7,1147.3,3191.3,1093.0,3748.1,1300.9,5942.8,6459.0,4863.1,1807.6,285.0
2025-07-22 19:00:00,776.2,200.0,1334.9,245.0,763.0,863.8,11.0,30.0,262.2,42.8,181.9,2551.0,2004.7,3457.8,1303.8,744.3,120.3,109.5,1083.7,739.4,455.0,254.7,5065.4,4792.6,2279.0,1425.7,4228.0,5651.2,2617.3,3024.8,1408.1,2078.2,1144.3,3171.7,1043.1,3703.3,1317.9,5938.7,6522.0,4797.7,1786.9,261.2
2025-07-22 20:00:00,792.1,209.1,1377.3,243.6,751.6,935.3,82.3,26.6,316.7,30.0,144.8,2555.6,772.6,3217.6,1268.2,452.7,128.2,102.1,1355.4,764.1,443.2,308.8,4891.5,4818.1,2247.7,1428.4,4107.8,6210.6,2601.6,2951.9,1403.3,2225.7,1146.7,2901.2,999.5,3532.3,1284.5,5997.8,6472.3,4758.6,1770.6,257.7
2025-07-22 21:00:00,768.9,213.9,1329.9,247.1,723.6,766.6,11.0,29.1,352.8,30.0,191.7,2563.3,734.1,3252.9,1385.8,405.7,123.0,71.0,1305.5,772.4,404.5,369.8,5040.0,4621.7,2192.9,1481.3,4030.3,6821.9,2574.7,2868.2,1400.2,2315.0,1143.0,2888.1,997.4,3444.8,1262.8,5943.7,6339.0,4749.0,1734.3,253.1
2025-07-22 22:00:00,729.2,220.6,1229.4,224.4,671.6,652.2,6.1,13.6,358.9,28.7,149.8,2562.8,744.4,3614.5,1359.3,357.5,95.7,70.1,974.6,710.6,365.7,415.9,4926.3,4273.2,2144.4,1464.2,3962.4,6992.1,2529.0,2886.6,1390.3,2315.7,1133.2,2823.9,985.3,3444.2,1249.4,5837.3,6189.9,4760.1,1694.6,253.3
2025-07-22 23:00:00,701.2,217.0,1141.9,215.1,617.5,534.6,6.0,10.0,386.3,28.6,99.7,2564.9,1735.3,3726.3,1216.6,326.2,87.4,58.0,923.8,750.2,344.9,423.8,4609.1,3833.0,2034.7,1361.1,3865.7,7040.5,2510.5,2868.6,1366.9,2414.7,1103.8,2681.4,945.3,3318.1,1251.7,5674.2,5963.2,4663.2,1590.4,242.6
2025-07-23 00:00:00,667.4,175.4,1072.8,240.5,585.0,551.6,38.0,30.1,408.7,61.8,84.6,2542.0,1572.5,4304.9,1526.8,438.6,63.9,45.7,1089.1,2220.8,396.9,902.4,4458.7,3676.9,1890.1,1335.6,3988.6,6405.3,2493.9,2378.2,1338.4,2464.1,1082.5,2232.2,932.8,2978.1,1260.1,4881.7,5577.4,5432.4,1387.8,414.6
2025-07-23 01:00:00,651.3,164.2,1044.0,253.6,561.2,461.7,28.0,32.6,419.7,31.7,66.5,2570.4,1803.2,4491.0,1620.4,194.1,52.7,42.9,1081.6,2243.3,384.2,903.0,4311.1,3594.2,1774.5,1306.7,4029.2,5518.3,2450.5,2359.9,1315.1,2454.9,1055.2,2070.7,920.4,2974.7,1260.0,4823.9,5382.4,5381.3,1340.5,370.4
2025-07-23 02:00:00,649.5,153.1,1027.2,266.1,547.8,461.5,26.1,44.7,510.2,29.7,54.0,2586.6,2060.0,4483.2,1653.9,167.9,43.8,39.3,1007.0,2405.4,378.9,899.9,4188.0,3562.6,1694.7,1325.5,4017.3,4842.3,2432.2,2274.9,1321.4,2411.2,1037.8,2339.5,901.9,2756.0,1189.9,4521.4,5289.7,5307.8,1311.7,349.8
2025-07-23 03:00:00,633.7,145.6,1020.4,279.1,540.0,405.4,36.3,26.5,375.5,31.6,26.8,2617.6,2480.6,4453.3,1518.6,145.0,50.4,51.6,961.1,2423.2,369.9,854.1,4113.8,3565.8,1656.2,1354.6,4025.0,4635.8,2406.9,2249.3,1308.3,2375.0,1026.4,2402.3,895.0,2697.6,1176.9,4390.7,5186.7,5251.9,1319.1,331.4
2025-07-23 04:00:00,635.4,141.3,1051.7,291.9,559.3,376.4,15.0,38.3,393.9,31.3,25.4,2630.6,2346.4,4371.3,1508.2,125.0,28.2,41.6,950.5,2542.9,373.1,764.8,4199.6,3576.3,1617.8,1375.1,3998.4,4774.3,2407.9,2235.6,1286.5,2349.2,1016.0,2452.2,894.5,2740.4,1162.5,4467.0,5106.2,5262.7,1322.7,331.4
2025-07-23 05:00:00,660.9,145.6,1156.1,285.7,610.9,508.5,20.4,29.8,416.8,31.7,24.8,2616.5,1988.7,4429.6,1520.1,105.6,53.5,42.8,998.6,2524.0,368.0,684.9,4492.4,3670.3,1636.7,1341.2,4001.4,5044.4,2418.4,2459.7,1295.8,2317.9,1013.6,2245.7,923.3,2998.7,1161.2,4762.3,5178.3,5298.4,1326.7,318.4
2025-07-23 06:00:00,672.6,161.1,1238.4,307.5,696.5,685.5,40.5,0.0,452.0,81.1,35.2,2578.5,1961.3,4963.8,1440.7,126.2,43.6,72.9,1055.9,2378.2,364.4,610.7,4720.6,3867.2,1781.8,1280.1,4062.9,6133.8,2433.8,2409.3,1322.4,2518.2,1050.4,1287.8,979.0,3459.0,1198.4,5506.3,5480.5,5490.6,1429.1,286.3
2025-07-23 07:00:00,649.4,192.2,1274.0,329.3,773.0,729.1,28.1,19.8,451.2,65.1,57.5,2553.8,1720.0,5173.0,1411.7,128.7,0.0,193.4,1122.5,2276.5,346.2,542.5,4803.3,3967.1,1982.8,1238.1,4413.8,5962.4,2480.7,2658.2,1365.8,2320.1,1095.1,2918.2,999.2,3170.7,1270.3,5414.6,5841.3,5358.1,1548.7,250.0
2025-07-23 08:00:00,561.4,214.4,1249.1,346.9,798.0,700.2,20.0,19.0,393.0,40.0,109.8,2545.1,2264.6,5131.0,1938.0,480.6,0.0,209.2,1100.2,1998.7,360.3,536.5,4894.7,3943.2,2146.1,1342.7,4334.2,5713.3,2513.1,3054.8,1403.8,2173.7,1132.1,2639.7,1045.9,3531.5,1318.8,5607.7,6047.5,5484.5,1646.1,258.1
2025-07-23 09:00:00,497.4,249.9,1186.2,380.2,780.4,647.3,98.0,0.0,346.4,56.0,140.9,2553.8,3140.7,5390.2,1871.0,306.8,0.0,157.0,1223.1,1122.5,379.8,490.0,4932.5,3931.8,2235.2,1340.9,4496.9,5116.9,2568.3,3044.6,1429.9,2167.5,1149.1,2788.1,1065.8,3554.6,1323.0,5579.6,6148.7,5538.3,1667.0,266.9
2025-07-23 10:00:00,461.9,276.0,1084.9,419.6,759.0,686.0,105.0,4.0,264.5,78.9,128.1,2592.4,4143.4,5682.8,1702.7,223.3,104.1,155.1,1291.0,962.7,417.1,438.7,4990.4,3854.0,2317.5,1352.6,4672.0,4625.1,2592.8,3010.8,1438.6,2201.3,1161.9,2828.3,1061.4,3329.9,1324.9,5591.8,6165.2,5573.5,1657.9,281.2
2025-07-23 11:00:00,441.1,290.7,1002.7,457.7,725.5,671.5,117.0,25.0,167.5,113.8,111.1,2614.3,4586.6,5774.2,1516.5,268.6,117.7,103.9,1301.7,884.9,395.4,412.3,5028.2,3839.0,2365.9,1356.0,4797.5,4172.7,2596.4,2992.6,1441.8,2153.9,1098.9,2781.1,1059.2,3396.1,1311.8,5463.9,6144.5,5596.1,1645.0,283.9
2025-07-23 12:00:00,457.7,294.3,939.9,488.8,763.2,582.8,89.4,21.1,193.7,166.0,154.2,2618.4,4647.5,5775.4,1492.0,288.6,150.1,99.9,1423.3,694.2,378.1,388.0,4994.8,3812.9,2383.9,1346.5,4800.5,3541.3,2639.5,2980.7,1439.6,2143.2,1145.3,2414.2,1077.9,3383.1,1399.6,5215.1,6181.3,5587.9,1630.5,299.5
2025-07-23 13:00:00,456.5,285.1,886.0,517.5,746.3,576.7,98.9,4.0,234.3,176.3,145.8,2658.9,4726.1,5716.6,1426.2,303.3,103.0,97.1,1421.2,547.7,371.6,349.2,5028.6,3821.8,2402.9,1341.9,4897.1,3304.4,2635.7,2885.0,1431.3,2118.4,1153.7,2142.5,1070.9,3277.8,1354.5,5235.4,6135.3,5525.7,1665.4,294.2
2025-07-23 14:00:00,471.5,272.3,890.4,513.9,764.1,570.7,56.0,4.0,272.9,164.7,137.1,2664.4,4660.4,5596.1,1346.3,317.4,134.1,93.6,1418.9,511.5,362.4,336.2,5014.5,3844.1,2414.1,1332.6,4845.9,3241.4,2641.1,2914.2,1435.2,2136.3,1155.6,2073.0,1064.0,3314.7,1287.1,5217.8,6150.0,5568.6,1640.6,280.3
2025-07-23 15:00:00,503.7,254.0,923.8,490.0,763.9,534.6,46.3,4.5,280.1,144.2,127.9,2691.6,4553.8,5334.8,1354.6,304.7,120.0,105.8,1294.9,467.3,356.0,301.1,5018.5,4024.5,2409.0,1340.4,4814.1,3697.5,2676.4,3015.1,1431.1,2108.5,1157.6,2749.4,1080.3,3459.3,1288.5,5372.5,6218.5,5524.8,1629.4,263.1
2025-07-23 16:00:00,569.4,222.9,1019.8,433.9,766.3,584.1,27.0,10.0,153.0,109.5,115.1,2696.5,3705.0,5169.3,1405.2,349.7,138.5,77.2,1209.4,589.1,363.4,265.2,5068.3,4187.5,2396.1,1338.6,4809.0,4470.7,2665.9,3082.1,1431.6,2113.0,1150.2,2721.2,1093.2,3607.2,1323.9,5681.2,6341.2,5450.1,1662.5,253.6
2025-07-23 17:00:00,662.4,199.0,1117.8,378.7,771.2,582.3,6.0,51.0,217.4,86.9,112.9,2653.7,3030.3,4644.7,1796.0,455.9,170.9,58.3,1238.7,488.8,395.5,173.9,5050.9,4250.7,2368.4,1452.7,4430.9,5150.0,2660.2,3092.4,1417.3,2016.3,1145.7,3222.0,1095.6,3669.2,1303.7,5703.2,6492.2,5430.5,1774.8,219.0
2025-07-23 18:00:00,736.7,166.8,1276.3,496.9,784.0,734.6,6.0,165.0,328.0,60.0,153.5,2603.9,2313.6,3902.9,1787.5,819.8,94.9,43.6,1234.5,662.9,443.7,127.8,5123.3,4355.2,2333.4,1442.0,4432.4,5906.4,2650.4,3117.9,1410.1,2045.2,1135.7,3132.3,1075.8,3644.1,1296.1,5696.8,6626.9,5359.5,1838.8,184.0
2025-07-23 19:00:00,786.0,148.1,1357.4,441.8,780.8,806.3,25.4,51.0,407.5,43.3,154.4,2529.3,2180.5,3183.7,1365.5,162.4,58.9,70.9,1105.5,585.0,459.4,98.4,5097.8,4268.8,2307.2,1351.8,4341.3,6493.0,2645.4,3070.5,1410.3,2082.3,1135.2,3288.5,1067.7,3608.8,1303.6,5691.0,6695.9,5388.9,1874.8,158.2
2025-07-23 20:00:00,800.6,144.1,1385.9,411.2,759.6,860.8,12.8,46.0,463.3,31.7,105.4,2519.7,1045.1,2821.7,1266.9,110.1,0.0,77.4,1125.1,587.5,475.1,95.4,4950.7,4107.9,2275.2,1344.8,4264.2,6912.3,2625.9,3013.0,1410.3,2110.2,1134.5,3235.8,1036.4,3513.6,1280.4,5703.8,6686.8,5374.7,1859.1,144.7
2025-07-23 21:00:00,777.4,150.6,1334.1,413.1,739.4,756.2,6.0,60.0,506.4,31.7,97.2,2547.4,936.6,2625.0,1437.4,18.5,10.0,57.7,1066.2,508.7,478.3,92.5,5106.4,4220.3,2221.7,1344.0,4257.3,7023.8,2609.6,2906.4,1398.8,2205.2,1134.1,3301.6,984.1,3374.2,1271.5,5611.7,6572.1,5390.0,1796.5,134.5
2025-07-23 22:00:00,744.7,152.5,1235.3,415.8,683.3,586.1,6.0,80.0,505.4,31.6,90.3,2515.4,1288.3,2468.3,1405.2,51.3,40.9,89.4,1061.3,357.1,456.2,89.9,4921.7,4111.2,2176.5,1395.2,4104.2,7263.7,2588.5,2726.6,1384.4,2344.5,1122.4,3187.4,960.3,3262.2,1318.9,5471.9,6418.8,5299.1,1786.4,114.8
2025-07-23 23:00:00,707.2,152.3,1136.1,417.0,624.8,579.9,6.8,70.0,482.6,31.9,103.2,2521.0,1740.6,2313.2,1273.0,57.7,65.0,82.9,996.1,282.2,419.9,79.7,4564.3,3912.6,2076.0,1399.7,3956.7,7225.4,2563.8,2443.9,1385.0,2449.9,1102.2,3224.2,946.1,3149.2,1281.8,5200.3,6115.4,5254.8,1672.1,113.8
2025-07-24 00:00:00,646.7,138.0,1068.8,186.8,584.3,526.3,3.8,116.5,416.3,88.9,198.8,2596.0,1612.2,1990.7,1166.5,53.9,84.9,11.0,943.6,359.6,426.4,45.0,4372.1,3690.4,1921.0,1204.4,3915.4,7504.2,2532.7,2787.9,1347.5,2430.7,1080.3,2823.3,928.7,3116.3,1209.6,4986.3,5861.9,5077.1,1584.7,111.8
2025-07-24 01:00:00,631.7,137.5,1039.8,187.4,565.8,469.0,6.3,94.0,432.4,28.6,146.1,2631.0,1482.3,1813.1,1130.8,144.9,70.8,14.3,916.8,373.9,418.9,45.1,4263.1,3650.5,1796.2,1139.4,3912.1,7399.2,2491.1,2675.9,1323.9,2493.6,1047.7,2780.5,900.9,3039.4,1253.1,4922.5,5631.7,5025.6,1527.1,106.7
2025-07-24 02:00:00,627.1,137.5,1016.2,184.9,550.1,379.1,43.9,39.3,400.5,28.8,109.3,2659.3,1430.3,1599.5,1123.3,155.2,68.6,6.0,893.4,374.6,394.9,48.0,4194.3,3592.8,1723.8,1147.9,3870.3,6982.2,2457.7,2606.5,1303.5,2500.4,1029.9,2633.0,899.0,2939.5,1218.0,4893.6,5502.4,5036.0,1498.5,103.9
2025-07-24 03:00:00,617.9,135.8,1010.1,176.5,541.0,351.2,77.1,34.1,420.5,28.6,82.9,2676.2,1396.9,1496.1,1122.2,184.4,76.3,9.0,894.4,377.2,387.0,44.0,4158.1,3570.1,1673.2,1134.9,3771.0,6871.5,2452.3,2526.2,1292.9,2514.0,1018.8,2614.0,887.9,2967.5,1182.7,4844.8,5418.3,5023.7,1505.4,96.0
2025-07-24 04:00:00,617.7,135.8,1038.5,175.1,553.9,355.2,10.3,86.3,427.7,28.2,86.9,2662.1,1508.8,1357.9,1046.9,249.9,100.9,10.0,877.3,363.0,381.5,58.7,4268.7,3552.7,1628.0,1131.6,3819.5,6823.0,2433.8,2502.6,1289.8,2516.8,1011.0,2529.4,891.7,3082.4,1194.5,4910.5,5347.4,4986.7,1497.5,92.0
2025-07-24 05:00:00,644.1,138.1,1136.9,198.2,620.5,489.4,37.9,94.0,441.7,77.1,94.1,2679.0,1569.4,1331.8,1100.9,208.7,113.2,61.9,883.3,460.1,391.4,52.9,4589.9,3722.8,1634.0,1118.4,3747.9,6934.1,2452.7,2568.5,1300.4,2524.0,1007.4,2471.5,938.9,3298.8,1129.5,5070.2,5396.3,5012.2,1487.0,90.4
2025-07-24 06:00:00,649.2,147.4,1184.9,422.3,704.5,652.0,48.8,44.0,450.6,77.1,67.6,2663.0,1552.1,1894.3,1059.4,309.6,135.7,71.1,950.5,469.9,414.5,49.1,4781.3,3977.1,1778.6,1175.7,3677.3,6983.9,2499.1,2390.1,1333.7,2598.9,1028.6,2744.8,1010.5,3427.4,1249.1,5384.7,5755.6,5008.5,1538.7,93.6
2025-07-24 07:00:00,625.5,176.4,1116.2,456.9,767.0,687.6,41.3,14.0,420.9,86.6,158.1,2608.0,757.4,1535.6,1190.5,397.5,132.0,70.1,1046.4,521.3,445.7,63.0,4937.1,4186.2,1994.1,1281.9,4085.9,7376.0,2561.4,2159.0,1342.1,2564.4,1079.8,3078.2,1039.0,3596.1,1243.8,5428.7,6050.9,5113.6,1694.0,107.8
2025-07-24 08:00:00,559.0,215.1,976.4,506.5,788.1,726.8,81.0,14.0,318.2,47.1,186.3,2558.2,2268.2,1788.5,1200.0,360.8,109.9,23.9,1044.8,314.8,459.5,85.7,4981.6,4259.0,2155.1,1246.7,4119.9,7530.7,2624.5,2235.1,1370.0,2629.4,1107.6,3204.3,1072.1,3535.9,1260.7,5545.8,6239.9,5019.1,1730.2,132.6
2025-07-24 09:00:00,482.0,241.3,858.5,344.9,774.3,708.3,21.0,48.0,198.2,75.6,155.6,2570.0,2404.6,1524.3,1299.8,703.4,125.0,66.1,1013.8,239.1,453.2,91.3,4981.8,4204.8,2247.7,1206.0,4241.9,7299.6,2664.2,2414.5,1400.0,2576.8,1144.0,3302.7,1065.4,3499.1,1234.1,5569.2,6268.8,5037.4,1714.2,164.0
2025-07-24 10:00:00,453.9,260.7,771.7,370.8,750.4,563.7,31.0,14.1,163.4,97.0,117.9,2611.0,2430.5,1786.9,1215.2,649.1,125.6,81.7,1118.4,309.9,457.6,118.6,5047.6,4183.6,2317.1,1236.9,4253.0,6693.8,2692.0,2418.2,1407.2,2450.9,1167.8,3359.4,1075.9,3507.8,1214.4,5576.1,6282.2,5088.8,1704.4,188.9
2025-07-24 11:00:00,431.3,270.6,719.0,397.0,742.0,592.8,31.0,7.0,201.9,120.5,115.6,2659.2,2480.0,1976.9,1185.8,442.0,150.1,73.9,1136.3,410.6,443.7,137.4,4973.4,4104.1,2374.3,1251.7,4367.5,5981.4,2691.0,2264.8,1405.6,2469.2,1158.1,3247.6,1044.9,3622.7,1207.4,5458.4,6264.7,5120.0,1638.0,216.5
2025-07-24 12:00:00,457.0,255.9,722.6,417.0,760.1,576.6,31.0,4.0,43.7,214.5,153.9,2760.7,3433.6,2038.3,1015.4,619.6,135.8,128.9,1136.9,489.9,419.2,141.0,4944.0,4047.3,2379.4,1283.8,4402.4,5280.8,2688.8,1910.4,1364.5,2431.0,1155.1,3346.5,1047.1,3738.3,1198.4,5472.0,6294.2,5189.4,1608.1,223.7
2025-07-24 13:00:00,474.6,242.2,718.3,408.3,763.6,574.0,36.0,4.1,38.6,243.8,126.4,2662.7,3954.6,2055.8,1028.6,659.8,131.9,88.9,1118.6,447.7,416.9,159.7,4904.1,4074.2,2380.1,1423.5,4304.7,4965.5,2686.5,1897.4,1410.7,2404.6,1152.0,3247.4,1045.9,3663.1,1187.8,5503.2,6275.3,5194.4,1578.8,228.4
2025-07-24 14:00:00,496.4,229.7,772.4,377.7,749.9,656.5,58.5,4.0,36.2,268.3,121.6,2669.7,3850.8,2060.0,1026.3,713.7,126.3,29.1,1130.4,545.8,404.1,163.4,4906.2,4008.1,2399.6,1485.7,4213.8,5101.0,2721.6,1618.9,1413.5,2379.3,1154.7,3382.8,1033.2,3697.1,1234.3,5608.0,6279.5,5172.4,1549.8,235.0
2025-07-24 15:00:00,526.1,205.3,847.1,373.7,756.2,768.7,16.1,0.0,46.4,241.4,81.7,2709.3,3347.3,2041.7,1083.3,746.3,173.1,31.9,1075.6,565.1,401.9,157.2,4944.2,4089.2,2409.7,1456.5,4065.6,5524.2,2671.2,1796.2,1421.5,2265.3,1148.2,3320.4,1043.2,3657.4,1191.0,5556.1,6335.0,5165.2,1559.4,254.4
2025-07-24 16:00:00,589.2,180.3,1000.0,334.3,716.3,799.7,0.0,205.0,93.3,179.2,116.1,2638.9,2231.3,2016.3,1097.9,666.7,175.9,13.4,1050.5,514.1,418.0,141.3,4943.6,4264.0,2379.6,1326.9,4017.4,6401.3,2647.4,1803.4,1419.1,2175.6,1154.9,3389.0,1090.3,3700.5,1217.6,5604.3,6466.1,5204.1,1625.3,243.5
2025-07-24 17:00:00,673.7,172.0,1168.0,487.0,731.3,737.8,15.4,198.5,104.1,103.4,98.4,2711.2,2249.3,1825.3,1369.8,1070.1,286.0,4.2,1114.7,522.7,449.4,107.7,4983.5,4412.4,2354.5,1257.6,4020.7,7046.6,2624.8,1980.3,1407.0,2102.7,1142.7,3138.5,1095.9,3770.9,1257.5,5679.5,6705.3,5250.7,1739.7,221.4
2025-07-24 18:00:00,745.2,141.9,1289.1,424.6,751.0,882.5,16.9,88.5,154.4,59.0,125.5,2613.6,2068.4,1779.6,1221.6,934.1,241.2,7.5,1142.3,543.5,488.9,72.8,5073.1,4677.7,2337.0,1222.9,4143.0,7404.5,2583.2,2199.0,1404.4,1985.2,1123.2,3285.5,1094.4,3672.5,1341.0,5644.5,6877.4,5213.1,1843.4,187.1
2025-07-24 19:00:00,793.4,126.1,1383.7,404.8,764.4,871.6,11.7,36.0,206.0,84.3,159.7,2589.1,731.8,1880.0,1350.9,839.6,346.6,6.0,1117.8,606.6,504.8,56.4,5096.4,4499.3,2316.5,1270.4,4195.0,7532.8,2573.5,2274.9,1406.0,2115.6,1133.0,3415.8,1085.8,3555.5,1376.1,5782.0,6917.1,5177.3,1887.5,158.7
2025-07-24 20:00:00,807.4,122.2,1413.8,402.2,760.9,917.7,10.4,70.1,287.8,30.3,123.0,2558.7,740.3,1952.6,1168.1,707.3,302.8,3.0,1028.7,596.5,401.8,127.7,4965.4,4004.0,2270.0,1286.0,4164.3,7428.9,2565.2,2774.5,1403.7,2123.7,1129.7,3164.5,1051.9,3419.1,1398.5,5925.6,6907.7,5138.8,1852.3,149.6
2025-07-24 21:00:00,789.6,123.5,1364.6,409.4,743.6,824.9,7.1,50.1,344.7,28.3,94.3,2558.6,749.0,1878.1,1265.2,648.1,224.7,3.0,1317.4,551.0,417.8,44.1,5110.4,4079.2,2235.2,1226.2,4145.7,7336.2,2542.6,3049.5,1408.4,2108.6,1137.2,3109.4,1011.5,3136.1,1329.8,5832.8,6707.4,5067.2,1856.9,115.6
2025-07-24 22:00:00,757.9,123.8,1243.3,406.3,684.9,800.9,6.0,52.0,370.7,28.2,101.7,2571.5,739.5,1984.8,1299.4,533.4,214.0,8.0,1316.6,443.4,496.5,30.5,4920.1,3892.8,2198.2,1224.1,4088.4,7292.4,2542.0,2833.9,1411.7,2343.6,1124.7,3111.4,978.3,2988.6,1330.7,5717.5,6556.6,4993.3,1817.7,109.3
2025-07-24 23:00:00,712.0,123.6,1136.1,408.1,619.9,798.8,41.0,14.0,357.5,28.2,166.7,2606.4,1797.2,2208.8,1231.1,484.7,206.4,8.0,941.1,513.0,441.6,55.4,4602.9,3902.8,2106.6,1236.2,4006.6,7329.7,2523.0,2471.0,1380.1,2453.9,1108.0,3151.8,960.5,2674.2,1280.0,5334.4,6253.7,4960.2,1697.7,110.4
2025-07-25 00:00:00,657.9,101.7,1090.0,147.0,584.4,649.4,0.0,54.1,369.2,58.2,122.5,2575.9,1671.1,1511.1,871.6,488.2,160.0,11.0,904.6,449.2,428.7,63.0,4429.5,3894.7,1964.0,1086.9,3966.1,7244.8,2650.9,1670.6,1356.2,2459.7,966.4,3044.7,948.3,3266.1,1388.9,5225.9,5963.7,5405.9,1618.5,107.1
2025-07-25 01:00:00,639.4,101.2,1064.5,140.0,563.8,559.4,0.0,93.8,368.3,28.2,133.0,2617.4,1570.5,1613.5,845.8,394.3,177.5,8.0,879.9,437.1,421.5,55.4,4256.7,3949.9,1830.8,1034.3,3851.1,6937.9,2462.0,2369.1,1345.5,2640.6,936.0,2455.2,929.3,2852.1,1254.1,4669.4,5718.0,5313.5,1557.0,92.1
2025-07-25 02:00:00,645.8,99.6,1047.3,136.7,552.7,559.4,0.0,50.7,338.5,78.4,142.6,2606.5,1518.2,1560.3,833.5,395.8,192.0,6.0,854.5,476.9,408.1,50.6,4147.0,4032.7,1738.3,1071.1,3846.2,6711.3,2427.9,2553.7,1309.8,2553.0,920.3,2359.4,912.6,2665.7,1299.4,4485.6,5627.2,5245.9,1542.1,87.3
2025-07-25 03:00:00,634.6,99.0,1048.6,134.7,550.8,559.4,2.6,48.9,342.4,77.6,120.6,2617.7,1489.8,1608.7,829.2,366.5,197.5,9.0,830.1,571.9,386.3,44.3,4043.1,4069.4,1680.3,1060.3,3912.3,6446.9,2424.4,2494.9,1321.8,2563.8,905.7,2350.4,905.8,2624.8,1258.7,4365.8,5569.8,5187.0,1537.1,79.0
2025-07-25 04:00:00,630.3,101.4,1079.0,133.8,566.6,560.3,5.7,57.0,381.6,77.6,126.6,2606.1,1487.3,1644.7,827.0,452.8,168.3,10.0,835.9,684.3,379.4,43.8,4107.1,4065.9,1635.7,1103.3,3848.1,6474.2,2410.1,2430.5,1322.9,2552.6,895.9,2334.1,910.6,2651.8,1206.6,4271.8,5467.4,5167.8,1518.9,80.9
2025-07-25 05:00:00,635.1,108.6,1164.7,144.6,613.7,586.0,9.9,44.0,402.6,84.0,53.1,2612.0,1609.7,1676.4,831.0,440.0,219.5,10.0,837.8,827.8,393.4,42.1,4421.4,4082.6,1652.0,1066.8,3831.2,6839.2,2420.6,2429.2,1326.4,2620.5,893.6,2270.4,929.8,3044.4,1098.7,4368.2,5550.8,5180.0,1515.8,78.5
2025-07-25 06:00:00,624.6,136.4,1193.2,175.6,691.8,634.6,16.8,10.0,432.5,87.0,51.7,2576.9,1696.4,1772.5,843.1,395.4,246.0,5.0,880.3,756.9,419.4,52.0,4746.0,3952.1,1780.6,1060.0,3868.5,6880.7,2478.0,2649.6,1357.9,2595.6,923.6,2408.2,978.5,3292.6,1134.9,5001.1,5818.9,5296.7,1578.4,85.5
2025-07-25 07:00:00,599.0,179.5,1174.7,217.0,748.4,702.6,35.5,10.0,411.7,126.5,73.0,2559.4,1106.8,1636.4,877.6,406.1,264.4,3.0,973.7,631.1,452.1,61.6,4872.1,3895.5,1976.2,1215.8,3926.4,6988.1,2560.9,2349.7,1400.8,2717.9,969.6,2712.1,988.5,3669.7,1206.5,5211.5,6100.5,5382.8,1641.2,104.2
2025-07-25 08:00:00,500.8,221.3,1063.3,254.5,764.9,781.0,37.4,0.0,272.7,36.5,70.6,2567.1,2279.2,1697.0,1126.7,329.1,348.8,3.0,1014.7,566.9,466.0,82.0,4939.0,3969.1,2134.8,1265.4,4021.0,7348.8,2647.2,1991.6,1438.9,2801.7,1003.9,2786.2,1022.3,3654.6,1214.7,5338.6,6210.2,5404.9,1740.1,130.3
2025-07-25 09:00:00,418.5,268.9,893.7,280.3,729.4,730.9,16.0,22.5,197.4,107.6,75.2,2585.3,2684.9,1940.4,1352.5,643.2,340.3,4.0,1088.4,617.8,462.0,113.8,4985.5,4119.6,2242.1,1267.4,4232.1,7270.6,2675.6,2076.7,1459.6,2780.0,1028.5,2576.4,1039.8,3676.9,1237.1,5327.2,6257.2,5468.9,1686.4,164.5
2025-07-25 10:00:00,385.6,303.2,778.5,317.6,721.0,775.1,61.0,37.5,136.3,187.1,86.2,2617.9,2931.0,2234.0,1195.9,553.6,336.3,12.0,1071.1,688.6,444.4,146.5,5014.6,4084.7,2315.7,1234.1,4280.2,6752.8,2746.8,2169.7,1451.3,2681.6,1045.1,2419.2,1027.0,3427.9,1151.8,5307.7,6176.9,5447.9,1639.7,197.4
2025-07-25 11:00:00,375.2,317.2,899.8,338.5,722.5,793.9,41.0,19.0,107.2,222.6,95.3,2624.4,2961.0,2451.0,1020.8,268.3,320.8,20.0,1144.5,802.1,420.1,155.9,4970.3,4171.3,2361.7,1195.0,4467.9,6017.1,2742.2,2231.7,1465.1,2701.0,1043.7,2320.7,1052.6,3341.1,1240.8,5279.6,6138.2,5508.5,1570.4,221.0
2025-07-25 12:00:00,390.3,288.4,884.2,348.6,702.3,781.0,41.0,17.5,175.5,245.0,106.8,2681.3,3857.4,2601.2,897.1,288.4,360.0,10.0,1250.2,847.8,382.4,169.8,4914.6,4263.6,2375.2,1182.3,4234.7,5266.5,2713.1,2377.5,1455.9,2721.5,1044.2,2177.5,1028.2,3269.7,1157.9,4894.6,6049.9,5524.8,1542.4,226.9
2025-07-25 13:00:00,398.9,306.3,875.2,363.7,708.2,750.4,41.0,16.5,190.1,206.0,98.6,2689.0,3822.1,2701.7,832.3,286.3,308.4,50.0,1220.6,967.1,368.1,176.4,4894.3,4272.0,2373.9,1192.5,4317.8,4673.4,2709.7,2700.8,1459.2,2585.3,1042.0,2079.5,1040.0,3223.9,1252.9,4853.2,6027.7,5465.6,1542.4,235.3
2025-07-25 14:00:00,430.2,285.8,899.2,340.0,749.3,727.2,51.0,46.5,108.3,154.6,120.3,2680.5,3918.6,2772.4,812.1,301.5,276.9,35.0,1150.8,1029.0,351.8,185.6,4912.1,4353.6,2381.8,1244.0,4376.5,4447.4,2738.4,2554.3,1470.8,2558.0,1039.4,2323.9,1010.3,3151.3,1224.9,4762.5,5970.2,5545.8,1486.1,252.3
2025-07-25 15:00:00,464.3,259.1,719.7,329.3,748.8,741.9,20.0,7.7,217.1,181.4,77.0,2723.9,3954.2,2797.1,751.3,402.6,326.7,59.2,1137.5,1088.2,343.8,186.5,4993.8,4423.6,2376.0,1261.8,4390.5,4626.7,2730.8,2513.7,1450.6,2564.7,1040.3,2232.3,1027.2,3174.9,1134.4,4709.6,5992.3,5532.3,1470.3,274.0
2025-07-25 16:00:00,538.7,223.4,838.9,268.2,738.7,749.2,0.0,19.0,212.5,167.0,69.9,2724.3,2742.7,2722.3,771.3,375.4,311.6,4.8,1096.3,1051.9,343.6,192.7,5070.5,4423.5,2357.5,1229.2,4412.9,5197.6,2709.5,2394.9,1455.9,2572.6,1041.6,2408.9,1075.5,3333.1,1219.0,4994.9,6149.4,5561.6,1532.1,284.9
2025-07-25 17:00:00,644.2,198.2,1029.6,234.2,715.7,689.3,6.1,191.0,310.3,133.5,65.3,2705.2,2172.9,2575.1,934.7,283.8,348.7,3.2,1036.1,1066.3,379.2,171.5,5103.5,4336.4,2331.5,1229.1,4289.7,6201.9,2701.2,2293.5,1445.2,2608.3,1024.7,2726.4,1060.6,3485.8,1284.6,5081.5,6396.6,5595.6,1638.6,258.8
2025-07-25 18:00:00,722.7,160.0,1228.6,193.6,728.8,792.9,6.2,191.0,274.3,75.5,76.5,2628.9,2204.2,2169.0,764.4,321.8,339.8,8.0,1042.3,973.7,403.6,191.3,5196.4,4221.6,2290.0,1243.2,4290.3,7036.8,2678.2,2593.3,1448.2,2494.0,1022.9,2754.1,1050.3,3548.1,1280.5,5286.4,6546.9,5620.8,1698.8,211.0
2025-07-25 19:00:00,760.2,123.5,1317.1,386.0,747.1,775.9,9.6,121.0,414.7,44.6,91.0,2582.6,2003.7,2040.0,986.0,302.2,374.9,6.0,1090.8,994.5,420.4,203.0,5216.3,4226.6,2259.0,1275.7,4221.6,7663.2,2656.8,2628.7,1440.9,2495.5,1020.1,2869.5,1035.7,3629.3,1280.7,5239.3,6596.8,5593.8,1758.8,181.4
2025-07-25 20:00:00,780.9,114.9,1350.2,375.0,746.9,847.1,7.2,66.0,472.6,77.6,64.7,2534.5,676.8,2068.3,955.8,309.7,384.6,3.0,1310.5,1005.5,447.2,229.8,5047.2,4273.0,2212.0,1320.6,4146.6,7583.9,2646.3,2583.2,1429.2,2755.8,1015.9,2635.5,1036.2,3385.2,1249.5,5030.4,6588.3,5591.1,1714.0,173.3
2025-07-25 21:00:00,765.1,114.2,1309.7,375.7,739.5,783.4,6.0,60.0,526.2,28.2,57.0,2583.9,677.0,1818.9,1018.9,237.0,251.7,3.0,1265.7,936.7,411.7,253.6,5058.6,4512.8,2160.1,1331.2,4211.8,7251.0,2628.9,2313.6,1413.9,2803.8,1004.9,2913.2,1008.9,3146.3,1226.3,4871.1,6443.8,5607.2,1712.2,191.8
2025-07-25 22:00:00,740.1,114.4,1217.4,366.6,690.3,674.6,2.0,14.5,464.5,28.2,65.9,2586.0,805.3,1750.8,965.7,228.4,196.0,8.0,926.7,897.8,410.7,271.4,4861.9,4637.3,2125.1,1326.0,4206.6,6941.8,2675.0,1959.3,1403.8,2698.7,988.3,3011.1,953.6,2789.8,1198.4,5017.8,6242.6,5628.5,1651.4,209.0
2025-07-25 23:00:00,698.0,116.7,1108.3,176.4,625.5,687.6,24.8,44.0,473.0,28.2,88.2,2544.8,1801.9,1603.4,949.9,180.0,175.9,8.0,878.7,872.5,361.2,303.3,4467.6,4655.4,2047.1,1309.2,4222.9,6646.1,2699.5,1786.4,1404.7,2540.1,973.1,2921.7,940.3,2476.9,1128.3,4834.7,5948.3,5671.5,1516.6,202.4
2025-07-26 00:00:00,646.8,179.9,1041.0,184.8,587.5,645.5,40.5,39.4,395.3,62.5,249.5,2603.6,1705.9,1330.5,860.4,102.2,131.5,47.8,856.6,928.9,354.5,331.3,4188.1,4924.4,1907.2,1274.1,4073.9,6186.5,2671.3,1653.6,1358.0,1689.3,998.0,2678.5,944.9,2997.4,1106.2,4717.8,5665.1,5603.7,1404.3,239.6
2025-07-26 01:00:00,637.8,181.8,1004.2,177.9,565.4,645.5,12.4,53.0,378.4,30.3,234.1,2606.4,1595.2,1473.9,841.1,181.6,137.9,31.4,835.0,981.5,351.3,330.6,4027.9,4992.5,1787.2,1220.4,4024.6,5927.2,2627.6,1665.6,1337.0,1687.9,974.2,2394.7,913.5,2849.7,1129.7,4540.6,5457.4,5621.0,1341.0,276.6
2025-07-26 02:00:00,630.9,182.1,991.9,174.1,547.7,645.4,20.2,27.6,362.7,29.8,201.1,2623.4,1514.5,1477.1,827.3,240.3,133.7,22.1,796.7,945.9,344.8,313.2,3928.9,5012.2,1702.4,1123.0,4065.3,5889.6,2551.2,2081.9,1315.6,2075.5,952.0,1879.4,912.2,2402.5,1141.9,4228.4,5331.3,5607.4,1307.3,295.9
2025-07-26 03:00:00,609.7,182.1,984.6,167.1,534.6,645.5,22.6,31.0,348.9,28.2,209.4,2661.3,1747.7,1582.8,817.0,286.0,128.3,44.0,831.6,923.3,338.1,289.6,3838.7,5037.2,1643.1,1087.0,4019.8,5611.8,2578.0,1783.8,1303.8,1841.3,945.5,2177.7,894.1,2536.7,1101.2,4230.0,5268.6,5500.6,1308.3,311.1
2025-07-26 04:00:00,591.6,182.5,971.6,159.5,526.8,646.3,20.2,39.3,354.7,28.2,237.0,2667.9,1448.7,1564.0,814.2,313.8,126.9,44.6,819.1,884.5,332.6,264.2,3849.7,4939.5,1579.8,1085.1,4019.2,5307.1,2551.6,1859.9,1298.9,2008.4,935.9,2104.2,917.6,2445.1,1081.4,4154.2,5118.7,5470.6,1287.8,313.7
2025-07-26 05:00:00,569.8,188.7,983.3,160.9,529.0,660.7,20.7,25.3,363.9,27.7,218.1,2691.3,1481.0,1504.9,819.5,310.9,73.4,60.0,768.0,876.7,324.6,229.3,3966.8,4859.1,1547.7,1063.2,3978.0,5577.9,2540.5,1857.4,1297.6,2347.9,929.8,2131.2,948.8,2385.2,1088.6,3996.6,5026.2,5427.3,1240.8,289.7
2025-07-26 06:00:00,520.9,215.1,983.7,175.8,546.0,700.7,37.9,25.2,354.3,63.8,125.5,2700.6,1601.2,1511.5,809.5,343.7,92.6,50.1,769.4,842.6,320.6,202.5,4111.2,4483.3,1568.7,1092.9,3971.6,5872.9,2544.8,1853.2,1328.1,2394.9,938.7,2162.2,985.1,2817.6,987.2,4088.1,5028.3,5460.7,1226.8,261.6
2025-07-26 07:00:00,463.1,262.7,954.9,204.6,576.2,672.6,40.0,60.0,321.9,39.2,221.0,2678.6,1821.5,1533.6,1219.0,820.3,99.6,47.0,811.2,762.7,326.4,181.9,4254.5,4304.7,1643.8,1044.1,4078.7,5554.4,2462.3,2083.6,1352.4,2427.2,961.9,1876.3,986.5,3156.4,1099.8,4251.8,5081.8,5421.8,1225.4,247.9
2025-07-26 08:00:00,379.8,304.3,870.9,244.7,592.8,751.8,40.9,44.0,347.1,71.9,121.2,2640.9,2008.9,1719.3,1147.1,656.9,126.8,41.1,894.9,772.4,351.8,166.1,4372.6,4398.8,1753.8,1057.9,4128.9,5380.7,2475.1,1998.0,1386.1,2444.5,988.3,1989.4,1009.6,3145.4,1115.0,4253.9,5222.1,5454.9,1269.4,253.8
2025-07-26 09:00:00,311.1,347.4,734.1,274.7,592.0,811.7,35.9,37.5,207.0,134.9,117.2,2676.8,2558.7,1742.3,1009.3,419.1,116.4,42.9,1120.0,812.8,340.7,187.4,4389.0,4444.3,1892.1,1016.0,4281.1,5051.5,2577.5,1966.8,1418.1,2459.1,1018.4,2098.9,1006.2,3078.4,1108.3,4077.7,5307.1,5423.1,1291.0,278.2
2025-07-26 10:00:00,276.4,383.1,627.1,316.6,585.4,794.1,60.0,51.5,247.7,284.5,335.4,2703.8,4110.2,1824.3,858.7,427.7,124.7,82.8,1203.9,831.9,336.5,214.1,4404.8,4595.9,2014.2,1065.8,4362.0,4550.9,2620.0,1949.6,1415.5,2513.1,1038.3,2153.4,1030.9,2894.4,1085.3,3853.7,5360.5,5426.9,1289.8,291.7
2025-07-26 11:00:00,269.4,394.5,774.6,358.3,590.1,763.4,87.0,47.5,128.7,408.0,365.8,2758.2,4455.7,2052.5,732.8,508.9,75.0,89.0,1185.5,916.6,336.7,251.6,4411.5,4791.3,2062.4,1057.1,4570.9,4106.8,2636.5,1957.3,1430.8,2537.1,1046.9,2153.7,1035.8,2801.6,1115.3,3703.8,5337.5,5443.9,1243.9,319.9
2025-07-26 12:00:00,279.1,390.7,722.5,403.8,597.7,762.1,62.9,60.0,146.5,467.6,224.2,2774.1,4660.3,2232.4,660.5,538.8,75.9,88.7,1177.6,943.9,335.1,274.5,4424.6,4909.3,2087.3,1169.3,4589.7,3352.0,2677.5,1983.5,1428.1,2457.8,1047.9,2153.1,1032.8,2632.6,1210.8,3728.7,5335.7,5468.1,1239.9,347.9
2025-07-26 13:00:00,283.7,371.2,705.7,409.6,586.2,644.9,81.6,25.0,214.4,405.2,326.2,2815.8,4577.8,2329.1,689.4,571.6,82.6,85.1,1247.9,882.0,339.1,276.9,4437.4,4962.9,2093.1,1160.9,4682.3,2765.6,2662.7,2005.4,1424.7,2520.1,1033.6,2138.2,1025.1,2436.8,1199.8,3694.4,5300.8,5499.6,1208.9,376.2
2025-07-26 14:00:00,308.0,357.2,716.0,401.8,574.9,725.6,53.0,25.0,292.4,385.3,317.8,2807.1,4463.8,2571.8,740.2,553.9,109.9,69.0,1229.1,873.9,338.9,270.1,4499.3,4819.2,2090.0,1309.3,4597.0,2813.0,2674.4,2083.1,1422.6,2615.3,1053.2,2066.8,1024.4,2321.5,1176.4,3669.5,5263.7,5544.0,1154.7,389.0
2025-07-26 15:00:00,358.7,333.0,781.8,392.0,608.4,790.6,31.2,46.5,310.6,361.5,270.9,2791.3,4411.0,2271.0,782.1,430.0,240.7,63.0,1077.3,878.3,335.8,297.5,4598.0,4500.3,2092.8,1312.0,4500.2,3361.0,2682.6,2066.6,1415.2,2685.0,1044.2,2053.6,1038.0,2648.1,1129.3,3872.6,5284.8,5603.1,1157.1,390.9
2025-07-26 16:00:00,440.3,294.4,678.1,326.4,620.6,840.7,34.4,30.0,240.5,284.0,168.1,2763.1,3611.6,2229.2,806.6,358.7,228.5,14.9,961.6,799.5,333.7,276.9,4690.0,4354.2,2105.7,1212.2,4478.1,4311.3,2681.7,1959.1,1423.6,2623.1,1043.8,2398.8,1043.8,3040.3,1155.0,4191.1,5483.9,5607.0,1258.2,358.7
2025-07-26 17:00:00,556.4,258.4,875.8,294.3,649.5,864.2,71.4,43.0,366.2,163.1,132.3,2755.5,2478.9,2035.5,959.8,309.1,201.9,5.1,1018.5,783.8,387.8,242.8,4805.7,4432.4,2120.9,1269.5,4522.4,5125.1,2681.4,1975.3,1423.0,2408.2,1045.5,2388.8,1040.9,3560.0,1196.4,4551.2,5767.6,5711.0,1375.4,322.2
2025-07-26 18:00:00,642.3,221.0,1082.3,246.1,679.9,803.4,74.9,64.0,316.3,102.8,162.3,2716.3,2275.3,2048.4,842.4,449.3,259.6,7.8,974.2,659.0,408.8,213.7,4925.2,4470.1,2119.4,1189.9,4071.0,6018.9,2698.2,2008.9,1419.8,2429.8,1061.6,2792.3,1051.4,3678.3,1193.7,4907.0,6016.0,5774.2,1487.4,270.6
2025-07-26 19:00:00,702.0,194.0,1204.9,199.0,697.5,756.8,38.9,59.0,380.1,62.3,154.0,2650.9,717.4,1726.4,868.7,365.3,256.9,6.0,982.7,549.5,427.2,182.1,4941.1,4612.3,2101.8,1168.6,3956.7,6910.7,2652.9,2009.4,1400.4,2773.2,1057.6,3080.3,1028.2,3213.7,1222.2,4819.4,6143.5,5780.8,1547.3,212.3
2025-07-26 20:00:00,730.4,186.1,1246.3,199.0,700.8,753.4,39.6,59.0,476.6,32.2,197.3,2625.5,728.8,2005.1,895.2,248.5,199.1,3.0,939.7,607.1,448.1,155.8,4807.1,4538.3,2076.8,1204.0,3911.8,7164.6,2640.2,2018.3,1414.4,2863.7,1041.3,3126.6,1048.2,3222.6,1286.8,4741.2,6233.1,5779.0,1579.3,190.0
2025-07-26 21:00:00,716.5,184.2,1228.2,207.8,695.9,736.2,34.9,34.1,421.4,91.8,127.0,2644.0,731.9,2017.7,966.3,214.8,252.5,3.0,912.4,611.8,439.2,149.4,4958.2,4464.1,2052.3,1213.7,3894.7,6858.9,2639.8,1984.2,1415.5,2787.5,1035.8,3073.6,1048.4,3302.9,1228.4,4927.7,6166.7,5829.5,1540.9,183.2
2025-07-26 22:00:00,703.9,184.3,1162.3,209.8,658.4,735.8,17.6,14.0,422.6,94.4,217.6,2627.5,735.9,1835.0,924.6,201.8,161.3,8.0,896.4,511.3,417.8,109.1,4806.5,4289.8,2041.8,1223.0,3960.8,6837.7,2651.4,1991.2,1400.3,2634.0,1028.3,2894.9,1029.1,3319.0,1213.2,5023.0,6064.4,5814.7,1535.1,168.0
2025-07-26 23:00:00,666.3,185.7,1085.5,201.9,601.5,736.3,17.3,14.1,407.2,31.4,120.0,2599.6,1434.0,2402.9,916.7,144.6,137.1,8.0,852.7,504.1,409.0,112.7,4560.7,3928.5,1962.6,1195.4,3928.0,6556.2,2588.9,2053.0,1384.0,2581.4,1013.0,2604.6,998.8,3257.2,1164.8,5025.0,5815.4,5762.0,1449.1,188.7
