date,EE,LT,LV,AT,BE,FR,GER,NL,PL,DK1,DK2,FI,NO1,NO2,NO3,NO4,NO5,SE1,SE2,SE3,SE4
2025-08-11 00:00:00,80.66,80.66,80.66,90.97,80.66,71.97,90.97,80.66,102.11,80.66,80.66,5.65,57.8,80.66,5.65,1.07,6.5,5.65,5.65,50.9,80.66
2025-08-11 00:15:00,92.57,92.57,92.57,100.01,92.57,81.58,100.01,92.57,100.01,92.57,92.57,5.31,57.8,85.97,1.27,1.27,6.5,5.31,5.31,50.91,92.57
2025-08-11 00:30:00,53.59,53.59,53.59,98.31,98.31,55.72,98.31,98.31,98.31,98.31,98.31,2.39,50.9,85.98,2.39,2.19,6.5,2.39,2.39,50.9,53.59
2025-08-11 00:45:00,50.9,50.9,50.9,92.86,92.46,13.29,92.86,92.46,92.86,92.86,92.86,2.06,50.9,85.99,2.06,2.06,6.5,2.06,2.06,50.9,50.9
2025-08-11 01:00:00,63.12,63.12,63.12,99.5,99.38,50.0,99.5,99.38,99.5,99.5,99.5,2.05,53.36,83.01,2.05,2.05,6.25,2.05,2.05,30.9,63.12
2025-08-11 01:15:00,88.91,88.91,88.91,90.9,90.81,36.2,90.9,90.81,90.9,90.9,90.9,2.05,57.8,83.16,2.05,2.05,6.25,2.05,2.05,48.9,88.91
2025-08-11 01:30:00,48.91,48.91,48.91,87.81,82.05,32.69,87.81,82.05,87.81,87.81,87.81,2.05,57.8,82.05,2.05,2.05,6.25,2.05,2.05,48.91,48.91
2025-08-11 01:45:00,48.91,48.91,48.91,84.99,67.76,19.6,84.99,67.76,84.99,84.99,84.99,2.05,57.8,67.76,2.05,2.05,6.25,2.05,2.05,48.91,48.91
2025-08-11 02:00:00,38.04,38.04,38.04,91.0,91.0,25.87,91.0,91.0,91.0,91.0,91.0,2.05,40.03,79.58,2.05,2.05,6.55,2.05,2.05,35.9,38.04
2025-08-11 02:15:00,35.91,35.91,35.91,85.78,85.78,40.48,85.78,85.78,85.78,85.78,85.78,2.05,40.03,77.93,2.05,2.05,6.55,2.05,2.05,35.91,35.91
2025-08-11 02:30:00,35.91,35.91,35.91,85.87,85.55,73.63,85.87,85.55,85.87,85.87,85.87,2.05,40.03,77.93,2.05,2.05,6.55,2.05,2.05,35.91,35.91
2025-08-11 02:45:00,35.91,35.91,35.91,84.55,77.68,15.22,84.55,77.68,84.55,84.55,84.55,2.06,40.03,77.68,6.2,6.2,6.55,2.06,2.06,35.91,35.91
2025-08-11 03:00:00,2.05,29.41,29.41,87.93,86.91,27.16,87.93,86.91,87.93,87.93,87.93,2.05,57.79,80.0,2.05,2.05,5.05,2.05,2.05,29.41,29.41
2025-08-11 03:15:00,38.09,38.09,38.09,85.89,74.61,32.38,85.89,74.61,85.89,85.89,85.89,2.06,57.79,74.61,2.06,2.06,5.05,2.06,2.06,38.09,38.09
2025-08-11 03:30:00,38.09,38.09,38.09,87.6,79.55,36.99,87.6,79.55,87.6,87.6,87.6,2.06,57.79,79.55,5.1,5.1,5.1,2.06,2.06,38.09,38.09
2025-08-11 03:45:00,31.83,31.83,31.83,88.68,79.01,23.47,88.68,79.01,88.68,88.68,88.68,2.44,57.79,79.01,6.55,6.55,6.55,2.44,2.44,31.83,31.83
2025-08-11 04:00:00,28.95,28.95,28.95,88.75,74.5,33.09,88.75,74.5,88.75,88.75,88.75,0.3,57.79,74.5,0.3,0.3,7.0,0.3,0.3,28.95,28.95
2025-08-11 04:15:00,28.95,28.95,28.95,88.94,84.37,35.89,88.94,84.37,91.37,88.94,88.94,0.6,57.79,80.24,0.6,0.6,7.0,0.6,0.6,28.95,28.95
2025-08-11 04:30:00,41.25,41.25,41.25,95.57,83.62,27.66,95.57,83.62,100.6,95.57,95.57,1.05,57.79,80.24,1.05,1.05,7.0,1.05,1.05,29.5,41.25
2025-08-11 04:45:00,41.25,41.25,41.25,100.77,97.33,39.76,100.77,97.33,103.66,100.77,102.7,2.05,57.79,80.24,2.05,2.05,7.0,2.05,2.05,29.2,41.25
2025-08-11 05:00:00,27.54,27.54,27.54,84.03,82.1,6.41,84.03,82.1,98.23,82.1,82.1,2.05,48.91,82.1,6.42,6.42,-4997.8,2.05,2.05,27.54,27.54
2025-08-11 05:15:00,27.76,27.76,27.76,90.96,83.61,32.02,90.96,83.61,105.0,90.96,90.96,5.59,48.91,83.61,6.42,6.42,6.35,5.59,5.59,27.76,27.76
2025-08-11 05:30:00,6.43,28.25,28.25,106.93,88.16,52.89,106.93,88.16,113.8,91.93,91.93,6.43,48.91,88.16,6.43,6.43,6.35,6.43,6.43,28.25,28.25
2025-08-11 05:45:00,6.63,75.41,75.41,117.22,84.53,69.91,117.22,84.53,121.01,117.22,117.22,6.63,29.11,84.53,16.75,6.63,6.35,6.63,6.63,29.11,75.41
2025-08-11 06:00:00,25.51,25.51,25.51,105.37,97.37,15.03,105.37,105.37,105.37,105.37,105.37,25.51,62.23,105.37,-2.5,8.04,8.5,8.04,8.04,25.51,25.51
2025-08-11 06:15:00,35.88,35.88,35.88,117.39,117.39,54.23,117.39,117.39,117.39,117.39,117.39,35.88,62.23,117.39,-2.5,15.89,8.5,17.98,17.98,35.88,35.88
2025-08-11 06:30:00,85.4,85.4,85.4,121.91,121.91,32.03,121.91,121.91,121.91,121.91,121.91,85.4,62.23,121.91,-2.5,15.89,8.5,21.41,21.41,35.89,35.89
2025-08-11 06:45:00,96.66,96.66,96.66,119.33,119.33,40.03,119.33,119.33,119.33,119.33,119.33,96.66,66.68,85.79,-2.5,-0.49,8.5,21.41,21.41,49.91,49.91
2025-08-11 07:00:00,88.84,88.84,88.84,122.8,164.05,2.85,164.0,164.0,145.15,164.0,164.0,88.84,62.23,197.54,6.5,6.5,62.23,8.9,8.9,39.83,51.1
2025-08-11 07:15:00,71.25,71.25,71.25,106.2,130.07,43.19,130.07,130.07,130.07,130.07,130.07,71.25,52.14,130.07,7.7,7.7,52.14,23.4,23.4,52.14,53.08
2025-08-11 07:30:00,90.3,90.3,90.3,104.32,107.31,37.0,107.31,107.31,106.15,107.31,107.31,90.3,62.23,107.31,13.35,13.35,62.23,23.41,23.41,52.95,52.95
2025-08-11 07:45:00,90.35,90.35,90.35,90.08,90.58,54.06,93.04,93.04,90.35,93.04,93.04,90.35,69.91,93.04,8.49,8.49,69.91,23.41,23.41,69.91,90.35
2025-08-11 08:00:00,123.28,123.28,123.28,123.28,146.34,45.6,146.34,146.34,123.28,146.34,146.34,123.28,146.34,146.34,7.88,7.88,7.88,7.88,7.88,42.24,114.92
2025-08-11 08:15:00,106.66,106.66,106.66,94.0,113.38,40.91,113.38,113.38,106.66,113.38,113.38,106.66,113.38,113.38,9.91,8.6,9.91,9.91,9.91,59.6,78.89
2025-08-11 08:30:00,72.66,72.66,72.66,72.66,82.06,42.0,82.06,82.06,72.66,82.06,82.06,72.66,111.1,82.06,10.31,8.59,10.31,10.31,10.31,51.1,72.66
2025-08-11 08:45:00,75.33,75.33,75.33,53.55,59.88,40.17,75.33,75.33,75.33,75.33,75.33,56.0,111.1,75.33,15.34,8.59,10.37,15.34,15.34,47.32,47.32
2025-08-11 09:00:00,79.78,79.78,79.78,103.63,118.86,72.9,107.79,107.79,79.78,107.79,107.79,99.11,107.79,107.79,10.04,5.88,10.04,10.04,10.04,62.91,107.79
2025-08-11 09:15:00,75.08,75.08,75.08,78.92,113.01,49.25,93.0,93.0,75.08,93.0,93.0,75.08,102.21,93.0,10.5,5.88,10.5,10.5,10.5,62.91,75.08
2025-08-11 09:30:00,36.03,36.03,36.03,36.03,71.21,25.01,71.21,71.21,36.03,71.21,71.21,36.03,102.21,71.21,10.79,5.88,10.79,10.79,10.79,36.03,36.03
2025-08-11 09:45:00,9.94,9.94,9.94,9.94,56.94,15.01,56.94,56.94,12.29,56.94,56.94,2.73,102.21,56.94,2.73,2.73,2.73,2.73,2.73,9.94,9.94
2025-08-11 10:00:00,53.86,53.86,53.86,53.86,82.26,55.01,82.26,82.26,53.86,82.26,82.26,61.07,82.26,82.26,11.99,-5.18,4.85,11.99,11.99,39.95,53.86
2025-08-11 10:15:00,25.4,25.4,25.4,25.4,66.54,25.01,66.54,66.54,25.76,66.54,66.54,25.4,66.54,66.54,11.97,-5.18,4.85,11.97,11.97,25.4,25.4
2025-08-11 10:30:00,8.61,8.61,8.61,27.06,27.06,9.1,27.06,27.06,8.61,27.06,27.06,8.61,27.06,27.06,8.61,5.97,4.9,8.61,8.61,8.61,8.61
2025-08-11 10:45:00,0.0,0.0,0.0,0.0,0.0,0.0,0.0,0.0,5.6,0.0,0.0,0.0,0.0,0.0,0.0,0.0,0.0,0.0,0.0,0.0,0.0
2025-08-11 11:00:00,76.33,19.58,19.58,16.97,19.58,19.58,19.58,19.58,12.51,19.58,19.58,76.33,19.58,19.58,-4.83,-4.83,-4.83,19.58,19.58,19.58,19.58
2025-08-11 11:15:00,15.34,-2.1,-2.1,-4.29,-2.1,-2.1,-2.1,-2.1,4.68,-2.1,-2.1,15.34,-2.1,-2.1,-2.1,-4.01,-2.1,-2.1,-2.1,-2.1,-2.1
2025-08-11 11:30:00,0.1,-7.01,-7.01,-10.1,-7.01,-7.01,-7.01,-7.01,2.57,-7.01,-7.01,0.1,-7.01,-7.01,-6.01,-5.13,-7.01,-7.01,-7.01,-7.01,-7.01
2025-08-11 11:45:00,-0.01,-26.59,-26.59,-26.59,-17.61,-17.61,-17.61,-17.61,3.86,-17.61,-17.61,-0.01,-17.61,-17.61,-6.01,-5.13,-17.61,-17.61,-17.61,-17.61,-17.61
2025-08-11 12:00:00,71.25,14.74,14.74,5.76,5.76,5.76,5.76,5.76,10.26,5.76,5.76,71.25,54.34,54.34,5.76,-5.38,5.25,5.76,5.76,5.76,5.76
2025-08-11 12:15:00,11.99,11.99,11.99,-11.66,-11.66,-11.66,-11.66,-11.66,11.01,11.99,11.99,11.99,11.99,11.99,11.99,5.6,5.25,11.99,11.99,11.99,11.99
2025-08-11 12:30:00,11.91,11.91,11.91,-15.9,-15.9,-15.9,-15.9,-15.9,-3.08,11.91,11.91,11.91,11.91,11.91,11.91,5.6,5.25,11.91,11.91,11.91,11.91
2025-08-11 12:45:00,4.94,4.94,4.94,-23.38,-23.38,-23.38,-23.38,-23.38,-5.44,4.94,4.94,4.94,4.94,4.94,4.94,4.94,4.94,4.94,4.94,4.94,4.94
2025-08-11 13:00:00,9.04,9.04,9.04,0.98,-7.93,-7.93,-7.93,-7.93,9.46,9.04,9.04,9.04,9.04,9.04,9.04,9.04,5.21,9.04,9.04,9.04,9.04
2025-08-11 13:15:00,5.25,5.25,5.25,-10.96,-10.96,-10.96,-10.96,-10.96,9.9,5.25,5.25,5.25,5.25,5.25,5.25,5.25,5.25,5.25,5.25,5.25,5.25
2025-08-11 13:30:00,8.35,8.35,8.35,-18.34,-18.34,-18.34,-18.34,-18.34,-2.4,8.35,8.35,8.35,8.35,8.35,8.35,8.35,5.3,8.35,8.35,8.35,8.35
2025-08-11 13:45:00,11.92,11.92,11.92,-19.97,-19.97,-19.97,-19.97,-19.97,9.91,11.92,11.92,11.92,11.92,11.92,11.92,11.92,5.3,11.92,11.92,11.92,11.92
2025-08-11 14:00:00,0.1,-19.93,-19.93,-19.93,-19.93,-19.93,-19.93,-19.93,14.04,-19.93,-19.93,0.1,-19.93,-19.93,-19.93,-5.33,-19.93,-19.93,-19.93,-19.93,-19.93
2025-08-11 14:15:00,0.1,-13.94,-13.94,-13.94,-13.94,-13.94,-13.94,-13.94,18.7,-13.94,-13.94,0.1,-13.94,-13.94,-13.94,-5.33,-13.94,-13.94,-13.94,-13.94,-13.94
2025-08-11 14:30:00,25.51,-3.28,-3.28,-3.28,-3.28,-3.28,-3.28,-3.28,10.01,-3.28,-3.28,25.51,-3.28,-3.28,-3.28,-3.28,-3.28,-3.28,-3.28,-3.28,-3.28
2025-08-11 14:45:00,25.51,9.2,9.2,9.2,9.2,9.2,9.2,9.2,21.07,9.2,9.2,25.51,9.2,9.2,-0.28,2.58,-0.28,9.2,9.2,9.2,9.2
2025-08-11 15:00:00,0.1,-13.97,-13.97,-13.97,-13.97,-13.97,-13.97,-13.97,7.23,-13.97,-13.97,0.1,-13.97,-13.97,-13.97,-13.97,-13.97,-13.97,-13.97,-13.97,-13.97
2025-08-11 15:15:00,15.34,-5.27,-5.27,-5.27,-5.27,-5.27,-5.27,-5.27,-5.27,-5.27,-5.27,15.34,-5.27,-5.27,-5.27,-5.27,-5.27,-5.27,-5.27,-5.27,-5.27
2025-08-11 15:30:00,15.34,13.69,13.69,13.69,13.69,13.69,13.69,13.69,21.28,13.69,13.69,15.34,13.69,13.69,5.23,5.23,5.23,5.23,5.23,13.69,13.69
2025-08-11 15:45:00,25.55,25.55,25.55,25.55,25.55,25.55,25.55,25.55,29.08,25.55,25.55,25.55,25.55,25.55,3.73,3.73,3.73,3.73,3.73,25.55,25.55
2025-08-11 16:00:00,34.62,34.62,34.62,34.62,15.01,15.01,15.01,15.01,81.0,15.01,15.01,34.62,15.01,15.01,2.65,2.65,2.65,9.46,9.46,15.01,15.01
2025-08-11 16:15:00,33.28,33.28,33.28,33.28,33.28,33.28,33.28,33.28,45.05,33.28,33.28,33.28,33.28,33.28,-1.0,8.7,-1.0,9.02,9.02,27.0,33.28
2025-08-11 16:30:00,70.01,70.01,70.01,70.01,70.01,50.0,70.01,70.01,70.01,70.01,70.01,70.01,70.01,70.01,-1.0,9.0,-1.0,9.0,9.0,37.91,70.01
2025-08-11 16:45:00,78.6,78.6,78.6,97.97,78.6,52.11,78.6,78.6,90.83,78.6,78.6,78.6,78.6,78.6,-1.0,9.36,-1.0,9.36,9.36,38.91,78.6
2025-08-11 17:00:00,59.74,59.74,59.74,59.74,59.74,20.01,59.74,59.74,59.74,59.74,59.74,59.74,93.33,59.74,2.75,2.75,2.75,25.7,25.7,49.18,59.74
2025-08-11 17:15:00,65.94,65.94,65.94,65.94,65.94,28.19,65.94,65.94,65.94,65.94,65.94,65.94,93.33,65.94,2.5,2.5,3.3,23.39,23.39,53.62,65.94
2025-08-11 17:30:00,94.47,94.47,94.47,94.47,94.47,40.01,94.47,94.47,94.47,94.47,94.47,94.47,94.47,94.47,2.5,2.5,3.31,23.39,23.39,55.85,94.47
2025-08-11 17:45:00,147.47,147.47,147.47,114.93,114.93,55.83,114.93,114.93,114.93,114.93,114.93,147.47,114.93,114.93,2.49,2.49,3.32,23.39,23.39,65.91,114.93
2025-08-11 18:00:00,89.23,89.23,89.23,78.5,67.59,40.01,78.5,78.5,89.23,78.5,78.5,89.23,88.89,78.5,3.1,3.1,4.49,25.7,25.7,51.4,78.5
2025-08-11 18:15:00,91.83,91.83,91.83,91.83,67.4,60.02,91.83,91.83,91.83,91.83,91.83,91.83,99.09,99.09,3.1,3.1,4.49,25.7,25.7,60.27,91.83
2025-08-11 18:30:00,125.48,125.48,125.48,118.66,114.37,79.13,118.66,118.66,125.48,118.66,118.66,125.48,111.4,111.4,1.05,25.52,4.49,25.7,25.7,60.28,118.66
2025-08-11 18:45:00,151.01,151.01,151.01,151.01,138.64,99.0,151.01,151.01,151.01,151.01,151.01,151.01,5057.27,97.19,1.05,25.52,4.49,25.7,25.7,63.92,151.01
2025-08-11 19:00:00,120.0,120.0,120.0,120.0,120.0,120.0,120.0,120.0,166.35,120.0,120.0,120.0,120.0,120.0,1.9,1.9,4.29,28.02,28.02,69.16,120.0
2025-08-11 19:15:00,101.74,101.74,101.74,124.63,124.63,124.63,124.63,124.63,169.03,124.63,124.63,101.74,124.63,124.63,0.15,0.15,4.29,28.0,28.0,69.16,101.74
2025-08-11 19:30:00,106.82,106.82,106.82,167.69,142.81,124.64,167.69,167.69,186.64,167.69,167.69,106.82,167.69,167.69,0.15,0.15,4.29,27.93,27.93,69.95,106.82
2025-08-11 19:45:00,150.93,150.93,150.93,231.68,198.71,128.04,231.68,231.68,231.68,231.68,231.68,150.93,231.68,231.68,0.15,0.15,4.29,19.43,19.43,69.94,150.93
2025-08-11 20:00:00,230.19,230.19,230.19,218.42,180.0,126.08,218.42,218.42,258.97,218.42,218.42,128.81,218.42,218.42,0.15,4.25,4.44,37.28,37.28,69.97,145.96
2025-08-11 20:15:00,200.0,200.0,200.0,195.39,184.69,132.09,195.39,195.39,258.95,195.39,195.39,118.65,195.39,195.39,1.49,2.31,4.44,32.65,32.65,69.95,189.91
2025-08-11 20:30:00,173.66,173.66,173.66,184.1,159.88,140.01,184.1,184.1,259.9,184.1,184.1,113.57,184.1,184.1,1.54,2.26,4.44,29.55,29.55,68.18,162.02
2025-08-11 20:45:00,147.32,147.32,147.32,182.09,167.43,149.89,182.09,182.09,260.15,182.09,182.09,99.19,182.09,182.09,1.5,2.3,4.44,19.97,19.97,63.18,147.32
2025-08-11 21:00:00,149.41,149.41,149.41,186.93,186.93,127.21,186.93,186.93,186.93,186.93,186.93,149.41,5057.27,110.8,1.5,1.5,1.5,17.9,17.9,69.96,149.41
2025-08-11 21:15:00,138.31,138.31,138.31,153.4,153.4,124.21,153.4,153.4,155.73,153.4,153.4,138.31,5057.27,110.8,-1.0,-1.0,-1.0,17.9,17.9,69.91,138.31
2025-08-11 21:30:00,81.41,81.41,81.41,131.7,131.7,124.21,131.7,131.7,133.52,131.7,131.7,81.41,5057.27,110.8,-1.0,-1.0,-1.0,17.9,17.9,63.85,81.41
2025-08-11 21:45:00,76.33,76.33,76.33,114.58,114.58,114.58,114.58,114.58,114.58,114.58,114.58,76.33,5057.27,110.8,-1.0,-1.0,-1.0,6.3,6.3,47.53,76.33
2025-08-11 22:00:00,131.38,131.38,131.38,131.38,131.38,125.0,131.38,131.38,131.38,131.38,131.38,111.2,102.21,88.55,1.65,1.65,4.84,5.92,5.92,54.5,114.91
2025-08-11 22:15:00,119.3,119.3,119.3,119.3,119.3,119.3,119.3,119.3,119.3,119.3,119.3,95.95,102.21,88.55,0.9,0.9,4.84,5.6,5.6,54.0,114.91
2025-08-11 22:30:00,109.08,109.08,109.08,109.08,109.08,109.08,109.08,109.08,109.08,109.08,109.08,88.33,102.21,88.55,-0.01,-0.01,4.84,-0.01,-0.01,43.59,71.0
2025-08-11 22:45:00,98.27,98.27,98.27,98.27,98.27,98.27,98.27,98.27,98.27,98.27,98.27,34.01,102.21,88.55,-0.09,-0.09,4.84,-0.09,-0.09,31.84,65.05
2025-08-11 23:00:00,108.41,108.41,108.41,110.01,110.01,110.01,110.01,110.01,110.01,110.01,110.01,89.02,75.57,81.98,1.6,1.6,4.85,5.26,5.26,47.82,108.41
2025-08-11 23:15:00,104.51,104.51,104.51,104.51,104.51,104.51,104.51,104.51,104.51,104.51,104.51,53.62,75.57,81.98,-1.0,-1.0,4.85,4.6,4.6,63.9,104.51
2025-08-11 23:30:00,47.0,47.0,47.0,90.35,90.35,90.35,90.35,90.35,90.35,90.35,90.35,40.5,75.57,85.45,1.1,1.1,4.85,1.1,1.1,47.0,47.0
2025-08-11 23:45:00,22.93,22.93,22.93,83.14,83.14,83.14,83.14,83.14,83.14,83.14,87.29,2.06,71.13,81.98,-0.03,-0.03,4.85,-0.03,-0.03,47.05,58.79
2025-08-12 00:00:00,110.9,110.9,110.9,110.9,123.74,110.9,110.9,110.9,110.9,110.9,110.9,67.4,85.65,85.65,2.38,2.38,9.2,2.38,2.38,22.78,110.9
2025-08-12 00:15:00,145.16,145.16,145.16,100.49,100.49,100.49,100.49,100.49,100.49,100.49,100.49,67.4,85.65,85.65,1.6,1.6,9.2,1.6,1.6,22.78,100.49
2025-08-12 00:30:00,139.11,139.11,139.11,91.29,91.29,91.29,91.29,91.29,91.29,91.29,91.29,67.4,88.61,88.61,0.45,0.45,9.2,0.45,0.45,22.78,91.29
2025-08-12 00:45:00,81.32,81.32,81.32,81.32,81.32,66.73,81.32,81.32,81.32,81.32,81.32,67.38,81.32,81.32,0.16,0.16,9.2,0.16,0.16,22.78,81.32
2025-08-12 01:00:00,145.16,145.16,145.16,95.83,101.96,95.83,95.83,95.83,95.83,95.83,95.83,49.64,80.65,80.65,2.77,2.77,8.75,2.77,2.77,41.04,74.9
2025-08-12 01:15:00,139.11,139.11,139.11,93.05,93.05,93.05,93.05,93.05,93.05,93.05,93.05,69.93,82.81,85.18,1.9,1.9,8.75,1.9,1.9,27.9,73.59
2025-08-12 01:30:00,139.11,139.11,139.11,91.5,91.5,91.5,91.5,91.5,91.5,91.5,91.5,58.13,82.81,85.18,1.73,1.73,8.75,1.73,1.73,27.9,68.09
2025-08-12 01:45:00,133.06,133.06,133.06,85.49,85.49,85.49,85.49,85.49,85.49,85.49,85.49,55.77,82.81,85.18,1.4,1.4,1.4,1.4,1.4,27.9,59.78
2025-08-12 02:00:00,133.06,133.06,133.06,92.42,92.42,92.42,92.42,92.42,92.42,92.42,92.42,36.82,78.96,79.38,2.15,2.15,9.2,2.67,2.67,26.75,67.07
2025-08-12 02:15:00,133.06,133.06,133.06,88.82,88.82,88.82,88.82,88.82,88.82,88.82,88.82,36.82,78.96,88.82,2.12,2.12,9.2,2.34,2.34,26.75,67.07
2025-08-12 02:30:00,133.06,133.06,133.06,86.16,86.16,86.16,86.16,86.16,86.16,86.16,86.16,19.11,78.96,86.16,2.16,2.16,9.2,2.22,2.22,38.8,63.92
2025-08-12 02:45:00,127.02,127.02,127.02,83.86,83.86,83.86,83.86,83.86,83.86,83.86,83.86,15.61,78.96,83.86,1.8,1.8,9.2,1.8,1.8,51.9,62.34
2025-08-12 03:00:00,127.02,127.02,127.02,87.4,87.4,80.61,87.4,87.4,87.4,87.4,87.4,2.06,78.67,78.67,2.06,2.06,8.75,2.06,2.06,35.48,87.4
2025-08-12 03:15:00,127.02,127.02,127.02,84.98,84.98,83.29,84.98,84.98,84.98,84.98,84.98,2.06,78.67,78.67,0.83,0.83,8.75,0.83,0.83,35.77,84.98
2025-08-12 03:30:00,127.02,127.02,127.02,88.13,74.67,62.47,88.13,74.67,88.13,88.13,88.13,2.06,78.67,78.67,0.71,0.71,8.75,0.71,0.71,48.91,88.13
2025-08-12 03:45:00,127.02,127.02,127.02,88.01,74.83,74.83,88.01,74.83,88.01,88.01,88.01,2.06,78.67,78.67,0.71,0.71,8.75,0.71,0.71,59.14,88.01
2025-08-12 04:00:00,26.03,83.32,83.32,83.32,75.97,75.97,83.32,75.97,83.32,83.32,83.32,26.03,78.96,83.32,2.99,2.99,9.2,2.99,2.99,43.35,67.59
2025-08-12 04:15:00,50.1,86.68,86.68,86.68,86.68,86.68,86.68,86.68,86.68,86.68,86.68,50.1,77.48,77.48,2.59,2.59,9.2,2.59,2.59,46.31,66.73
2025-08-12 04:30:00,50.1,93.46,93.46,93.46,81.31,81.31,93.46,81.31,93.46,93.46,93.46,50.1,77.48,77.48,2.38,2.38,9.2,2.38,2.38,52.9,66.73
2025-08-12 04:45:00,50.1,96.04,96.04,96.04,96.04,85.64,96.04,96.04,96.04,96.04,96.04,50.1,75.23,75.23,2.38,2.38,9.2,2.38,2.38,62.79,72.59
2025-08-12 05:00:00,86.85,86.85,86.85,86.85,43.31,43.31,86.85,83.19,86.85,86.85,86.85,86.85,96.28,86.85,3.06,3.06,8.75,3.06,3.06,48.2,76.58
2025-08-12 05:15:00,96.72,96.72,96.72,96.72,57.69,57.69,96.72,84.82,96.72,96.72,96.72,96.72,96.28,71.55,3.11,3.11,8.75,3.11,3.11,48.28,73.42
2025-08-12 05:30:00,104.23,104.23,104.23,104.23,79.91,69.89,104.23,104.23,104.23,104.23,104.23,104.23,103.97,77.14,3.34,3.34,8.75,3.34,3.34,48.8,71.09
2025-08-12 05:45:00,111.36,111.36,111.36,111.36,104.4,77.3,111.36,111.36,111.36,111.36,111.36,111.36,103.97,80.33,3.74,3.74,8.75,3.74,3.74,61.91,81.59
2025-08-12 06:00:00,95.51,95.51,95.51,95.51,57.51,57.51,95.51,95.51,95.51,95.51,95.51,95.51,107.82,95.51,3.57,3.57,3.57,3.57,3.57,50.38,85.38
2025-08-12 06:15:00,107.74,107.74,107.74,107.74,94.1,77.6,107.74,107.74,107.74,107.74,107.74,107.74,113.59,107.74,3.95,3.95,3.95,3.95,3.95,50.85,92.59
2025-08-12 06:30:00,111.55,111.55,111.55,111.55,111.55,60.24,111.55,111.55,111.55,111.55,111.55,111.55,111.55,111.55,5.67,5.67,8.0,5.67,5.67,63.9,94.11
2025-08-12 06:45:00,109.32,109.32,109.32,109.32,109.32,83.2,109.32,109.32,109.32,109.32,109.32,71.01,117.43,87.35,6.0,6.0,6.0,6.0,6.0,63.91,109.32
2025-08-12 07:00:00,123.5,123.5,123.5,110.02,123.5,89.14,123.5,123.5,123.5,123.5,123.5,161.81,145.47,145.47,5.97,5.97,5.97,5.97,5.97,55.65,123.5
2025-08-12 07:15:00,114.85,114.85,114.85,90.83,114.85,99.67,114.85,114.85,114.85,114.85,114.85,114.85,114.85,114.85,6.52,6.52,6.52,6.52,6.52,56.0,114.85
2025-08-12 07:30:00,99.19,99.19,99.19,79.0,99.19,99.19,99.19,99.19,99.19,99.19,99.19,99.19,103.96,99.19,2.7,2.7,2.7,2.7,2.7,68.91,99.19
2025-08-12 07:45:00,88.0,88.0,88.0,57.48,88.0,88.0,88.0,88.0,88.0,88.0,88.0,88.0,98.19,88.0,5.55,4.2,2.47,5.55,5.55,71.91,88.0
2025-08-12 08:00:00,127.95,127.95,127.95,111.68,127.95,116.9,127.95,127.95,127.95,127.95,127.95,127.95,127.95,127.95,-1.6,4.9,-1.6,20.4,20.4,53.48,127.95
2025-08-12 08:15:00,101.68,101.68,101.68,83.61,101.68,101.68,101.68,101.68,101.68,101.68,101.68,101.68,101.68,101.68,-1.6,6.93,-1.6,8.41,8.41,60.55,101.68
2025-08-12 08:30:00,86.19,86.19,86.19,64.38,86.19,86.19,86.19,86.19,84.17,86.19,86.19,86.19,103.96,86.19,-1.6,3.34,-1.6,8.46,8.46,66.9,86.19
2025-08-12 08:45:00,73.9,73.9,73.9,44.33,73.9,73.9,73.9,73.9,73.9,73.9,73.9,73.9,103.96,73.9,2.15,2.15,2.15,8.43,8.43,66.91,66.91
2025-08-12 09:00:00,113.49,110.5,110.5,88.41,110.5,110.5,110.5,110.5,110.55,110.5,110.5,113.49,110.5,110.5,2.1,2.1,2.1,7.43,7.43,49.06,110.5
2025-08-12 09:15:00,86.48,86.48,86.48,65.86,93.24,93.24,93.24,93.24,93.56,93.24,93.24,86.48,100.12,93.24,2.1,2.1,2.1,7.43,7.43,62.78,86.48
2025-08-12 09:30:00,50.57,39.99,39.99,39.99,80.9,80.9,80.9,80.9,39.99,80.9,80.9,50.57,98.19,80.9,-1.6,-0.75,-1.6,7.57,7.57,39.99,39.99
2025-08-12 09:45:00,50.58,33.6,33.6,16.13,60.52,59.0,60.52,60.52,33.6,60.52,60.52,50.58,98.19,60.52,-1.6,-1.6,-1.6,19.4,19.4,33.6,33.6
2025-08-12 10:00:00,165.39,94.19,94.19,60.68,94.19,94.19,94.19,94.19,60.68,94.19,94.19,165.39,94.19,94.19,5.0,7.01,5.0,7.24,7.24,57.91,94.19
2025-08-12 10:15:00,165.39,84.89,84.89,38.87,84.89,84.89,84.89,84.89,38.87,84.89,84.89,165.39,84.89,84.89,5.0,6.89,5.0,7.24,7.24,57.91,84.89
2025-08-12 10:30:00,137.07,66.03,66.03,19.81,66.03,66.03,66.03,66.03,19.81,66.03,66.03,137.07,84.72,66.03,3.7,3.7,3.7,7.55,7.55,56.19,66.03
2025-08-12 10:45:00,122.91,55.84,55.84,-8.54,55.84,55.84,55.84,55.84,-8.54,55.84,55.84,122.91,84.72,55.84,5.0,-0.75,5.0,7.55,7.55,55.84,55.84
2025-08-12 11:00:00,146.51,74.56,74.56,21.28,74.56,74.56,74.56,74.56,21.28,74.56,74.56,146.51,80.88,74.56,5.83,5.83,5.83,5.83,5.83,46.41,74.56
2025-08-12 11:15:00,146.51,51.44,51.44,5.65,51.44,51.44,51.44,51.44,5.65,51.44,51.44,146.51,80.88,53.45,4.0,4.0,4.0,4.0,4.0,43.75,51.44
2025-08-12 11:30:00,122.91,35.75,35.75,-11.35,35.75,35.75,35.75,35.75,0.06,35.75,35.75,122.91,80.88,71.16,3.95,3.95,3.95,3.95,3.95,35.75,35.75
2025-08-12 11:45:00,104.03,19.3,19.3,-34.86,19.3,19.3,19.3,19.3,-9.11,19.3,19.3,104.03,80.88,55.43,4.1,4.1,4.1,4.1,4.1,19.3,19.3
2025-08-12 12:00:00,104.03,46.17,46.17,8.92,32.7,32.7,32.7,32.7,8.92,32.7,32.7,104.03,65.59,65.59,3.5,3.83,3.5,6.37,6.37,21.91,32.7
2025-08-12 12:15:00,89.87,33.16,33.16,-4.96,16.68,16.68,16.68,16.68,-0.91,16.68,16.68,89.87,65.59,65.59,5.4,5.4,5.4,5.4,5.4,16.68,16.68
2025-08-12 12:30:00,80.43,4.84,4.84,-20.49,4.84,4.84,4.84,4.84,-5.69,4.84,4.84,80.43,63.41,63.41,4.84,4.84,4.84,4.84,4.84,4.84,4.84
2025-08-12 12:45:00,75.71,-2.32,-2.32,-29.95,-2.32,-2.32,-2.32,-2.32,-2.32,-2.32,-2.32,75.71,63.41,63.41,-2.32,-2.32,0.2,-2.32,-2.32,-2.32,-2.32
2025-08-12 13:00:00,47.53,11.06,11.06,11.06,11.06,11.06,11.06,11.06,11.06,11.06,11.06,47.53,55.42,55.42,4.85,-0.75,0.2,4.85,4.85,11.06,11.06
2025-08-12 13:15:00,71.04,3.0,3.0,3.0,3.0,3.0,3.0,3.0,3.0,3.0,3.0,71.04,55.42,55.42,3.0,-0.75,0.2,3.0,3.0,3.0,3.0
2025-08-12 13:30:00,94.59,2.69,2.69,0.0,0.0,0.0,0.0,0.0,0.0,2.69,2.69,94.59,55.42,55.42,3.46,2.69,2.41,2.69,2.69,2.69,2.69
2025-08-12 13:45:00,85.15,6.02,6.02,-9.33,-9.33,-9.33,-9.33,-9.33,-9.33,6.02,6.02,85.15,55.42,55.42,6.02,3.26,0.2,6.02,6.02,6.02,6.02
2025-08-12 14:00:00,75.69,-5.01,-5.01,-11.39,-11.39,-11.39,-11.39,-11.39,-11.39,-11.39,-11.39,75.69,56.25,56.25,2.4,2.4,2.4,-11.39,-11.39,-11.39,-11.39
2025-08-12 14:15:00,54.48,2.79,2.79,2.79,2.79,2.79,2.79,2.79,2.79,2.79,2.79,54.48,56.42,56.42,2.79,-1.05,2.79,2.79,2.79,2.79,2.79
2025-08-12 14:30:00,86.83,14.07,14.07,14.07,14.07,14.07,14.07,14.07,14.07,14.07,14.07,86.83,56.65,56.65,5.05,-1.05,2.13,5.05,5.05,14.07,14.07
2025-08-12 14:45:00,86.83,25.08,25.08,25.08,25.08,25.08,25.08,25.08,25.08,25.08,25.08,86.83,57.21,57.21,5.37,4.2,0.2,5.37,5.37,25.08,25.08
2025-08-12 15:00:00,107.96,22.07,22.07,22.07,22.07,22.07,22.07,22.07,22.07,22.07,22.07,107.96,55.93,55.93,3.51,3.51,3.51,3.51,3.51,22.07,22.07
2025-08-12 15:15:00,107.96,36.06,36.06,36.06,36.06,36.06,36.06,36.06,36.06,36.06,36.06,107.96,54.13,54.13,7.21,4.5,7.21,7.21,7.21,35.67,36.06
2025-08-12 15:30:00,107.93,43.18,43.18,43.18,43.18,43.18,43.18,43.18,45.11,43.18,43.18,107.93,53.38,53.38,7.27,4.5,7.27,7.27,7.27,38.96,43.18
2025-08-12 15:45:00,56.69,56.69,56.69,56.69,56.69,56.69,56.69,56.69,63.05,56.69,56.69,56.69,56.69,56.69,7.39,4.5,7.39,7.39,7.39,43.9,56.69
2025-08-12 16:00:00,60.61,60.61,60.61,60.61,60.61,60.61,60.61,60.61,96.81,60.61,60.61,60.61,80.88,61.41,3.57,3.57,3.57,3.57,3.57,52.9,60.61
2025-08-12 16:15:00,70.94,70.94,70.94,70.94,70.94,70.94,70.94,70.94,70.94,70.94,70.94,70.94,80.88,70.14,4.0,4.0,4.0,4.0,4.0,52.9,70.94
2025-08-12 16:30:00,85.46,85.46,85.46,85.46,85.46,85.46,85.46,85.46,85.46,85.46,85.46,85.46,85.46,85.46,6.93,6.93,6.93,8.29,8.29,58.84,85.46
2025-08-12 16:45:00,95.08,95.08,95.08,95.08,90.99,81.41,90.99,90.99,95.08,90.99,95.08,95.08,90.99,90.99,6.5,6.5,6.5,8.56,8.56,67.09,95.08
2025-08-12 17:00:00,78.81,78.81,78.81,78.81,78.81,78.81,78.81,78.81,78.81,78.81,78.81,78.81,88.58,78.81,11.94,-1.1,11.94,11.94,11.94,49.6,78.81
2025-08-12 17:15:00,83.91,83.91,83.91,83.91,83.91,83.91,83.91,83.91,83.91,83.91,83.91,83.91,90.5,83.91,9.48,-1.1,9.48,12.77,12.77,56.19,83.91
2025-08-12 17:30:00,111.19,111.19,111.19,111.19,101.8,94.4,101.8,101.8,111.19,101.8,111.19,111.19,101.8,101.8,9.48,-1.1,9.48,12.88,12.88,64.64,111.19
2025-08-12 17:45:00,141.66,141.66,141.66,141.66,125.64,100.2,125.64,125.64,141.66,125.64,141.66,141.66,125.64,125.64,9.48,-1.1,9.48,22.4,22.4,65.21,141.66
2025-08-12 18:00:00,99.59,99.59,99.59,85.08,78.0,67.86,85.08,78.0,99.59,85.08,99.59,99.59,90.5,85.08,2.1,3.08,2.1,9.56,9.56,49.0,99.59
2025-08-12 18:15:00,108.08,108.08,108.08,100.42,100.42,94.96,100.42,100.42,108.08,100.42,107.76,108.08,100.42,100.42,2.05,3.08,2.05,13.14,13.14,59.49,107.76
2025-08-12 18:30:00,155.21,155.21,155.21,113.58,113.58,109.7,113.58,113.58,155.21,113.58,122.14,155.21,113.58,113.58,2.1,6.97,2.1,14.2,14.2,65.64,122.14
2025-08-12 18:45:00,170.01,170.01,170.01,140.0,140.0,140.0,140.0,140.0,170.01,140.0,161.66,170.01,138.77,138.77,2.05,6.61,2.05,23.1,23.1,65.64,161.66
2025-08-12 19:00:00,151.83,151.83,151.83,126.23,126.23,126.23,126.23,126.23,211.38,126.23,151.83,151.83,126.23,126.23,2.55,-1.05,2.55,9.7,9.7,73.43,151.83
2025-08-12 19:15:00,147.27,147.27,147.27,134.07,134.07,134.07,134.07,134.07,222.61,134.07,147.27,147.27,134.07,134.07,2.6,-1.05,2.6,9.7,9.7,73.43,147.27
2025-08-12 19:30:00,180.08,180.08,180.08,168.32,163.64,163.64,168.32,168.32,247.83,168.32,180.08,180.08,168.32,168.32,2.6,2.6,2.6,14.04,14.04,64.05,180.08
2025-08-12 19:45:00,200.1,200.1,200.1,200.1,190.99,174.97,200.1,200.1,272.4,200.1,200.1,200.1,200.1,200.1,2.6,2.6,2.6,21.7,21.7,57.2,200.1
2025-08-12 20:00:00,188.28,188.28,188.28,188.28,188.28,150.0,188.28,188.28,317.84,188.28,188.28,188.28,163.62,163.62,2.65,-0.8,2.65,15.25,15.25,70.55,188.28
2025-08-12 20:15:00,200.0,200.0,200.0,165.46,165.46,159.93,165.46,165.46,319.16,165.46,167.57,200.0,148.23,148.23,2.6,-0.8,2.6,12.1,12.1,63.54,167.57
2025-08-12 20:30:00,164.03,164.03,164.03,164.03,164.03,164.03,164.03,164.03,320.0,164.03,164.03,164.03,151.86,151.86,2.65,2.65,2.65,12.1,12.1,63.54,164.03
2025-08-12 20:45:00,164.31,164.31,164.31,148.68,170.42,170.42,148.68,148.68,313.86,148.68,164.31,164.31,138.58,138.58,2.6,2.6,2.6,12.1,12.1,76.9,164.31
2025-08-12 21:00:00,180.08,180.08,180.08,160.3,160.3,160.0,160.3,160.3,197.56,160.3,180.08,180.08,138.77,138.77,2.27,2.27,2.27,2.5,2.5,85.91,180.08
2025-08-12 21:15:00,153.42,153.42,153.42,146.94,146.94,146.94,146.94,146.94,180.06,146.94,153.42,153.42,146.94,146.94,2.27,2.27,2.27,2.5,2.5,85.9,153.42
2025-08-12 21:30:00,143.74,143.74,143.74,140.0,140.0,140.0,140.0,140.0,143.74,140.0,143.74,143.74,140.0,140.0,2.27,2.27,2.27,2.27,2.27,48.73,143.74
2025-08-12 21:45:00,126.76,126.76,126.76,126.76,135.06,135.06,126.76,126.76,126.76,126.76,126.76,126.76,127.06,126.76,2.2,4.5,2.2,2.2,2.2,47.09,126.76
2025-08-12 22:00:00,136.9,136.9,136.9,136.9,136.9,136.9,136.9,136.9,136.9,136.9,136.9,136.9,107.82,103.5,4.4,-0.75,4.4,4.4,4.4,75.91,136.9
2025-08-12 22:15:00,127.99,127.99,127.99,127.99,127.99,127.99,127.99,127.99,127.99,127.99,127.99,127.99,107.82,103.5,4.4,1.25,4.4,4.4,4.4,61.61,127.99
2025-08-12 22:30:00,116.85,116.85,116.85,116.85,124.87,124.87,116.85,116.85,116.85,116.85,116.85,116.85,107.82,103.5,4.4,4.4,4.4,4.4,4.4,37.24,116.85
2025-08-12 22:45:00,103.06,103.06,103.06,103.06,116.0,116.0,103.06,103.06,103.06,103.06,103.06,103.06,107.82,103.06,4.4,4.4,4.4,4.4,4.4,34.74,103.06
2025-08-12 23:00:00,119.87,119.87,119.87,119.87,125.0,125.0,119.87,119.87,119.87,119.87,119.87,119.87,94.35,88.9,2.7,4.4,10.35,2.7,2.7,67.9,119.87
2025-08-12 23:15:00,113.96,113.96,113.96,113.96,117.7,117.7,113.96,111.6,113.96,113.96,113.96,113.96,94.35,88.9,2.8,4.4,10.35,2.8,2.8,52.55,113.96
2025-08-12 23:30:00,104.68,104.68,104.68,104.68,104.88,104.88,104.68,81.04,104.68,104.68,104.68,61.57,94.35,88.9,3.0,4.4,10.35,3.0,3.0,52.54,104.68
2025-08-12 23:45:00,48.4,48.4,48.4,92.29,92.42,92.42,92.29,66.67,92.29,92.29,69.08,14.37,94.35,88.9,3.2,4.4,10.35,3.2,3.2,31.27,69.08
2025-08-13 00:00:00,104.09,104.09,104.09,104.09,160.35,129.1,104.09,102.8,104.09,104.09,104.09,26.58,50.0,102.8,2.59,-1.5,2.59,12.19,12.19,50.0,104.09
2025-08-13 00:15:00,114.59,114.59,114.59,99.99,129.22,129.22,99.99,98.61,99.99,99.99,99.99,12.1,50.0,98.61,2.59,-1.5,2.59,12.1,12.1,50.0,99.99
2025-08-13 00:30:00,104.17,104.17,104.17,93.19,93.19,93.19,93.19,93.19,93.19,93.19,93.19,19.4,50.0,93.19,2.64,2.64,2.64,19.4,19.4,50.0,93.19
2025-08-13 00:45:00,93.76,93.76,93.76,85.2,85.2,85.2,85.2,85.2,85.2,85.2,85.2,51.11,71.24,85.2,2.69,2.69,2.69,19.4,19.4,42.76,85.2
2025-08-13 01:00:00,100.47,100.47,100.47,100.47,104.71,104.71,100.47,100.47,100.47,100.47,100.47,9.68,62.74,100.47,2.72,2.72,9.25,2.72,2.72,46.76,100.47
2025-08-13 01:15:00,92.5,92.5,92.5,92.5,94.1,94.1,92.5,92.5,92.5,92.5,92.5,9.68,62.74,92.5,2.77,2.77,9.25,2.77,2.77,46.76,92.5
2025-08-13 01:30:00,90.91,90.91,90.91,90.91,92.29,92.29,90.91,90.91,90.91,90.91,90.91,74.71,62.74,90.91,6.27,6.27,9.25,6.27,6.27,46.76,90.91
2025-08-13 01:45:00,145.83,145.83,145.83,87.29,87.29,87.29,87.29,87.29,87.29,87.29,87.29,74.75,62.74,87.29,6.37,6.37,9.25,6.37,6.37,46.76,87.29
2025-08-13 02:00:00,93.12,93.12,93.12,93.12,93.12,93.12,93.12,93.12,93.12,93.12,93.12,18.85,61.04,93.12,2.45,12.68,7.85,12.68,12.68,46.46,93.12
2025-08-13 02:15:00,89.78,89.78,89.78,89.78,89.78,89.78,89.78,89.78,89.78,89.78,89.78,47.43,61.04,89.78,2.48,12.68,7.85,12.68,12.68,39.8,89.78
2025-08-13 02:30:00,90.93,90.93,90.93,90.93,90.93,90.93,90.93,90.93,90.93,90.93,90.93,52.01,61.04,90.93,2.47,12.83,13.95,12.83,12.83,46.46,90.93
2025-08-13 02:45:00,88.18,88.18,88.18,88.18,88.18,88.18,88.18,88.18,88.18,88.18,88.18,56.6,61.04,88.18,2.47,12.83,13.95,12.83,12.83,46.46,88.18
2025-08-13 03:00:00,13.23,90.09,90.09,90.09,90.09,90.09,90.09,90.09,90.09,90.09,90.09,13.23,64.44,90.09,0.3,13.23,7.95,13.23,13.23,46.71,90.09
2025-08-13 03:15:00,18.85,89.67,89.67,89.67,89.67,89.67,89.67,89.67,89.67,89.67,89.67,18.85,64.44,89.67,0.3,13.3,7.95,13.3,13.3,46.71,89.67
2025-08-13 03:30:00,20.4,86.42,86.42,86.42,86.42,86.42,86.42,86.42,86.42,86.42,86.42,20.4,64.44,86.42,0.3,0.69,7.95,20.4,20.4,46.71,86.42
2025-08-13 03:45:00,73.1,89.03,89.03,89.03,89.03,89.03,89.03,89.03,89.03,89.03,89.03,73.1,64.44,89.03,0.3,0.75,7.95,20.4,20.4,46.71,89.03
2025-08-13 04:00:00,84.7,84.7,84.7,84.7,84.7,84.7,84.7,84.7,84.7,84.7,84.7,73.92,64.44,84.7,0.3,21.4,7.85,21.4,21.4,47.71,84.7
2025-08-13 04:15:00,87.58,87.58,87.58,87.58,87.58,87.58,87.58,87.58,87.58,87.58,87.58,73.92,64.44,87.58,0.3,0.69,7.85,21.4,21.4,47.71,87.58
2025-08-13 04:30:00,93.28,93.28,93.28,93.28,93.28,93.28,93.28,93.28,93.28,93.28,93.28,73.91,64.44,93.28,0.8,0.8,7.85,21.4,21.4,47.71,93.28
2025-08-13 04:45:00,98.44,98.44,98.44,98.44,98.44,98.44,98.44,98.44,98.44,98.44,98.44,53.33,64.44,98.44,3.95,3.95,7.85,21.4,21.4,47.71,98.44
2025-08-13 05:00:00,86.71,86.71,86.71,86.71,86.71,86.71,86.71,86.71,86.71,86.71,86.71,86.71,64.44,86.71,2.15,2.15,8.7,23.4,23.4,35.34,86.71
2025-08-13 05:15:00,90.73,90.73,90.73,90.73,90.73,90.73,90.73,90.73,90.73,90.73,90.73,90.73,64.44,90.73,6.0,-1.6,8.7,23.4,23.4,47.91,90.73
2025-08-13 05:30:00,100.06,100.06,100.06,100.06,100.06,99.1,100.06,100.06,100.06,100.06,100.06,100.06,64.44,100.06,8.75,-1.6,8.75,23.4,23.4,48.86,100.06
2025-08-13 05:45:00,106.5,106.5,106.5,106.5,106.5,106.5,106.5,106.5,106.5,106.5,106.5,106.5,64.44,106.5,8.75,-1.6,8.75,20.08,20.08,48.86,106.5
2025-08-13 06:00:00,110.57,110.57,110.57,106.37,106.37,106.37,106.37,106.37,106.37,106.37,106.37,110.57,106.94,106.37,13.8,12.49,13.8,13.8,13.8,57.38,106.37
2025-08-13 06:15:00,110.57,110.57,110.57,110.21,110.21,110.21,110.21,110.21,110.21,110.21,110.21,110.57,102.36,102.36,13.8,12.49,13.8,14.91,14.91,72.86,110.21
2025-08-13 06:30:00,138.23,138.23,138.23,114.43,114.43,114.43,114.43,114.43,114.43,114.43,114.43,138.23,102.0,102.0,13.83,12.49,13.83,14.91,14.91,72.86,114.43
2025-08-13 06:45:00,138.3,138.3,138.3,114.43,114.43,114.43,114.43,114.43,114.43,114.43,114.43,138.3,106.94,98.4,13.78,13.66,13.78,14.91,14.91,72.86,114.43
2025-08-13 07:00:00,150.04,150.04,150.04,97.05,120.1,120.1,120.1,120.1,120.1,120.1,120.1,150.04,117.71,117.71,13.72,12.24,13.72,28.29,28.29,79.46,120.1
2025-08-13 07:15:00,150.05,150.05,150.05,94.85,116.36,116.36,116.36,116.36,116.36,116.36,116.36,150.05,116.36,116.36,13.72,12.24,13.72,28.29,28.29,79.46,116.36
2025-08-13 07:30:00,150.06,150.06,150.06,85.05,109.96,109.96,109.96,109.96,109.96,109.96,109.96,150.06,109.96,109.96,13.72,12.24,13.72,28.29,28.29,79.46,109.96
2025-08-13 07:45:00,187.49,187.49,187.49,70.69,99.13,99.13,99.13,99.13,99.13,99.13,99.13,159.0,105.23,99.13,13.72,12.24,13.72,28.29,28.29,79.46,99.13
2025-08-13 08:00:00,127.94,127.94,127.94,105.45,127.94,127.94,127.94,127.94,127.94,127.94,127.94,156.43,127.94,127.94,10.75,10.75,10.75,59.59,59.59,111.51,127.94
2025-08-13 08:15:00,114.95,114.95,114.95,90.02,114.95,114.95,114.95,114.95,114.95,114.95,114.95,114.95,114.95,114.95,10.75,10.75,10.75,65.1,65.1,106.67,114.95
2025-08-13 08:30:00,102.61,102.61,102.61,70.06,102.61,102.61,102.61,102.61,94.97,102.61,102.61,102.61,105.23,102.61,10.75,10.75,10.75,65.18,65.18,92.62,102.61
2025-08-13 08:45:00,87.29,87.29,87.29,55.07,87.29,87.29,87.29,87.29,87.29,87.29,87.29,87.29,105.23,87.29,10.75,10.75,10.75,65.16,65.16,87.29,87.29
2025-08-13 09:00:00,117.21,117.21,117.21,116.59,117.21,117.21,117.21,117.21,116.59,117.21,117.21,117.21,117.21,117.21,3.6,3.6,12.25,54.86,54.86,117.21,117.21
2025-08-13 09:15:00,107.2,107.2,107.2,105.13,107.2,107.2,107.2,107.2,105.13,107.2,107.2,107.2,107.2,107.2,3.55,3.55,12.25,54.86,54.86,103.05,107.2
2025-08-13 09:30:00,94.1,94.1,94.1,67.37,94.1,94.1,94.1,94.1,67.37,94.1,94.1,94.1,94.1,94.1,3.5,3.5,12.25,54.58,54.58,94.1,94.1
2025-08-13 09:45:00,78.6,78.6,78.6,30.06,78.6,78.6,78.6,78.6,30.06,78.6,78.6,78.6,93.33,78.6,3.5,3.5,12.25,54.58,54.58,78.6,78.6
2025-08-13 10:00:00,106.71,106.71,106.71,67.49,106.71,106.71,106.71,106.71,67.49,106.71,106.71,106.71,106.71,106.71,3.8,3.8,12.25,52.5,52.5,106.71,106.71
2025-08-13 10:15:00,97.66,97.66,97.66,76.88,97.66,97.66,97.66,97.66,76.88,97.66,97.66,97.66,97.66,97.66,3.65,3.65,12.25,52.45,52.45,97.66,97.66
2025-08-13 10:30:00,82.36,82.36,82.36,64.65,90.0,90.0,82.36,82.36,64.65,82.36,82.36,82.36,91.63,82.36,3.45,3.45,12.25,51.87,51.87,82.36,82.36
2025-08-13 10:45:00,73.48,73.48,73.48,43.23,90.0,90.0,73.48,73.48,43.23,73.48,73.48,73.48,91.63,73.48,2.43,2.43,12.25,51.86,51.86,73.48,73.48
2025-08-13 11:00:00,86.43,86.43,86.43,60.05,86.43,86.43,86.43,86.43,28.76,86.43,86.43,86.43,88.23,86.21,3.75,3.75,12.3,25.93,25.93,83.63,86.43
2025-08-13 11:15:00,86.0,86.0,86.0,38.02,86.0,86.0,86.0,86.0,38.02,86.0,86.0,86.0,88.23,86.21,3.55,3.55,12.3,25.81,25.81,76.36,86.0
2025-08-13 11:30:00,85.8,85.8,85.8,18.77,85.8,85.8,85.8,85.8,18.77,85.8,85.8,85.8,88.23,85.8,3.46,3.46,12.3,25.67,25.67,69.09,85.8
2025-08-13 11:45:00,80.05,80.05,80.05,-8.72,80.05,82.13,80.05,80.05,15.96,80.05,80.05,80.05,88.23,80.05,2.5,2.5,12.3,25.67,25.67,69.09,80.05
2025-08-13 12:00:00,79.57,79.57,79.57,5.09,79.57,79.57,79.57,79.57,16.55,79.57,79.57,79.57,84.83,79.57,3.55,3.55,12.2,16.91,16.91,53.81,79.57
2025-08-13 12:15:00,71.94,71.94,71.94,-14.66,71.94,71.94,71.94,71.94,10.37,71.94,71.94,71.94,84.84,71.94,3.57,3.57,12.2,16.88,16.88,53.81,71.94
2025-08-13 12:30:00,56.58,56.58,56.58,-25.72,74.24,74.24,56.58,56.58,14.56,56.58,56.58,56.58,84.84,56.58,3.57,3.57,12.2,16.84,16.84,53.81,56.58
2025-08-13 12:45:00,21.51,21.51,21.51,-44.68,73.48,73.48,49.99,49.99,17.89,49.99,21.51,21.51,84.84,49.99,3.65,3.65,12.2,16.8,16.8,21.51,21.51
2025-08-13 13:00:00,89.74,89.74,89.74,-9.93,74.89,74.89,61.26,61.26,23.46,61.26,89.74,89.74,62.43,61.26,1.0,15.85,12.3,15.85,15.85,48.89,89.74
2025-08-13 13:15:00,55.02,55.02,55.02,-17.08,57.28,57.28,55.02,55.02,4.19,55.02,55.02,55.02,62.43,55.02,1.0,15.75,12.3,15.75,15.75,48.89,55.02
2025-08-13 13:30:00,40.56,40.56,40.56,-19.96,40.56,40.56,40.56,40.56,13.12,40.56,40.56,40.56,62.43,40.56,1.0,15.75,12.3,15.75,15.75,40.56,40.56
2025-08-13 13:45:00,40.0,40.0,40.0,-29.0,40.0,40.0,40.0,40.0,-0.07,40.0,40.0,40.0,62.43,40.0,1.0,15.75,12.3,15.75,15.75,40.0,40.0
2025-08-13 14:00:00,50.11,50.11,50.11,-3.15,50.11,50.11,50.11,50.11,13.58,50.11,50.11,50.11,86.54,50.11,11.49,21.79,21.3,21.79,21.79,50.11,50.11
2025-08-13 14:15:00,57.97,57.97,57.97,12.3,57.97,57.97,57.97,57.97,22.66,57.97,57.97,57.97,86.54,57.97,11.49,21.85,21.3,21.85,21.85,57.97,57.97
2025-08-13 14:30:00,58.93,58.93,58.93,30.04,58.93,58.93,58.93,58.93,58.93,58.93,58.93,58.93,86.54,58.93,12.1,21.79,21.3,21.79,21.79,58.93,58.93
2025-08-13 14:45:00,64.0,64.0,64.0,44.58,64.0,64.0,64.0,64.0,64.0,64.0,64.0,68.28,86.54,69.23,12.1,21.79,21.3,21.79,21.79,64.0,64.0
2025-08-13 15:00:00,71.22,71.22,71.22,71.22,71.22,80.3,71.22,71.22,71.22,71.22,71.22,66.94,93.34,65.99,9.21,30.03,9.21,30.03,30.03,71.22,71.22
2025-08-13 15:15:00,80.9,80.9,80.9,80.9,80.9,80.9,80.9,80.9,80.9,80.9,80.9,80.9,93.34,80.9,10.22,30.03,10.22,30.03,30.03,80.9,80.9
2025-08-13 15:30:00,83.88,83.88,83.88,83.88,83.88,83.88,83.88,83.88,89.31,83.88,83.88,83.88,93.34,83.95,10.52,30.03,10.52,30.03,30.03,83.88,83.88
2025-08-13 15:45:00,85.7,85.7,85.7,85.7,85.7,85.7,85.7,85.7,89.35,85.7,85.7,88.23,93.34,85.63,2.11,13.41,8.6,31.07,31.07,85.7,85.7
2025-08-13 16:00:00,80.01,80.01,80.01,80.01,80.01,80.01,80.01,80.01,89.18,80.01,80.01,77.48,93.34,80.01,8.32,16.76,8.32,38.7,38.7,80.01,80.01
2025-08-13 16:15:00,85.17,85.17,85.17,85.17,85.17,85.17,85.17,85.17,85.17,85.17,85.17,85.17,93.34,85.17,9.74,16.76,9.74,29.15,29.15,85.17,85.17
2025-08-13 16:30:00,91.51,91.51,91.51,91.51,91.51,91.51,91.51,91.51,91.51,91.51,91.51,91.51,91.51,91.51,10.05,16.76,10.05,38.7,38.7,91.51,91.51
2025-08-13 16:45:00,96.82,96.82,96.82,96.82,96.82,96.82,96.82,96.82,96.82,96.82,96.82,96.82,96.82,96.82,5.6,5.6,7.7,41.31,41.31,96.82,96.82
2025-08-13 17:00:00,88.45,88.45,88.45,88.45,88.45,88.45,88.45,88.45,88.45,88.45,88.45,88.45,96.74,88.45,11.84,16.71,15.35,33.93,33.93,66.06,88.45
2025-08-13 17:15:00,94.14,94.14,94.14,94.14,94.14,94.14,94.14,94.14,94.14,94.14,94.14,94.14,96.74,94.14,12.45,16.71,15.35,38.47,38.47,72.61,94.14
2025-08-13 17:30:00,104.73,104.73,104.73,104.73,104.73,104.73,104.73,104.73,104.73,104.73,104.73,104.73,103.54,104.73,12.45,16.71,15.35,43.48,43.48,72.61,104.73
2025-08-13 17:45:00,121.86,121.86,121.86,121.86,121.86,107.09,121.86,121.86,121.86,121.86,121.86,121.86,115.43,121.86,8.7,16.71,15.35,48.11,48.11,73.02,121.86
2025-08-13 18:00:00,109.82,109.82,109.82,86.7,95.56,95.56,95.56,95.56,109.82,95.56,95.56,109.82,95.56,95.56,0.6,0.6,15.9,27.35,27.35,59.25,95.56
2025-08-13 18:15:00,124.99,124.99,124.99,106.63,109.08,109.08,109.08,109.08,124.99,109.08,109.08,124.99,109.08,109.08,-0.22,-0.22,15.9,27.35,27.35,65.71,109.08
2025-08-13 18:30:00,167.52,167.52,167.52,119.4,131.26,124.26,131.26,131.26,167.52,131.26,131.48,167.52,127.33,131.26,5.6,5.6,15.9,27.35,27.35,65.71,167.52
2025-08-13 18:45:00,195.85,195.85,195.85,133.82,190.79,133.82,190.79,190.79,195.85,190.79,195.85,195.85,174.6,190.79,5.8,5.8,15.9,27.4,27.4,65.71,195.85
2025-08-13 19:00:00,181.24,181.24,181.24,137.09,137.09,137.09,137.09,137.09,181.24,137.09,132.03,181.24,154.54,133.49,0.78,0.78,0.82,25.25,25.25,86.34,132.03
2025-08-13 19:15:00,194.77,194.77,194.77,164.08,156.12,146.46,164.08,164.08,194.77,164.08,164.08,194.77,156.24,126.04,0.8,0.8,0.8,25.3,25.3,86.34,164.08
2025-08-13 19:30:00,242.19,242.19,242.19,242.19,242.19,156.33,242.19,242.19,242.19,242.19,242.19,242.19,159.61,126.04,0.8,0.8,0.8,25.3,25.3,86.34,242.19
2025-08-13 19:45:00,321.04,321.04,321.04,321.04,321.04,159.55,321.04,321.04,321.04,321.04,321.04,321.04,168.14,126.04,0.8,0.8,0.8,25.25,25.25,86.34,321.04
2025-08-13 20:00:00,263.43,263.43,263.43,263.43,263.43,146.1,263.43,263.43,263.43,263.43,263.43,214.27,190.23,138.58,0.65,0.65,6.6,29.44,29.44,99.18,263.43
2025-08-13 20:15:00,271.66,271.66,271.66,271.66,271.66,157.26,271.66,271.66,271.66,271.66,271.66,180.37,190.23,138.73,10.82,10.82,10.82,29.44,29.44,99.18,271.66
2025-08-13 20:30:00,243.53,243.53,243.53,243.53,243.53,180.0,243.53,243.53,243.53,243.53,243.53,180.31,190.23,137.8,11.92,11.92,11.92,29.44,29.44,99.18,243.53
2025-08-13 20:45:00,240.45,240.45,240.45,222.22,222.22,185.6,222.22,222.22,240.45,222.22,222.22,180.25,186.3,137.8,11.92,11.92,11.92,29.39,29.39,99.19,222.22
2025-08-13 21:00:00,214.5,214.5,214.5,214.5,214.5,154.2,214.5,214.5,214.5,214.5,214.5,146.41,123.93,94.1,12.32,12.32,12.32,25.2,25.2,72.91,214.5
2025-08-13 21:15:00,197.91,197.91,197.91,169.91,169.91,153.6,169.91,169.91,169.91,169.91,169.91,146.41,123.93,94.1,12.32,12.32,12.32,25.2,25.2,72.91,169.91
2025-08-13 21:30:00,187.49,187.49,187.49,152.99,152.99,152.99,152.99,152.99,152.99,152.99,152.99,146.41,123.9,94.1,12.32,12.32,12.32,24.14,24.14,72.91,152.99
2025-08-13 21:45:00,177.07,177.07,177.07,138.95,138.95,138.95,138.95,138.95,138.95,138.95,138.95,146.41,118.83,94.1,3.6,3.6,3.6,24.04,24.04,72.91,138.95
2025-08-13 22:00:00,141.76,141.76,141.76,141.76,141.76,141.76,141.76,141.76,141.76,141.76,141.76,119.8,99.91,99.91,15.7,15.7,17.9,15.7,15.7,69.91,141.76
2025-08-13 22:15:00,133.21,133.21,133.21,133.21,133.21,133.21,133.21,133.21,133.21,133.21,133.21,119.83,99.91,99.91,15.7,15.7,17.9,15.7,15.7,69.91,133.21
2025-08-13 22:30:00,124.22,124.22,124.22,124.22,124.22,124.22,124.22,124.22,124.22,124.22,124.22,119.86,99.91,99.91,15.6,15.6,17.9,15.6,15.6,69.91,124.22
2025-08-13 22:45:00,119.87,119.87,119.87,110.0,110.0,110.0,110.0,110.0,110.0,110.0,110.0,119.87,99.91,99.91,15.43,15.43,17.9,15.43,15.43,68.91,110.0
2025-08-13 23:00:00,187.49,187.49,187.49,125.01,125.01,125.01,125.01,125.01,125.01,125.01,125.01,71.69,93.21,93.21,13.73,13.73,19.7,13.97,13.97,59.91,125.01
2025-08-13 23:15:00,187.49,187.49,187.49,116.9,116.9,116.9,116.9,116.9,116.9,116.9,116.9,64.69,89.9,89.9,3.34,3.34,19.7,13.76,13.76,59.91,116.9
2025-08-13 23:30:00,166.66,166.66,166.66,104.89,104.89,104.89,104.89,104.89,104.89,104.89,104.89,64.69,86.71,86.71,3.38,3.38,19.7,13.67,13.67,59.91,104.89
2025-08-13 23:45:00,145.82,145.82,145.82,94.71,94.71,94.71,94.71,94.71,94.71,94.71,107.49,64.69,85.86,85.86,3.4,3.4,19.7,13.56,13.56,59.9,107.49
2025-08-14 00:00:00,151.54,151.54,151.54,108.12,108.12,108.12,108.12,108.12,108.12,108.12,108.12,75.92,49.91,95.31,2.37,2.37,10.2,23.41,23.41,49.91,108.12
2025-08-14 00:15:00,151.54,151.54,151.54,100.85,100.85,100.85,100.85,100.85,100.85,100.85,100.85,96.46,63.13,95.18,2.47,2.47,10.2,12.63,12.63,55.21,100.85
2025-08-14 00:30:00,151.54,151.54,151.54,85.8,85.8,71.3,85.8,85.8,85.8,85.8,85.8,96.46,58.63,85.8,3.2,3.2,10.2,8.42,8.42,55.21,85.8
2025-08-14 00:45:00,101.14,101.14,101.14,79.62,79.62,79.62,79.62,79.62,90.03,79.62,79.62,83.81,57.12,79.62,3.66,3.66,10.2,3.66,3.66,49.16,79.62
2025-08-14 01:00:00,126.34,126.34,126.34,98.75,98.75,98.75,98.75,98.75,98.75,98.75,98.75,74.62,51.72,95.23,3.06,3.06,7.8,22.4,22.4,51.72,98.75
2025-08-14 01:15:00,126.34,126.34,126.34,90.31,90.31,90.31,90.31,90.31,115.98,90.31,90.31,72.51,57.12,90.31,4.33,4.33,7.8,11.42,11.42,45.38,90.31
2025-08-14 01:30:00,126.34,126.34,126.34,82.47,82.47,82.47,82.47,82.47,108.48,82.47,82.47,72.51,57.12,82.47,4.68,4.68,7.8,10.99,10.99,39.54,82.47
2025-08-14 01:45:00,101.14,101.14,101.14,79.03,79.03,79.03,79.03,79.03,103.9,79.03,79.03,66.18,55.62,79.03,5.16,5.16,7.8,10.91,10.91,39.54,79.03
2025-08-14 02:00:00,95.99,95.99,95.99,95.99,95.99,95.99,95.99,95.99,115.0,95.99,95.99,65.91,55.62,94.29,5.34,5.34,7.65,11.07,11.07,46.9,95.99
2025-08-14 02:15:00,86.49,86.49,86.49,86.49,86.49,86.49,86.49,86.49,115.0,86.49,86.49,61.69,55.62,86.49,5.37,5.37,7.65,10.88,10.88,32.47,86.49
2025-08-14 02:30:00,79.2,79.2,79.2,79.2,79.2,79.2,79.2,79.2,113.6,79.2,79.2,59.58,55.62,79.2,5.37,5.37,7.65,6.48,6.48,45.38,79.2
2025-08-14 02:45:00,77.47,77.47,77.47,77.47,76.2,76.2,77.47,77.47,113.81,77.47,77.47,59.58,55.62,77.47,5.24,5.24,7.65,5.24,5.24,32.46,77.47
2025-08-14 03:00:00,87.95,87.95,87.95,87.95,87.95,87.95,87.95,87.95,110.31,87.95,87.95,58.59,54.11,87.95,4.47,4.47,4.47,4.47,4.47,52.29,87.95
2025-08-14 03:15:00,84.33,84.33,84.33,84.33,84.33,84.33,84.33,84.33,107.25,84.33,84.33,56.48,54.11,84.33,4.47,4.47,4.47,4.47,4.47,52.29,84.33
2025-08-14 03:30:00,84.01,84.01,84.01,84.01,70.28,70.28,84.01,84.01,108.17,84.01,84.01,60.7,55.62,84.01,4.47,4.47,4.47,4.47,4.47,52.29,84.01
2025-08-14 03:45:00,88.71,88.71,88.71,88.71,63.93,63.93,88.71,88.71,110.33,88.71,88.71,60.7,58.62,88.71,4.47,4.47,4.47,4.47,4.47,52.29,88.71
2025-08-14 04:00:00,80.55,80.55,80.55,80.55,80.55,80.55,80.55,80.55,106.32,80.55,80.55,66.37,52.61,80.55,4.2,4.2,4.2,7.91,7.91,52.5,80.55
2025-08-14 04:15:00,80.69,80.69,80.69,80.69,80.69,80.69,80.69,80.69,104.29,80.69,80.69,66.37,54.11,80.69,4.2,4.2,4.2,7.73,7.73,52.72,80.69
2025-08-14 04:30:00,90.79,90.79,90.79,90.79,77.94,77.94,90.79,90.79,105.31,90.79,90.79,70.58,55.62,90.79,4.2,4.2,4.2,7.9,7.9,52.72,90.79
2025-08-14 04:45:00,99.99,99.99,99.99,99.99,82.59,82.59,99.99,99.99,99.99,99.99,99.99,73.74,55.62,79.35,4.27,4.27,4.27,7.9,7.9,52.49,99.99
2025-08-14 05:00:00,105.44,105.44,105.44,80.63,69.97,69.97,80.63,80.63,88.91,80.63,80.63,105.44,54.11,80.63,4.1,4.1,13.1,8.24,8.24,53.37,80.63
2025-08-14 05:15:00,97.0,97.0,97.0,88.0,85.25,73.77,88.0,88.0,88.0,88.0,88.0,97.0,53.37,88.0,3.9,3.9,13.1,8.24,8.24,53.37,88.0
2025-08-14 05:30:00,113.86,113.86,113.86,96.54,96.54,73.45,96.54,96.54,96.54,96.54,96.54,113.86,53.37,83.9,3.8,3.8,13.1,8.3,8.3,53.37,96.54
2025-08-14 05:45:00,113.79,113.79,113.79,107.03,107.03,94.21,107.03,107.03,107.03,107.03,107.03,113.79,53.4,83.9,1.5,1.5,13.1,8.3,8.3,53.4,107.03
2025-08-14 06:00:00,106.05,106.05,106.05,96.0,79.19,79.19,96.0,96.0,96.0,96.0,96.0,106.05,30.09,96.0,-0.08,-0.08,18.2,10.46,10.46,58.2,96.0
2025-08-14 06:15:00,114.17,114.17,114.17,107.03,107.03,89.15,107.03,107.03,107.03,107.03,107.03,114.17,39.1,98.72,1.7,1.7,18.2,10.46,10.46,58.2,107.03
2025-08-14 06:30:00,119.88,119.88,119.88,109.31,109.31,70.32,109.31,109.31,109.31,109.31,109.31,119.88,45.11,97.19,1.7,1.7,18.2,10.46,10.46,58.2,109.31
2025-08-14 06:45:00,119.9,119.9,119.9,107.18,107.18,74.7,107.18,107.18,107.18,107.18,107.18,119.9,37.59,88.35,1.7,1.7,18.2,10.46,10.46,71.86,107.18
2025-08-14 07:00:00,112.97,112.97,112.97,112.97,112.97,82.96,112.97,112.97,112.97,112.97,112.97,112.97,60.8,112.97,0.92,0.92,60.8,13.04,13.04,60.8,112.97
2025-08-14 07:15:00,134.96,134.96,134.96,109.9,102.98,85.07,109.9,109.9,109.9,109.9,109.9,134.96,60.8,109.9,0.0,0.0,60.8,13.04,13.04,60.8,109.9
2025-08-14 07:30:00,122.3,122.3,122.3,102.31,102.31,102.31,102.31,102.31,102.31,102.31,102.31,122.3,60.8,102.31,0.0,0.0,60.8,13.04,13.04,60.8,102.31
2025-08-14 07:45:00,122.3,122.3,122.3,91.9,91.9,91.9,91.9,91.9,91.9,91.9,91.9,122.3,36.09,91.9,0.0,0.0,36.09,13.39,13.39,60.78,91.9
2025-08-14 08:00:00,122.3,122.3,122.3,113.06,113.06,113.06,113.06,113.06,113.06,113.06,113.06,122.3,73.9,113.06,1.9,0.21,73.9,48.39,48.39,73.9,113.06
2025-08-14 08:15:00,119.86,119.86,119.86,107.03,107.03,107.03,107.03,107.03,107.03,107.03,107.03,119.86,64.79,107.03,1.9,0.2,64.79,48.4,48.4,64.79,107.03
2025-08-14 08:30:00,147.59,147.59,147.59,91.39,91.39,91.39,91.39,91.39,91.39,91.39,91.39,147.59,62.19,91.39,1.9,-1.65,62.19,62.19,62.19,62.19,91.39
2025-08-14 08:45:00,147.59,147.59,147.59,74.1,74.1,74.1,74.1,74.1,74.1,74.1,74.1,147.59,73.9,74.1,1.9,-1.65,73.9,73.9,73.9,73.9,74.1
2025-08-14 09:00:00,126.5,126.5,126.5,106.2,107.02,90.92,107.02,107.02,106.2,107.02,107.02,126.5,71.75,107.02,6.9,-1.65,71.75,71.75,71.75,71.75,106.2
2025-08-14 09:15:00,122.28,122.28,122.28,93.93,93.93,77.88,93.93,93.93,93.93,93.93,93.93,122.28,72.54,93.93,10.5,-1.65,72.54,72.54,72.54,72.54,93.93
2025-08-14 09:30:00,92.78,92.78,92.78,80.09,80.09,61.7,80.09,80.09,80.09,80.09,80.09,92.78,69.09,80.09,10.5,-1.65,69.09,69.09,69.09,69.09,80.09
2025-08-14 09:45:00,75.9,75.9,75.9,62.61,62.61,45.91,62.61,62.61,62.61,62.61,62.61,75.9,62.61,62.61,10.5,0.19,62.61,62.61,62.61,62.61,62.61
2025-08-14 10:00:00,96.71,96.71,96.71,80.01,96.71,76.67,96.71,96.71,96.8,96.71,96.71,96.71,67.9,96.71,11.45,-1.7,67.9,64.09,64.09,67.9,96.71
2025-08-14 10:15:00,77.84,77.84,77.84,55.87,84.34,77.39,84.34,84.34,77.84,84.34,84.34,77.84,67.03,84.34,11.45,-1.7,67.03,67.03,67.03,67.03,77.84
2025-08-14 10:30:00,56.49,56.49,56.49,35.87,77.8,77.8,77.8,77.8,56.49,77.8,77.8,56.49,56.49,77.8,11.45,-1.7,56.49,56.49,56.49,56.49,56.49
2025-08-14 10:45:00,52.95,52.95,52.95,4.52,66.0,66.0,66.0,66.0,52.95,66.0,66.0,52.95,48.39,66.0,11.45,-1.7,48.39,48.39,48.39,48.39,52.95
2025-08-14 11:00:00,77.06,77.06,77.06,77.06,87.45,77.9,87.45,87.45,77.06,87.45,87.45,77.06,55.6,87.45,10.5,-1.65,55.6,40.53,40.53,55.6,77.06
2025-08-14 11:15:00,78.0,78.0,78.0,55.9,76.1,72.95,76.1,76.1,55.9,76.1,76.1,78.0,55.6,76.1,10.5,-1.65,55.6,33.79,33.79,55.6,55.9
2025-08-14 11:30:00,78.01,78.01,78.01,46.36,65.25,65.25,65.25,65.25,46.36,65.25,65.25,78.01,55.55,65.25,10.5,-1.65,55.55,33.78,33.78,55.55,55.55
2025-08-14 11:45:00,54.0,54.0,54.0,28.68,54.0,54.0,54.0,54.0,30.72,54.0,54.0,54.0,54.0,54.0,10.5,-1.65,54.0,23.09,23.09,54.0,54.0
2025-08-14 12:00:00,78.11,78.11,78.11,62.8,63.01,63.01,63.01,63.01,62.8,63.01,63.01,78.11,47.89,63.01,10.5,-1.65,47.89,33.78,33.78,47.89,63.01
2025-08-14 12:15:00,78.12,78.12,78.12,41.19,54.71,54.71,54.71,54.71,41.19,54.71,54.71,78.12,47.9,54.71,10.5,-1.65,47.9,33.78,33.78,47.9,54.71
2025-08-14 12:30:00,78.12,78.12,78.12,29.32,54.01,54.01,54.01,54.01,29.32,54.01,54.01,78.12,47.9,54.01,15.13,-1.65,47.9,15.37,15.37,47.9,54.01
2025-08-14 12:45:00,75.9,49.17,49.17,22.68,51.95,51.95,51.95,51.95,22.97,51.95,49.17,75.9,51.95,51.95,15.34,-1.65,51.95,15.34,15.34,49.17,49.17
2025-08-14 13:00:00,51.05,51.05,51.05,39.1,48.27,48.27,48.27,48.27,51.61,48.27,51.05,51.05,42.29,48.27,8.97,8.97,42.29,33.79,33.79,42.29,51.05
2025-08-14 13:15:00,45.91,45.91,45.91,19.86,45.91,45.91,45.91,45.91,41.13,45.91,45.91,45.91,45.91,45.91,8.97,8.97,45.91,33.79,33.79,45.91,45.91
2025-08-14 13:30:00,42.09,42.09,42.09,20.06,42.09,42.09,42.09,42.09,47.07,42.09,42.09,42.09,42.09,42.09,5.5,5.5,42.09,33.78,33.78,42.09,42.09
2025-08-14 13:45:00,41.33,41.33,41.33,11.47,41.33,41.33,41.33,41.33,22.67,41.33,41.33,41.33,41.33,41.33,5.1,5.1,41.33,22.52,22.52,41.33,41.33
2025-08-14 14:00:00,46.9,46.9,46.9,46.9,46.9,46.9,46.9,46.9,46.9,46.9,46.9,46.9,46.9,46.9,10.5,-1.65,18.15,33.79,33.79,46.9,46.9
2025-08-14 14:15:00,54.9,54.9,54.9,54.9,54.9,54.9,54.9,54.9,54.9,54.9,54.9,54.9,46.96,54.9,10.5,-1.65,18.15,33.79,33.79,46.96,54.9
2025-08-14 14:30:00,56.9,56.9,56.9,56.9,56.9,56.9,56.9,56.9,63.23,56.9,56.9,56.9,46.97,56.9,10.5,-1.65,18.15,33.78,33.78,46.97,56.9
2025-08-14 14:45:00,66.5,66.5,66.5,62.9,62.9,62.9,62.9,62.9,64.91,62.9,66.5,66.5,47.0,62.9,5.97,1.72,15.69,26.41,26.41,47.0,66.5
2025-08-14 15:00:00,92.76,92.76,92.76,58.47,58.47,58.47,58.47,58.47,58.47,58.47,54.87,92.76,46.56,58.47,1.85,1.85,18.0,27.69,27.69,46.56,54.87
2025-08-14 15:15:00,69.09,69.09,69.09,69.09,69.09,69.09,69.09,69.09,69.09,69.09,69.09,69.09,46.57,69.09,1.85,1.85,18.0,27.69,27.69,46.57,69.09
2025-08-14 15:30:00,74.43,74.43,74.43,74.43,74.43,74.43,74.43,74.43,85.37,74.43,74.43,74.43,46.58,74.43,1.9,1.9,18.0,21.5,21.5,46.58,74.43
2025-08-14 15:45:00,80.64,80.64,80.64,80.64,80.64,80.64,80.64,80.64,87.87,80.64,80.64,80.64,52.94,80.64,1.95,1.95,18.0,21.5,21.5,52.94,80.64
2025-08-14 16:00:00,130.72,130.72,130.72,43.0,65.69,65.69,65.69,65.69,95.81,65.69,65.69,130.72,51.87,65.69,10.67,-1.65,10.67,33.78,33.78,51.87,65.69
2025-08-14 16:15:00,130.72,130.72,130.72,75.5,76.67,76.67,76.67,76.67,76.67,76.67,76.67,130.72,51.87,76.67,10.67,-1.65,10.67,33.78,33.78,51.87,76.67
2025-08-14 16:30:00,130.72,130.72,130.72,85.56,85.56,85.56,85.56,85.56,98.0,85.56,85.56,130.72,51.88,85.56,11.0,-1.65,15.11,25.48,25.48,51.88,85.56
2025-08-14 16:45:00,101.22,101.22,101.22,88.98,88.98,88.0,88.98,88.98,114.11,88.98,88.98,101.22,56.73,88.98,10.67,-1.65,10.67,25.48,25.48,56.73,88.98
2025-08-14 17:00:00,73.4,73.4,73.4,73.4,73.4,73.4,73.4,73.4,73.4,73.4,73.4,73.4,58.62,73.4,10.55,12.3,58.62,12.3,12.3,56.08,73.4
2025-08-14 17:15:00,87.27,87.27,87.27,87.27,86.52,86.02,87.27,87.27,87.27,87.27,87.27,87.27,58.62,87.27,10.55,13.27,58.62,13.27,13.27,56.08,87.27
2025-08-14 17:30:00,106.29,106.29,106.29,106.29,99.0,90.91,106.29,99.0,106.29,106.29,106.29,106.29,67.63,99.0,6.9,13.27,67.63,13.27,13.27,56.41,106.29
2025-08-14 17:45:00,124.5,124.5,124.5,124.5,105.08,89.0,124.5,105.08,124.5,124.5,124.5,124.5,105.08,105.08,6.9,13.27,105.08,16.46,16.46,62.09,124.5
2025-08-14 18:00:00,119.6,119.6,119.6,83.4,72.92,72.92,83.4,83.4,119.6,83.4,83.4,119.6,63.5,83.4,7.19,7.19,63.5,25.4,25.4,63.5,83.4
2025-08-14 18:15:00,118.18,118.18,118.18,95.6,93.5,93.5,95.6,95.6,118.18,95.6,95.6,118.18,66.18,95.6,7.19,7.19,66.18,25.4,25.4,66.18,95.6
2025-08-14 18:30:00,160.01,160.01,160.01,116.0,116.0,101.87,116.0,116.0,160.01,116.0,116.0,160.01,66.57,116.0,4.97,4.97,66.57,25.41,25.41,66.57,116.0
2025-08-14 18:45:00,164.48,164.48,164.48,164.44,146.31,118.95,164.44,164.44,195.0,164.44,164.44,164.48,66.57,164.44,4.97,4.97,66.57,25.4,25.4,66.57,142.34
2025-08-14 19:00:00,202.38,202.38,202.38,120.05,83.88,83.88,120.05,120.05,202.38,120.05,120.05,193.98,91.08,120.05,10.7,-1.7,91.08,36.01,36.01,112.51,120.05
2025-08-14 19:15:00,214.75,214.75,214.75,161.96,132.41,106.78,161.96,161.96,214.75,161.96,161.96,183.1,103.99,132.93,10.7,7.48,103.99,36.01,36.01,103.99,161.96
2025-08-14 19:30:00,236.5,236.5,236.5,236.5,236.5,122.14,236.5,236.5,236.5,236.5,236.5,151.83,103.99,154.79,10.7,7.48,103.99,36.0,36.0,103.99,236.5
2025-08-14 19:45:00,314.36,314.36,314.36,314.36,271.21,135.2,314.36,314.36,314.36,314.36,314.36,164.48,99.17,154.79,7.19,7.19,99.17,19.38,19.38,103.98,314.36
2025-08-14 20:00:00,548.85,548.85,548.85,287.93,221.6,124.99,287.93,287.93,287.93,287.93,287.93,131.86,24.43,147.89,0.37,0.37,24.43,36.01,36.01,118.5,275.3
2025-08-14 20:15:00,518.89,518.89,518.89,255.44,231.8,131.0,255.44,255.44,255.44,255.44,255.44,107.62,24.43,147.89,0.37,0.37,24.43,36.01,36.01,112.82,255.44
2025-08-14 20:30:00,246.34,246.34,246.34,246.34,246.34,137.98,246.34,246.34,246.34,246.34,246.34,88.57,24.43,147.89,0.37,0.37,24.43,36.0,36.0,108.39,246.34
2025-08-14 20:45:00,236.65,236.65,236.65,210.29,210.29,150.01,210.29,210.29,236.65,210.29,210.29,29.53,24.43,147.89,0.37,0.37,24.43,23.61,23.61,108.38,210.29
2025-08-14 21:00:00,194.22,194.22,194.22,194.22,194.22,141.02,194.22,194.22,194.22,194.22,194.22,26.0,84.15,115.49,0.1,0.1,84.15,26.0,26.0,84.15,194.22
2025-08-14 21:15:00,151.54,151.54,151.54,146.4,146.4,141.02,146.4,146.4,146.4,146.4,146.4,26.0,66.13,115.49,0.1,0.1,66.13,26.0,26.0,66.13,146.4
2025-08-14 21:30:00,130.69,130.69,130.69,130.69,130.69,130.69,130.69,130.69,130.69,130.69,130.69,24.99,60.12,115.49,0.1,0.1,60.12,24.99,24.99,64.7,130.69
2025-08-14 21:45:00,118.93,118.93,118.93,118.93,118.93,118.93,118.93,118.93,118.93,118.93,118.93,6.41,64.63,115.49,4.92,1.77,64.63,6.41,6.41,64.68,118.93
2025-08-14 22:00:00,123.91,123.91,123.91,123.91,123.91,123.91,123.91,123.91,123.91,123.91,123.91,3.0,53.19,102.55,3.0,3.0,18.25,3.0,3.0,53.19,121.4
2025-08-14 22:15:00,115.71,115.71,115.71,115.71,115.71,115.71,115.71,115.71,115.71,115.71,115.71,2.06,53.19,102.55,2.06,2.06,18.25,2.06,2.06,53.19,112.2
2025-08-14 22:30:00,109.17,109.17,109.17,109.17,109.17,109.17,109.17,109.17,109.17,109.17,109.17,2.05,53.16,102.55,2.05,2.05,18.25,2.05,2.05,53.16,109.17
2025-08-14 22:45:00,101.21,101.21,101.21,101.21,101.21,101.21,101.21,101.21,101.21,101.21,101.21,2.05,53.13,101.21,2.05,2.05,18.25,2.05,2.05,53.13,101.21
2025-08-14 23:00:00,114.79,114.79,114.79,114.79,114.79,114.79,114.79,114.79,114.79,114.79,114.79,2.05,63.12,94.8,2.05,2.05,10.2,2.05,2.05,51.14,114.79
2025-08-14 23:15:00,108.33,108.33,108.33,108.33,108.33,108.33,108.33,108.33,108.33,108.33,108.33,2.05,54.11,94.8,2.05,2.05,10.2,2.05,2.05,51.13,108.33
2025-08-14 23:30:00,99.24,99.24,99.24,99.24,99.24,99.24,99.24,99.24,99.24,99.24,99.24,2.05,52.61,94.8,2.05,2.05,10.2,2.05,2.05,51.11,99.24
2025-08-14 23:45:00,101.14,101.14,101.14,84.92,84.92,84.92,84.92,84.92,84.92,84.92,109.0,2.05,51.11,94.8,2.05,2.05,10.2,2.05,2.05,51.11,105.3
2025-08-15 00:00:00,150.6,150.6,150.6,105.21,105.21,90.51,105.21,105.21,105.21,105.21,105.21,1.07,48.97,99.85,1.07,1.07,1.07,1.07,1.07,1.07,105.21
2025-08-15 00:15:00,169.43,169.43,169.43,103.93,103.93,99.27,103.93,103.93,103.93,103.93,103.93,1.11,48.97,99.87,1.11,1.11,1.11,1.11,1.11,1.11,103.93
2025-08-15 00:30:00,150.6,150.6,150.6,99.3,99.3,94.7,99.3,99.3,99.3,99.3,99.3,0.88,48.97,99.3,0.88,0.88,0.88,0.88,0.88,0.88,99.3
2025-08-15 00:45:00,131.78,131.78,131.78,91.94,91.94,70.05,91.94,91.94,91.94,91.94,91.94,0.43,48.97,91.94,0.43,0.43,0.43,0.43,0.43,0.43,91.94
2025-08-15 01:00:00,131.78,131.78,131.78,105.11,105.11,101.88,105.11,105.11,105.11,105.11,105.11,0.3,46.54,95.85,0.3,0.3,0.3,0.3,0.3,0.3,105.11
2025-08-15 01:15:00,131.78,131.78,131.78,99.97,99.97,90.03,99.97,99.97,99.97,99.97,99.97,0.19,46.54,95.85,0.19,0.19,0.19,0.19,0.19,0.19,99.97
2025-08-15 01:30:00,112.96,112.96,112.96,92.01,92.01,73.25,92.01,92.01,92.01,92.01,92.01,0.23,46.54,92.01,0.23,0.23,0.23,0.23,0.23,0.23,92.01
2025-08-15 01:45:00,131.78,131.78,131.78,91.99,91.99,63.52,91.99,91.99,91.99,91.99,91.99,0.31,46.54,91.99,0.31,0.31,0.31,0.31,0.31,0.31,91.99
2025-08-15 02:00:00,112.96,112.96,112.96,99.98,120.07,92.69,99.98,99.98,99.98,99.98,99.98,0.34,46.14,95.1,0.34,0.34,0.34,0.34,0.34,0.34,99.98
2025-08-15 02:15:00,112.96,112.96,112.96,94.55,99.54,94.9,94.55,94.55,94.55,94.55,94.55,0.37,46.14,94.55,0.37,0.37,0.37,0.37,0.37,0.37,94.55
2025-08-15 02:30:00,94.13,94.13,94.13,91.99,91.99,75.09,91.99,91.99,91.99,91.99,91.99,0.56,46.14,91.99,0.56,0.56,0.56,0.56,0.56,0.56,91.99
2025-08-15 02:45:00,94.13,94.13,94.13,86.83,86.83,44.34,86.83,86.83,86.83,86.83,86.83,0.42,46.14,86.83,0.42,0.42,0.42,0.42,0.42,0.42,86.83
2025-08-15 03:00:00,112.96,112.96,112.96,94.2,94.2,55.07,94.2,94.2,94.2,94.2,94.2,0.3,44.94,94.2,0.3,0.3,0.3,0.3,0.3,0.3,94.2
2025-08-15 03:15:00,94.13,94.13,94.13,89.66,104.56,66.03,89.66,89.66,89.66,89.66,89.66,0.3,44.94,89.66,0.3,0.3,0.3,0.3,0.3,0.3,89.66
2025-08-15 03:30:00,94.13,94.13,94.13,91.62,96.74,60.07,91.62,91.62,91.62,91.62,91.62,0.36,44.94,91.62,0.36,0.36,0.36,0.36,0.36,0.36,91.62
2025-08-15 03:45:00,94.13,94.13,94.13,89.52,89.52,65.19,89.52,89.52,89.52,89.52,89.52,0.44,44.94,89.52,0.44,0.44,0.44,0.44,0.44,0.44,89.52
2025-08-15 04:00:00,94.13,94.13,94.13,86.17,86.17,72.75,86.17,86.17,86.17,86.17,86.17,1.16,42.41,86.17,1.16,1.16,1.16,1.16,1.16,1.16,86.17
2025-08-15 04:15:00,147.07,147.07,147.07,89.31,89.31,75.79,89.31,89.31,89.31,89.31,89.31,1.71,42.41,89.31,1.71,1.71,1.71,1.71,1.71,1.71,89.31
2025-08-15 04:30:00,156.48,156.48,156.48,96.0,98.68,74.01,96.0,96.0,96.0,96.0,96.0,1.83,42.41,93.8,1.83,1.83,1.83,1.83,1.83,1.83,96.0
2025-08-15 04:45:00,156.48,156.48,156.48,99.94,107.0,71.79,99.94,99.94,99.94,99.94,99.94,2.0,42.41,93.8,2.0,2.0,2.0,2.0,2.0,2.0,99.94
2025-08-15 05:00:00,175.3,175.3,175.3,83.1,83.1,58.7,83.1,83.1,83.1,83.1,83.1,2.02,42.91,83.1,2.02,2.02,2.02,2.02,2.02,2.02,83.1
2025-08-15 05:15:00,125.05,125.05,125.05,89.14,91.84,63.1,89.14,89.14,89.14,89.14,89.14,2.02,42.91,89.14,2.02,2.02,2.02,2.02,2.02,2.02,89.14
2025-08-15 05:30:00,125.04,125.04,125.04,101.54,108.0,78.8,101.54,101.54,101.54,101.54,101.54,2.02,42.91,101.54,2.02,2.02,2.02,2.02,2.02,2.02,101.54
2025-08-15 05:45:00,131.78,131.78,131.78,106.94,110.68,76.4,106.94,99.53,106.94,106.94,106.94,2.02,42.91,99.53,2.02,2.02,2.02,2.02,2.02,2.02,106.94
2025-08-15 06:00:00,147.79,147.79,147.79,90.09,90.09,69.74,90.09,90.09,90.09,90.09,90.09,2.52,64.58,90.09,2.52,2.52,27.55,2.52,2.52,2.52,90.09
2025-08-15 06:15:00,170.51,170.51,170.51,103.41,103.41,86.36,103.41,103.41,103.41,103.41,103.41,2.06,64.58,103.41,2.06,2.06,27.55,2.06,2.06,2.06,103.41
2025-08-15 06:30:00,112.96,112.96,112.96,103.93,103.93,65.88,103.93,103.93,103.93,103.93,103.93,2.19,64.58,103.93,2.19,2.19,27.55,2.19,2.19,2.19,103.93
2025-08-15 06:45:00,112.96,112.96,112.96,102.56,102.56,67.64,102.56,102.56,102.56,102.56,102.56,4.43,26.05,102.56,2.24,2.24,26.05,4.43,4.43,4.43,102.56
2025-08-15 07:00:00,111.93,111.93,111.93,111.93,111.93,73.6,111.93,111.93,111.93,111.93,111.93,13.32,105.62,111.93,9.01,9.01,27.55,13.32,13.32,13.32,111.93
2025-08-15 07:15:00,107.42,107.42,107.42,107.42,107.42,83.62,107.42,107.42,110.9,107.42,107.42,30.89,105.62,107.42,9.11,9.11,27.55,14.93,14.93,14.93,107.42
2025-08-15 07:30:00,99.01,99.01,99.01,99.01,99.01,73.49,99.01,99.01,99.01,99.01,99.01,36.01,99.01,99.01,5.6,5.6,27.55,18.4,18.4,18.4,99.01
2025-08-15 07:45:00,80.27,80.27,80.27,80.27,80.27,54.4,80.27,80.27,81.97,80.27,80.27,36.01,80.27,80.27,5.38,5.38,27.55,18.41,18.41,18.41,70.38
2025-08-15 08:00:00,56.46,113.6,113.6,113.6,113.6,80.79,113.6,113.6,114.06,113.6,113.6,56.46,113.6,113.6,12.39,12.39,12.39,12.39,12.39,12.39,113.6
2025-08-15 08:15:00,56.46,105.2,105.2,105.2,105.2,82.67,105.2,105.2,114.02,105.2,105.2,56.46,105.2,105.2,14.61,14.92,14.61,14.92,14.92,14.92,105.2
2025-08-15 08:30:00,56.46,87.06,87.06,87.06,87.06,60.12,87.06,87.06,87.06,87.06,87.06,56.46,92.46,87.06,10.1,17.4,10.1,17.4,17.4,17.4,87.06
2025-08-15 08:45:00,56.45,76.84,76.84,76.84,76.84,21.9,76.84,76.84,76.84,76.84,76.84,56.45,92.46,76.84,5.6,5.6,5.6,17.4,17.4,17.4,65.49
2025-08-15 09:00:00,15.56,98.68,98.68,98.68,110.03,91.45,110.03,110.03,98.68,110.03,110.03,15.56,110.03,110.03,12.16,12.16,23.0,12.16,12.16,66.41,110.03
2025-08-15 09:15:00,6.65,95.49,95.49,95.49,98.91,84.18,98.91,98.91,95.49,98.91,98.91,6.65,98.91,98.91,6.65,6.65,23.0,6.65,6.65,60.2,95.49
2025-08-15 09:30:00,6.65,61.77,61.77,61.77,75.97,41.61,75.97,75.97,61.77,75.97,75.97,6.65,112.39,75.97,6.65,6.65,23.0,6.65,6.65,60.2,61.77
2025-08-15 09:45:00,11.49,28.84,28.84,28.84,60.0,0.0,60.0,60.0,28.84,60.0,60.0,11.49,112.39,60.0,11.49,11.49,23.0,11.49,11.49,28.84,28.84
2025-08-15 10:00:00,12.1,54.56,54.56,54.56,99.26,45.67,99.26,99.26,54.56,99.26,99.26,12.1,61.89,99.26,12.1,12.1,27.45,12.1,12.1,37.91,54.56
2025-08-15 10:15:00,12.01,48.64,48.64,48.64,73.24,21.84,73.24,73.24,48.64,73.24,73.24,12.01,61.89,73.24,10.05,-4.75,27.45,12.01,12.01,25.99,52.35
2025-08-15 10:30:00,5.03,22.12,22.12,22.12,33.58,9.98,33.58,33.58,27.55,33.58,33.58,5.03,33.58,33.58,5.03,-4.75,27.45,5.03,5.03,5.03,22.12
2025-08-15 10:45:00,-1.5,-1.5,-1.5,-1.5,9.92,0.32,9.92,9.92,-1.5,9.92,9.92,-1.5,25.39,25.39,-1.5,-1.5,25.39,-1.5,-1.5,3.97,9.92
2025-08-15 11:00:00,5.32,37.65,37.65,37.65,37.65,0.0,37.65,37.65,37.65,37.65,37.65,5.32,37.65,37.65,5.32,-4.95,19.53,5.32,5.32,37.65,37.65
2025-08-15 11:15:00,4.9,10.33,10.33,10.33,10.33,-1.51,10.33,10.33,10.33,10.33,10.33,4.9,10.33,10.33,4.9,-4.95,10.33,4.9,4.9,10.33,10.33
2025-08-15 11:30:00,-1.7,-1.7,-1.7,-1.7,-1.7,-4.0,-1.7,-1.7,-1.7,-1.7,-1.7,-1.7,-1.7,-1.7,7.2,-1.7,-1.7,-1.7,-1.7,-1.7,-1.7
2025-08-15 11:45:00,-6.28,-6.28,-6.28,-6.28,-6.28,-6.28,-6.28,-6.28,-6.28,-6.28,-6.28,-6.28,-6.28,-6.28,7.2,-6.28,-6.28,-6.28,-6.28,-6.28,-6.28
2025-08-15 12:00:00,1.09,10.01,10.01,10.01,10.01,0.0,10.01,10.01,10.01,10.01,10.01,1.09,10.01,10.01,9.44,1.09,10.01,1.09,1.09,10.01,10.01
2025-08-15 12:15:00,0.41,9.42,9.42,9.42,9.42,-2.1,9.42,9.42,9.42,9.42,9.42,0.41,9.42,9.42,9.42,0.41,9.42,0.41,0.41,9.42,9.42
2025-08-15 12:30:00,0.29,0.29,0.29,0.29,0.29,-2.1,0.29,0.29,0.29,0.29,0.29,0.29,0.29,0.29,7.2,0.29,0.29,0.29,0.29,0.29,0.29
2025-08-15 12:45:00,-0.43,-0.43,-0.43,-0.43,-0.43,-2.1,-0.43,-0.43,-0.43,-0.43,-0.43,-0.43,-0.43,-0.43,7.2,-0.43,-0.43,-0.43,-0.43,-0.43,-0.43
2025-08-15 13:00:00,3.12,3.12,3.12,3.12,3.12,-2.1,3.12,3.12,3.12,3.12,3.12,3.12,3.12,3.12,10.2,3.12,3.12,3.12,3.12,3.12,3.12
2025-08-15 13:15:00,1.83,1.83,1.83,1.83,1.83,-2.5,1.83,1.83,1.83,1.83,1.83,1.83,1.83,1.83,10.2,1.83,1.83,1.83,1.83,1.83,1.83
2025-08-15 13:30:00,2.63,2.63,2.63,2.63,2.63,-2.1,2.63,2.63,2.63,2.63,2.63,2.63,2.63,2.63,10.2,2.63,2.63,2.63,2.63,2.63,2.63
2025-08-15 13:45:00,2.82,2.82,2.82,2.82,2.82,-2.1,2.82,2.82,2.82,2.82,2.82,2.82,2.82,2.82,10.2,2.82,2.82,2.82,2.82,2.82,2.82
2025-08-15 14:00:00,-0.07,-0.07,-0.07,-0.07,-0.07,-2.5,-0.07,-0.07,-0.07,-0.07,-0.07,-0.07,-0.07,-0.07,10.2,-0.07,-0.07,-0.07,-0.07,-0.07,-0.07
2025-08-15 14:15:00,2.05,2.05,2.05,2.05,2.05,-2.1,2.05,2.05,2.05,2.05,2.05,2.05,2.05,2.05,10.2,2.05,2.05,2.05,2.05,2.05,2.05
2025-08-15 14:30:00,6.12,7.69,7.69,7.69,7.69,-0.4,7.69,7.69,7.69,7.69,7.69,6.12,7.69,7.69,10.2,6.12,7.69,6.12,6.12,7.69,7.69
2025-08-15 14:45:00,2.06,7.99,7.99,7.99,7.99,0.65,7.99,7.99,10.0,7.99,7.99,2.06,7.99,7.99,7.99,2.06,7.99,2.06,2.06,7.99,7.99
2025-08-15 15:00:00,-2.1,-2.1,-2.1,-2.1,-2.1,-2.1,-2.1,-2.1,-2.1,-2.1,-2.1,-2.1,-2.1,-2.1,10.1,-2.1,-2.1,-2.1,-2.1,-2.1,-2.1
2025-08-15 15:15:00,-1.0,0.64,0.64,0.64,0.64,-2.1,0.64,0.64,0.64,0.64,0.64,-1.0,0.64,0.64,10.1,-1.0,0.64,-1.0,-1.0,0.64,0.64
2025-08-15 15:30:00,-1.45,14.5,14.5,16.64,14.5,0.0,14.5,14.5,14.5,14.5,14.5,-1.45,14.5,14.5,14.5,-1.45,14.5,-1.45,-1.45,14.5,14.5
2025-08-15 15:45:00,-1.45,35.55,35.55,35.06,24.95,1.46,24.95,24.95,43.13,24.95,24.95,-1.45,24.95,24.95,10.1,-1.45,24.95,-1.45,-1.45,24.95,24.95
2025-08-15 16:00:00,-12.08,-12.08,-12.08,-0.97,-0.97,-0.97,-0.97,-0.97,-12.08,-0.97,-0.97,-12.08,-0.97,-0.97,-1.55,-12.08,-0.97,-12.08,-12.08,-12.08,-12.08
2025-08-15 16:15:00,2.04,5.37,5.37,11.1,11.1,5.89,11.1,11.1,5.37,11.1,11.1,2.04,11.1,11.1,2.04,2.04,11.1,2.04,2.04,2.04,5.37
2025-08-15 16:30:00,44.42,44.42,44.42,62.0,58.99,23.83,58.99,58.99,44.42,58.99,58.99,2.04,53.98,58.99,2.04,2.04,27.2,2.04,2.04,4.16,44.42
2025-08-15 16:45:00,46.95,46.95,46.95,86.43,78.02,24.11,78.02,78.02,46.95,78.02,78.02,2.04,53.98,78.02,2.04,2.04,27.2,2.04,2.04,4.16,46.95
2025-08-15 17:00:00,2.0,46.43,46.43,46.43,46.43,6.43,46.43,46.43,63.19,46.43,46.43,2.0,46.43,46.43,2.0,2.0,28.97,2.0,2.0,2.0,46.43
2025-08-15 17:15:00,2.0,80.07,80.07,80.07,80.07,25.72,80.07,80.07,80.86,80.07,80.07,2.0,71.64,80.07,5.14,5.14,27.35,2.0,2.0,10.76,80.07
2025-08-15 17:30:00,2.01,103.5,103.5,103.5,103.5,43.23,103.5,103.5,116.96,103.5,103.5,2.01,71.64,103.5,5.14,5.14,27.35,2.01,2.01,10.76,103.5
2025-08-15 17:45:00,110.0,110.0,110.0,110.0,110.0,77.65,110.0,110.0,126.99,110.0,110.0,2.01,71.64,110.0,2.01,4.45,27.35,2.01,2.01,36.9,110.0
2025-08-15 18:00:00,81.32,81.32,81.32,81.32,81.32,16.73,81.32,81.32,103.29,81.32,81.32,2.0,81.32,81.32,2.0,-0.8,2.0,2.0,2.0,36.63,81.32
2025-08-15 18:15:00,100.45,100.45,100.45,100.45,100.45,53.34,100.45,100.45,100.45,100.45,100.45,2.01,100.45,100.45,2.01,-0.8,2.01,2.01,2.01,28.88,100.45
2025-08-15 18:30:00,121.1,121.1,121.1,121.1,106.61,86.55,106.61,106.61,121.1,106.61,106.61,2.0,106.61,106.61,2.0,-0.82,2.0,2.0,2.0,52.13,106.61
2025-08-15 18:45:00,135.36,135.36,135.36,131.62,131.62,95.78,131.62,131.62,135.36,131.62,131.62,2.0,131.62,131.62,2.0,-0.78,2.0,2.0,2.0,74.93,131.62
2025-08-15 19:00:00,103.98,103.98,103.98,103.98,35.64,42.77,103.98,103.98,103.98,103.98,103.98,2.0,103.98,103.98,2.0,-0.68,27.35,2.0,2.0,74.94,103.98
2025-08-15 19:15:00,120.36,120.36,120.36,120.36,120.36,90.74,120.36,120.36,120.36,108.56,120.36,2.0,108.56,108.56,2.0,-0.7,27.35,2.0,2.0,74.92,120.36
2025-08-15 19:30:00,130.0,130.0,130.0,130.0,130.0,100.82,130.0,130.0,130.0,105.4,130.0,2.0,105.4,105.4,2.0,-0.66,27.35,2.0,2.0,60.59,130.0
2025-08-15 19:45:00,150.0,150.0,150.0,150.0,150.0,126.42,150.0,150.0,150.0,105.4,150.0,2.0,105.4,105.4,2.0,2.0,27.35,2.0,2.0,39.83,150.0
2025-08-15 20:00:00,144.24,144.24,144.24,144.24,144.24,87.39,144.24,144.24,144.24,104.0,144.24,2.0,104.0,104.0,-0.82,-0.82,-0.82,2.0,2.0,50.9,144.24
2025-08-15 20:15:00,132.2,132.2,132.2,132.2,132.2,107.68,132.2,132.2,140.1,104.0,132.2,2.0,104.0,104.0,-0.73,-0.73,-0.73,2.0,2.0,62.91,132.2
2025-08-15 20:30:00,128.18,128.18,128.18,128.18,128.18,110.8,128.18,128.18,140.15,102.42,128.18,2.0,102.42,102.42,2.0,2.0,2.0,2.0,2.0,62.91,128.18
2025-08-15 20:45:00,105.36,105.36,105.36,128.18,128.18,107.69,128.18,128.18,136.46,105.36,105.36,2.0,105.36,105.36,2.0,2.0,2.0,2.0,2.0,62.91,105.36
2025-08-15 21:00:00,99.53,99.53,99.53,135.85,135.85,113.92,135.85,135.85,135.85,99.53,99.53,2.0,99.53,99.53,1.4,2.0,1.4,2.0,2.0,29.85,99.53
2025-08-15 21:15:00,99.52,99.52,99.52,127.37,127.37,96.16,127.37,127.37,127.37,99.52,99.52,2.0,99.52,99.52,2.0,2.0,2.0,2.0,2.0,51.36,99.52
2025-08-15 21:30:00,100.5,100.5,100.5,116.15,116.15,113.91,116.15,116.15,116.15,100.5,100.5,2.0,100.5,100.5,2.0,2.0,2.0,2.0,2.0,51.36,100.5
2025-08-15 21:45:00,100.4,100.4,100.4,100.4,100.4,80.16,100.4,100.4,100.4,100.4,100.4,2.0,84.28,84.28,2.0,2.0,2.0,2.0,2.0,74.91,100.4
2025-08-15 22:00:00,0.5,79.25,79.25,124.0,124.0,106.1,124.0,124.0,124.0,79.25,79.25,0.5,76.97,95.37,0.5,4.45,27.5,0.5,0.5,74.91,79.25
2025-08-15 22:15:00,75.4,75.4,75.4,116.94,116.94,87.0,116.94,116.94,116.94,92.46,92.46,0.36,74.91,92.46,0.36,0.36,27.5,0.36,0.36,74.91,75.4
2025-08-15 22:30:00,55.36,55.36,55.36,106.48,106.48,106.48,106.48,106.48,106.48,99.77,99.77,-0.97,60.91,99.77,-0.97,-0.97,27.5,-0.97,-0.97,38.53,55.36
2025-08-15 22:45:00,50.35,50.35,50.35,92.52,92.52,92.52,92.52,92.52,92.52,92.52,92.52,0.08,60.91,92.52,-0.99,-0.99,27.5,-0.99,-0.99,38.53,50.35
2025-08-15 23:00:00,1.95,92.46,92.46,112.95,112.95,110.62,112.95,112.95,112.95,92.46,92.46,1.95,75.57,92.46,1.95,4.45,1.95,1.95,1.95,36.34,92.46
2025-08-15 23:15:00,2.0,99.08,99.08,103.94,103.94,85.43,103.94,103.94,103.94,99.08,99.08,2.0,59.08,99.08,1.19,1.19,1.19,1.19,1.19,52.34,99.08
2025-08-15 23:30:00,2.0,99.1,99.1,99.1,99.1,85.06,99.1,99.1,99.1,99.1,99.1,2.0,59.08,99.1,4.89,2.0,4.89,2.0,2.0,52.85,99.1
2025-08-15 23:45:00,0.0,84.02,84.02,84.02,84.02,60.49,84.02,84.02,84.02,84.02,95.24,2.0,82.8,82.8,7.05,0.22,7.05,2.0,2.0,51.4,51.4
