date,EE_buy,EE_sell,LT_buy,LT_sell,LV_buy,LV_sell,AT_buy,AT_sell,BE_buy,BE_sell,FR_buy,FR_sell,GER_buy,GER_sell,NL_buy,NL_sell,PL_buy,PL_sell,DK1_buy,DK1_sell,DK2_buy,DK2_sell,FI_buy,FI_sell,NO1_buy,NO1_sell,NO2_buy,NO2_sell,NO3_buy,NO3_sell,NO4_buy,NO4_sell,NO5_buy,NO5_sell,SE1_buy,SE1_sell,SE2_buy,SE2_sell,SE3_buy,SE3_sell,SE4_buy,SE4_sell
2026-08-22 00:00:00,0.0,0.0,0.0,0.7,0.0,0.0,15.3,13.1,40.5,11.0,14.1,30.0,104.2,77.0,113.3,8.0,10.0,0.0,41.1,0.0,6.8,5.6,22.9,0.0,0.0,0.0,33.2,0.0,0.0,0.0,0.0,0.0,0.0,0.0,0.0,0.0,2.0,2.1,3.4,3.6,1.0,0.0
2026-08-22 00:15:00,0.0,0.0,0.0,2.3,0.0,0.0,16.3,6.8,0.0,23.1,1.7,18.4,2.1,189.2,305.0,108.8,20.2,3.0,15.0,23.1,0.0,6.9,0.0,0.2,0.0,0.0,4.0,20.1,0.0,0.0,0.0,0.0,0.0,0.0,0.0,0.0,2.0,1.1,0.0,3.5,1.0,0.0
2026-08-22 00:30:00,0.0,8.3,0.0,4.2,0.0,0.0,5.0,11.6,0.0,25.6,0.0,28.1,2.0,199.6,561.0,119.0,21.8,3.0,15.0,24.6,0.0,7.6,2.8,0.0,0.0,0.0,0.0,20.9,0.0,0.0,0.0,0.0,0.0,0.0,0.0,0.0,7.7,0.2,0.0,2.5,1.0,0.0
2026-08-22 00:45:00,0.0,9.0,0.0,6.2,0.0,0.0,5.0,16.4,0.0,30.4,0.0,39.7,2.0,195.1,701.0,144.4,23.6,3.0,15.0,49.5,0.0,7.8,13.3,0.0,0.0,0.0,0.0,24.6,0.0,0.0,0.0,0.0,0.0,0.0,0.0,0.0,15.3,0.3,0.0,2.9,1.0,0.1
2026-08-22 01:00:00,0.0,6.2,0.0,0.1,0.0,0.0,15.7,2.0,0.0,27.6,0.0,119.1,2.0,189.2,630.0,136.5,21.8,3.0,15.0,23.1,17.7,1.5,2.7,0.0,0.0,0.0,0.0,21.1,0.0,0.0,0.0,0.0,0.0,0.0,0.0,0.0,11.6,0.2,0.0,2.4,0.0,1.0
2026-08-22 01:15:00,0.0,8.2,0.0,8.2,0.0,0.0,5.7,2.4,0.0,32.6,0.0,112.6,2.0,135.0,396.0,139.5,21.8,3.0,15.0,20.3,5.7,0.6,9.3,0.0,0.0,0.0,0.0,20.8,0.0,0.0,0.0,0.0,0.0,0.0,3.8,0.0,7.8,0.0,0.0,1.9,0.0,1.1
2026-08-22 01:30:00,0.0,9.0,0.0,10.0,0.0,0.0,5.9,0.0,0.0,38.1,0.0,115.2,2.0,139.0,140.0,132.6,21.8,3.0,15.0,19.2,5.7,0.0,6.5,0.0,0.0,0.0,0.0,18.6,0.0,0.0,0.0,0.0,0.0,0.0,3.9,0.0,7.2,0.0,0.0,1.4,0.0,1.1
2026-08-22 01:45:00,0.0,9.8,0.0,10.3,0.0,0.0,5.7,13.5,0.0,33.6,0.0,101.2,35.9,83.8,2.0,36.7,23.6,3.0,15.0,18.6,8.0,0.0,9.7,0.0,0.0,0.0,14.0,0.0,0.0,0.0,0.0,0.0,0.0,0.0,3.8,0.0,6.2,0.0,0.0,1.1,0.0,1.1
2026-08-22 02:00:00,0.0,8.2,0.0,8.6,0.0,0.0,13.3,0.0,0.0,29.1,0.6,30.1,2.1,96.3,7.0,61.3,21.8,3.0,27.0,19.2,6.0,0.0,16.9,0.0,0.0,0.0,11.0,13.3,0.0,0.0,0.0,0.0,0.0,0.0,2.9,0.0,8.3,0.0,0.0,1.0,0.0,1.0
2026-08-22 02:15:00,0.0,9.1,0.0,10.5,0.0,0.0,8.1,5.0,0.0,45.5,0.0,31.7,2.1,117.1,7.0,135.7,21.8,3.0,15.0,18.7,17.7,0.0,17.8,0.0,0.0,0.0,0.0,18.2,0.0,0.0,0.0,0.0,0.0,0.0,2.7,0.0,8.5,0.0,3.4,1.1,0.0,1.0
2026-08-22 02:30:00,0.0,6.9,0.0,8.2,0.0,0.0,9.6,5.0,0.0,37.6,0.0,35.4,2.1,97.8,7.0,137.4,23.6,3.0,27.0,17.8,6.1,0.0,4.0,0.0,0.0,0.0,17.0,19.2,0.0,0.0,0.0,0.0,0.0,0.0,2.7,0.0,4.8,0.0,10.0,1.4,0.1,1.0
2026-08-22 02:45:00,0.1,7.8,0.0,10.9,0.0,0.0,2.8,36.1,0.0,40.3,0.0,33.9,2.0,104.4,7.0,147.0,23.6,0.0,15.0,18.6,1.2,0.9,8.5,0.0,0.0,0.0,7.0,19.0,0.0,0.0,0.0,0.0,0.0,0.0,2.8,0.0,8.3,0.0,10.0,1.0,0.0,1.0
2026-08-22 03:00:00,0.1,7.4,0.0,9.0,0.0,0.0,4.0,6.0,0.0,45.3,0.0,19.7,2.0,72.5,2.0,86.7,23.6,3.0,27.0,4.4,5.1,1.8,3.7,0.0,0.0,0.0,21.0,15.0,0.0,0.0,0.0,0.0,0.0,0.0,1.6,0.0,8.4,0.0,9.7,1.1,0.0,1.0
2026-08-22 03:15:00,0.0,7.5,0.0,10.3,0.0,0.0,3.0,11.0,0.0,59.1,1.5,25.3,2.0,97.2,2.0,121.7,21.8,3.0,27.0,5.1,5.1,2.3,1.8,0.0,0.0,0.0,8.1,16.5,0.0,0.0,0.0,0.0,0.0,0.0,1.6,0.0,7.9,0.0,10.0,1.0,3.0,1.0
2026-08-22 03:30:00,0.0,9.7,0.0,11.2,0.0,0.0,11.0,21.0,0.0,31.7,0.0,27.5,2.0,70.0,2.0,71.4,21.8,3.0,27.0,3.7,7.1,1.6,4.4,0.0,0.0,0.0,12.0,11.0,0.0,0.0,0.0,0.0,0.0,0.0,1.6,0.0,9.3,0.0,0.0,1.0,0.0,1.0
2026-08-22 03:45:00,0.0,9.0,0.0,11.2,0.0,0.0,21.1,12.7,0.0,25.1,6.2,23.7,2.0,53.4,2.0,42.9,21.8,0.0,15.0,3.9,0.6,2.1,4.4,0.0,0.0,0.0,0.0,30.7,0.0,0.0,0.0,0.0,0.0,0.0,1.6,0.0,10.6,0.0,0.0,1.0,0.0,1.0
2026-08-22 04:00:00,0.0,3.4,0.0,11.3,0.0,0.0,15.6,6.0,0.0,32.0,0.6,24.7,2.0,68.6,2.0,99.2,21.8,3.0,27.0,3.6,17.7,2.6,0.0,1.8,0.0,0.0,30.0,13.5,0.0,0.0,0.0,0.0,0.0,0.0,3.7,0.0,11.3,0.0,0.4,1.0,7.1,0.0
2026-08-22 04:15:00,0.0,7.4,0.0,11.3,0.0,0.0,7.1,10.0,0.0,19.3,8.2,16.6,5.4,61.1,2.0,14.6,21.8,3.0,27.0,0.3,13.2,1.5,4.0,0.0,0.0,0.0,20.0,0.0,0.0,0.0,0.0,0.0,0.0,0.0,3.8,0.0,10.3,0.0,0.0,1.0,5.7,0.0
2026-08-22 04:30:00,0.0,8.2,0.0,11.3,0.0,0.0,16.7,9.5,0.0,18.0,2.1,18.4,17.3,57.9,2.5,7.0,21.8,3.0,28.3,0.3,13.2,0.4,12.5,0.0,0.0,0.0,4.0,0.0,0.0,0.0,0.0,3.0,0.0,0.0,3.7,0.0,10.3,0.0,0.0,1.0,1.0,0.0
2026-08-22 04:45:00,0.0,8.3,0.0,11.3,0.0,0.0,22.2,0.0,0.0,19.0,0.1,17.2,6.0,60.9,2.0,16.4,21.8,3.0,37.0,0.4,13.2,2.3,12.6,0.0,0.0,0.0,0.0,0.0,0.0,0.0,0.0,3.0,0.0,0.0,4.0,0.0,10.7,0.0,0.0,1.0,1.0,0.0
2026-08-22 05:00:00,0.0,8.5,0.0,11.3,0.0,0.0,3.5,83.9,15.4,15.0,20.0,25.7,2.1,68.5,25.6,14.7,21.8,3.0,38.7,25.3,17.7,3.9,0.0,11.2,0.0,0.0,14.0,0.0,0.0,0.0,0.0,0.0,0.0,0.0,3.0,0.0,11.9,0.0,0.0,0.0,1.0,0.1
2026-08-22 05:15:00,0.0,8.6,0.0,11.1,0.0,0.0,3.5,70.1,0.0,13.1,15.0,22.5,3.1,68.6,4.9,5.0,22.8,0.0,37.4,0.3,13.2,5.8,0.0,11.1,0.0,2.0,0.0,0.0,0.0,0.0,0.0,0.0,2.0,0.0,3.1,0.0,11.6,0.0,0.0,0.0,1.0,0.1
2026-08-22 05:30:00,0.0,6.0,0.0,11.0,0.0,0.0,3.5,59.8,3.8,11.8,0.0,20.9,2.0,70.1,2.0,5.0,21.8,2.0,37.0,0.6,17.7,8.0,0.0,7.9,0.0,0.7,0.0,0.0,0.0,0.0,0.0,0.0,0.7,0.0,3.3,0.0,11.9,0.0,10.0,0.0,8.1,0.2
2026-08-22 05:45:00,0.0,8.3,0.0,10.9,0.0,0.0,3.5,68.7,0.0,9.6,0.0,27.3,15.8,67.5,6.0,13.0,21.8,2.0,63.1,0.3,14.3,7.3,8.3,0.0,0.0,0.0,0.0,0.0,0.0,0.0,0.0,0.0,0.0,0.0,3.3,0.0,12.8,0.0,0.0,0.0,1.0,0.1
2026-08-22 06:00:00,0.0,5.3,0.0,10.8,0.0,0.0,40.0,4.0,40.0,16.1,9.7,21.5,14.5,53.2,8.3,17.0,21.8,3.0,37.7,0.0,2.3,9.2,10.6,11.4,0.0,0.0,7.0,0.0,0.0,0.0,0.0,0.0,0.0,0.0,0.0,0.0,7.2,0.0,8.8,1.0,7.1,0.0
2026-08-22 06:15:00,0.0,7.5,0.0,10.8,0.0,0.0,24.9,9.0,40.0,16.3,0.0,28.7,2.0,81.2,7.0,41.7,21.8,3.0,35.3,3.1,5.7,12.7,7.1,0.0,0.0,0.0,18.0,11.2,0.0,0.0,0.0,0.0,0.0,0.0,3.2,0.0,7.6,0.0,9.2,1.0,1.0,0.0
2026-08-22 06:30:00,0.0,4.8,0.0,10.8,0.0,0.0,20.9,9.0,40.0,15.1,5.0,24.2,2.9,72.0,7.0,26.3,21.8,3.0,37.3,2.0,5.7,13.2,12.0,5.9,0.0,0.0,12.0,0.0,0.0,0.0,0.0,0.0,0.0,0.0,3.3,0.0,10.9,0.0,0.0,0.0,1.0,0.1
2026-08-22 06:45:00,0.0,2.0,0.0,10.9,0.0,0.0,23.5,9.0,40.0,19.8,15.0,20.2,2.0,62.4,7.0,40.7,21.8,3.0,25.3,3.1,1.2,12.9,10.7,2.8,0.0,0.0,11.3,0.0,0.0,0.0,0.0,0.0,0.0,0.0,3.3,0.0,8.1,0.0,0.0,0.0,1.0,0.2
2026-08-22 07:00:00,0.0,7.2,0.0,10.9,0.0,0.0,18.7,13.0,61.0,19.1,0.0,17.1,10.0,74.2,12.0,10.0,21.8,3.0,25.6,10.7,17.7,12.5,18.1,0.0,0.0,0.0,0.0,2.0,0.0,0.0,0.0,0.0,0.0,0.0,3.9,0.0,5.8,0.0,0.0,1.0,1.0,0.2
2026-08-22 07:15:00,0.0,6.6,0.0,10.8,0.0,0.0,51.6,4.0,87.6,17.9,0.1,14.3,4.0,69.6,12.0,5.7,21.8,3.0,29.0,10.0,7.7,8.8,17.4,0.0,0.0,0.0,11.9,0.0,0.0,0.0,0.0,0.0,0.0,0.0,3.8,0.0,6.0,0.0,0.0,1.1,1.0,0.2
2026-08-22 07:30:00,0.0,4.9,0.0,10.8,0.0,0.0,59.6,14.0,117.7,18.8,8.7,15.0,6.6,64.9,105.5,7.9,21.9,1.9,29.3,10.0,2.3,9.0,15.7,0.0,0.0,0.0,19.7,0.0,0.0,0.0,0.0,0.0,8.0,0.0,3.9,0.0,6.8,0.0,0.0,1.2,1.0,0.3
2026-08-22 07:45:00,0.0,2.4,0.0,10.8,0.0,0.0,80.6,14.0,104.9,20.6,2.1,10.0,6.0,66.9,39.6,9.1,21.8,3.1,40.8,10.0,2.4,22.8,13.2,0.0,0.0,0.0,23.6,0.0,0.0,0.0,0.0,0.0,7.0,0.0,3.9,0.0,6.6,0.0,0.0,1.3,1.0,0.3
2026-08-22 08:00:00,4.9,0.2,0.0,9.2,0.0,0.0,17.1,9.9,55.0,13.9,0.1,10.1,13.4,76.0,7.0,17.7,11.9,3.0,37.9,35.0,14.5,15.7,4.5,0.0,0.0,0.0,1.0,0.0,0.9,0.0,0.0,0.0,1.7,0.0,2.0,0.0,8.0,0.0,0.0,1.2,1.0,0.2
2026-08-22 08:15:00,6.1,0.2,0.0,10.6,0.0,0.0,2.0,25.8,96.2,15.7,0.0,14.4,9.0,60.1,42.5,14.6,11.8,3.0,34.7,10.0,7.1,10.7,0.8,0.0,0.0,0.0,2.9,0.0,0.9,0.0,0.0,0.0,10.0,0.0,0.3,0.0,9.8,0.0,0.0,1.3,1.0,0.2
2026-08-22 08:30:00,7.2,0.2,0.0,9.7,0.0,0.0,2.0,27.4,87.4,18.2,19.3,10.1,6.0,60.1,28.5,17.3,10.6,3.0,47.5,10.0,14.7,11.7,0.0,0.2,0.0,0.0,2.9,0.0,1.6,0.0,0.0,0.0,11.0,0.0,0.0,0.0,4.0,0.0,0.0,1.3,1.0,0.1
2026-08-22 08:45:00,9.1,0.3,0.0,8.9,0.0,0.0,28.6,28.3,75.2,20.5,18.0,10.1,4.5,58.8,19.0,14.9,12.2,3.0,79.5,10.0,6.8,11.1,14.3,0.0,0.0,0.0,5.9,0.0,10.0,0.0,0.0,0.0,12.0,0.0,0.0,0.0,2.0,0.0,0.0,1.3,1.0,0.2
2026-08-22 09:00:00,4.0,0.3,0.0,10.3,0.0,0.0,0.0,55.8,40.0,33.9,0.0,43.1,2.0,81.3,0.0,69.3,16.3,4.0,45.0,12.7,13.7,18.9,0.0,0.5,0.0,0.0,0.0,0.0,37.0,0.0,0.0,14.0,5.0,0.0,4.0,0.0,7.7,0.0,0.8,1.0,0.0,1.0
2026-08-22 09:15:00,9.6,0.3,0.0,9.9,0.0,0.0,0.0,13.1,40.0,23.7,0.0,37.3,2.0,75.5,0.0,41.8,10.0,4.0,10.0,11.7,1.6,16.4,0.3,0.0,0.0,0.0,0.0,0.0,0.0,0.0,0.0,0.0,0.0,0.0,4.2,0.0,8.1,0.0,0.8,1.0,0.1,1.0
2026-08-22 09:30:00,10.0,0.4,0.0,9.6,0.0,0.0,43.7,4.1,50.2,17.1,23.5,10.2,33.9,51.7,46.4,30.9,9.6,4.0,60.4,3.9,21.1,6.2,50.2,0.0,0.0,0.0,0.0,9.1,12.0,0.0,0.0,0.0,0.0,0.0,3.8,0.0,9.1,0.0,11.1,1.0,10.2,1.0
2026-08-22 09:45:00,10.0,0.4,0.0,10.2,0.0,0.0,53.3,3.9,40.0,29.7,40.8,20.1,64.6,52.6,0.0,40.0,9.5,5.5,48.1,29.7,18.6,18.2,37.9,0.0,0.0,0.0,0.0,11.0,11.0,0.0,0.0,0.0,0.0,0.0,4.0,0.0,9.6,0.0,11.2,1.0,10.2,1.0
2026-08-22 10:00:00,10.0,0.4,0.0,6.7,0.0,0.0,19.9,19.7,0.0,19.0,53.3,25.2,33.8,68.9,0.0,21.7,21.7,4.0,21.8,0.3,9.5,0.6,3.8,0.0,0.0,0.0,13.1,3.0,0.0,0.0,0.0,0.0,0.0,10.1,3.2,0.0,7.9,0.0,0.8,1.0,0.0,0.0
2026-08-22 10:15:00,10.0,0.3,0.0,8.0,0.0,0.0,41.8,23.1,0.0,26.9,44.8,10.2,33.1,60.6,0.0,27.7,30.6,4.0,12.6,0.3,14.2,0.6,3.5,0.0,0.0,0.0,0.0,0.0,0.0,0.0,0.0,0.0,0.0,0.0,3.0,0.0,7.7,0.0,1.8,1.0,0.0,0.0
2026-08-22 10:30:00,10.0,0.3,0.0,8.2,0.0,0.0,48.8,16.6,0.0,27.3,19.2,22.1,48.3,63.1,0.0,29.3,19.8,1.0,51.0,0.3,20.3,13.2,6.1,0.0,0.0,0.0,0.0,0.0,0.0,0.0,2.0,0.0,0.0,0.0,3.2,0.0,10.0,0.0,1.8,1.0,12.8,0.0
2026-08-22 10:45:00,10.0,0.2,0.0,9.9,0.0,0.0,85.0,27.4,0.0,30.6,14.7,10.1,84.9,63.9,0.0,20.8,17.6,0.0,42.5,0.3,8.2,23.8,4.9,0.0,0.0,0.0,0.0,0.0,0.0,0.0,0.0,0.0,0.0,0.0,3.2,0.0,8.1,0.0,2.2,1.0,10.4,0.0
2026-08-22 11:00:00,10.0,0.2,6.1,0.2,0.0,0.0,38.8,14.6,0.0,20.1,0.2,31.5,12.0,80.7,2.0,14.2,22.8,14.0,2.2,0.9,4.5,26.7,9.9,41.7,0.0,0.0,0.0,0.0,0.0,0.0,1.0,0.0,0.0,0.0,7.8,0.0,9.4,0.0,3.2,0.0,1.0,0.0
2026-08-22 11:15:00,9.8,0.2,5.4,0.1,0.0,0.0,89.4,15.9,0.0,17.4,0.4,34.9,12.0,138.7,0.0,14.9,25.8,10.0,1.3,12.9,4.5,34.5,3.1,41.7,0.0,0.0,0.0,0.9,0.0,0.0,2.0,0.0,0.9,0.0,7.9,0.0,3.6,0.0,3.2,0.0,1.0,0.0
2026-08-22 11:30:00,8.3,0.2,1.9,0.0,0.0,0.0,74.1,17.0,0.0,16.9,0.3,47.7,12.1,131.9,2.0,15.1,30.5,11.2,1.8,21.5,3.7,50.7,7.1,41.7,0.0,0.0,0.0,1.1,0.0,0.0,2.0,0.0,1.1,0.0,7.9,0.0,9.5,0.0,4.2,0.0,1.0,0.0
2026-08-22 11:45:00,10.0,0.2,3.9,0.0,0.0,0.0,49.4,16.0,0.0,28.3,20.2,15.4,12.0,148.9,0.0,46.9,17.6,15.3,0.8,11.4,3.7,47.0,1.4,41.7,0.0,0.0,0.0,0.0,0.0,0.0,3.0,0.0,0.0,0.0,7.8,0.0,9.4,0.0,3.8,0.0,1.0,0.0
2026-08-22 12:00:00,9.6,0.1,4.5,0.0,0.0,0.0,31.8,9.0,100.0,14.6,12.6,20.1,2.0,69.3,0.0,29.0,18.6,30.0,45.8,8.4,12.3,35.1,0.0,12.3,0.0,0.0,2.0,2.0,0.0,0.0,0.0,0.0,0.0,0.0,0.0,0.0,0.0,0.0,0.0,0.7,0.0,1.0
2026-08-22 12:15:00,9.3,0.1,1.1,0.0,0.0,0.0,30.0,20.6,100.0,19.6,8.9,10.2,2.0,70.9,0.0,44.8,9.0,32.0,9.9,9.9,14.2,22.8,0.0,8.3,0.0,0.0,2.0,2.0,0.0,0.0,0.0,0.0,0.0,0.0,0.0,0.0,0.0,0.0,0.0,1.0,0.0,1.0
2026-08-22 12:30:00,8.7,0.1,5.1,0.0,0.0,0.0,55.4,36.9,100.0,18.0,0.0,16.2,2.0,128.8,0.0,42.7,9.4,32.0,6.4,12.6,13.0,36.5,0.0,9.1,0.0,0.0,1.0,1.0,0.0,0.0,0.0,0.0,0.0,0.0,0.0,0.0,0.0,0.0,0.0,0.6,0.0,1.0
2026-08-22 12:45:00,9.0,0.0,2.9,0.1,0.0,0.0,50.0,36.0,100.0,15.2,0.0,27.9,2.0,138.1,0.0,73.4,9.1,32.0,5.1,35.8,16.0,23.4,0.0,1.7,0.0,0.0,0.0,0.0,0.0,0.0,0.0,0.0,0.0,0.0,0.0,0.0,0.0,0.0,0.0,0.4,0.0,1.0
2026-08-22 13:00:00,8.6,0.0,4.5,0.1,0.0,0.0,36.9,18.0,201.0,12.5,0.0,23.7,12.1,158.9,0.0,60.3,2.0,55.0,5.4,14.3,9.2,39.8,0.0,4.5,0.0,0.0,0.0,0.0,0.0,0.0,0.0,0.0,0.0,0.0,0.0,0.0,0.0,1.0,0.0,0.5,0.0,1.0
2026-08-22 13:15:00,8.9,0.1,1.1,0.1,0.0,0.0,50.2,22.6,201.0,12.0,0.0,46.5,2.1,98.2,0.0,34.6,1.0,55.0,8.9,13.9,11.9,37.8,0.0,4.4,0.0,0.0,0.0,0.0,0.0,0.0,0.0,0.0,0.0,0.0,0.0,0.0,0.0,1.0,0.0,0.4,0.0,1.0
2026-08-22 13:30:00,8.3,0.2,2.1,0.2,0.0,0.0,50.2,28.8,201.0,13.4,20.0,26.9,12.1,124.9,4.0,29.7,0.0,58.0,4.8,14.6,8.1,40.0,0.0,2.7,0.0,0.0,0.0,0.0,0.0,0.0,0.0,0.0,0.0,0.0,0.0,0.0,0.0,0.0,0.0,0.3,0.0,1.0
2026-08-22 13:45:00,6.7,0.3,8.3,0.2,0.0,0.0,40.3,32.0,201.0,14.5,20.0,24.1,2.0,141.0,0.0,37.7,14.7,55.0,4.2,12.6,8.5,38.7,0.0,6.4,0.0,0.0,0.0,0.0,0.0,0.0,0.0,0.0,0.0,0.0,0.0,0.0,0.0,0.0,0.0,1.1,0.0,1.0
2026-08-22 14:00:00,8.7,0.3,7.6,0.1,0.0,0.0,52.4,29.5,11.0,10.5,10.1,17.0,12.1,125.0,0.0,44.9,1.0,65.0,4.9,38.9,6.5,39.0,0.0,9.5,0.0,0.0,0.0,0.0,0.0,0.0,0.0,0.0,0.0,0.0,0.0,0.0,0.0,1.0,0.0,1.3,1.0,0.0
2026-08-22 14:15:00,8.5,0.4,8.4,0.0,0.0,0.0,50.2,37.4,11.0,13.5,10.4,17.6,12.1,68.6,0.0,34.2,14.3,65.0,17.8,14.6,9.8,38.7,0.0,13.4,0.0,0.0,0.0,0.0,0.0,0.0,0.0,0.0,0.0,0.0,0.0,0.0,0.0,1.0,0.0,0.1,1.0,0.0
2026-08-22 14:30:00,8.1,0.4,6.7,0.0,0.0,0.0,54.5,45.3,11.0,17.3,10.2,14.7,12.0,69.8,0.0,37.1,17.0,65.0,10.3,14.5,9.3,38.2,0.0,14.2,0.0,0.0,0.0,0.0,0.0,0.0,0.0,0.0,0.0,0.0,0.0,0.0,0.0,0.0,0.0,0.1,1.0,0.0
2026-08-22 14:45:00,7.0,0.4,8.3,0.0,0.0,0.0,30.1,28.3,11.0,23.0,10.5,11.6,12.1,92.7,0.0,36.0,1.1,65.0,31.4,9.6,6.5,39.6,0.0,17.2,0.0,0.0,12.2,1.0,0.0,0.0,11.4,0.0,0.0,0.0,0.0,0.0,0.0,0.0,0.0,1.1,1.0,0.0
2026-08-22 15:00:00,10.0,0.5,0.3,6.1,0.0,0.0,38.1,67.1,51.0,19.7,26.4,10.1,7.6,67.5,15.0,35.5,12.8,50.0,19.8,8.0,19.6,37.8,0.0,20.4,0.0,0.0,0.0,28.9,0.0,0.0,23.1,0.0,0.0,0.0,0.0,0.0,0.0,2.2,0.0,1.3,0.0,0.0
2026-08-22 15:15:00,10.0,0.5,0.2,8.3,0.0,0.0,40.1,60.3,63.9,11.9,8.2,30.1,66.0,49.6,38.7,35.3,23.9,50.0,25.1,9.7,20.2,38.6,0.0,20.0,0.0,0.0,0.0,18.0,0.0,0.0,25.1,0.0,0.0,0.0,0.0,0.0,0.0,1.3,0.0,2.2,0.0,0.0
2026-08-22 15:30:00,8.2,0.5,0.1,6.1,0.0,0.0,40.1,63.2,51.0,10.4,29.3,10.1,3.0,86.5,0.0,31.3,12.5,50.0,26.1,10.6,24.3,39.3,0.0,15.4,0.0,0.0,0.0,18.0,0.0,0.0,14.0,0.0,0.0,0.0,0.0,0.0,0.0,1.4,0.0,1.2,0.0,0.0
2026-08-22 15:45:00,7.2,0.5,0.0,6.5,0.0,0.0,40.2,56.6,51.0,11.1,29.2,10.1,2.1,58.8,4.0,26.5,18.6,50.0,25.3,9.7,27.6,39.9,0.0,18.1,0.0,0.0,0.0,18.0,0.0,0.1,31.3,0.0,0.0,0.0,0.0,0.0,0.0,3.1,0.0,1.3,0.0,0.0
2026-08-22 16:00:00,8.3,0.5,0.1,2.5,0.0,0.0,40.3,50.7,201.0,3.7,33.9,10.1,2.1,139.5,0.0,28.8,32.7,30.0,17.0,30.9,15.3,32.3,22.1,10.6,0.0,0.0,0.0,10.6,0.0,0.0,7.0,0.0,0.0,0.0,5.4,0.0,4.2,0.0,16.9,0.0,14.8,1.0
2026-08-22 16:15:00,9.0,0.4,0.2,1.1,0.0,0.0,35.8,44.0,201.0,11.2,29.5,10.4,2.0,139.0,0.0,22.2,18.7,30.6,49.2,27.0,34.4,48.7,24.6,13.5,0.0,0.0,0.0,6.4,0.0,0.0,9.3,0.0,0.0,0.0,5.3,0.0,4.8,0.0,16.9,0.0,13.0,1.0
2026-08-22 16:30:00,9.8,0.3,2.3,0.0,0.0,0.0,37.2,43.9,201.0,8.2,32.6,10.5,2.1,65.2,0.0,30.8,35.8,30.0,0.6,27.0,0.0,34.7,6.9,19.7,0.0,0.0,0.0,6.1,0.0,0.0,62.6,0.0,0.0,0.8,5.2,0.0,5.7,0.0,24.4,0.0,22.0,1.0
2026-08-22 16:45:00,8.1,0.2,0.6,0.0,0.0,0.0,7.4,58.6,201.0,9.0,0.2,20.2,2.0,69.3,0.0,15.4,28.5,30.0,26.5,26.3,0.0,29.9,29.0,11.2,0.0,0.0,0.0,21.1,0.0,0.0,6.0,0.0,0.0,3.9,5.1,0.0,6.4,0.0,18.1,0.0,16.0,1.0
2026-08-22 17:00:00,0.0,7.7,0.6,0.0,0.0,0.0,12.1,45.7,1.0,7.8,10.2,15.4,2.0,127.6,69.4,20.0,21.2,0.0,0.8,18.0,23.6,28.9,0.0,19.7,0.0,0.0,10.6,5.8,0.0,0.0,0.0,3.0,0.0,4.8,0.0,0.0,0.0,5.0,0.0,2.5,0.0,1.0
2026-08-22 17:15:00,0.0,5.3,3.1,0.0,0.0,0.0,35.3,49.7,1.0,6.0,22.2,10.2,3.8,47.9,48.4,20.0,16.4,0.0,5.5,15.0,30.7,19.7,0.0,16.5,0.0,0.0,10.6,9.6,0.0,0.0,0.0,0.0,0.0,1.0,4.8,0.0,9.2,0.0,14.7,1.0,7.5,1.0
2026-08-22 17:30:00,6.0,0.0,6.3,0.0,0.0,0.0,32.7,54.8,1.0,2.5,6.6,16.5,2.0,65.2,62.6,20.0,0.0,2.6,1.6,12.0,27.0,7.4,23.7,15.2,0.0,0.0,0.0,0.0,0.0,0.0,17.5,0.0,0.0,0.0,4.9,0.0,9.0,0.0,28.5,1.0,22.1,1.0
2026-08-22 17:45:00,3.8,0.0,6.3,0.0,0.0,0.0,37.5,60.2,1.0,4.1,13.5,30.0,12.0,74.9,30.0,21.6,5.1,0.0,15.2,2.3,39.3,7.1,13.0,29.0,0.0,0.0,4.1,2.8,0.0,0.0,0.0,0.0,0.0,1.3,4.8,0.0,9.3,0.0,6.5,1.0,0.9,1.1
2026-08-22 18:00:00,5.8,0.0,7.4,0.0,0.0,0.0,31.2,47.4,16.0,1.0,10.2,31.4,2.0,78.1,2.0,15.2,6.1,0.0,40.0,2.1,47.5,5.0,14.3,30.2,0.0,0.0,0.0,0.0,0.0,0.0,1.0,0.0,0.0,0.0,3.9,0.0,38.6,0.0,6.7,1.0,7.1,1.0
2026-08-22 18:15:00,6.6,0.0,1.6,0.0,0.0,0.0,26.4,70.3,20.6,1.0,31.4,20.1,3.7,68.0,24.7,12.1,13.0,0.0,16.0,0.0,43.0,5.0,10.8,26.6,0.0,0.0,0.0,0.0,0.0,0.0,0.0,0.0,0.0,0.0,3.9,0.0,39.3,0.0,6.6,1.0,0.7,1.0
2026-08-22 18:30:00,7.8,0.0,7.4,0.0,0.0,0.0,35.0,103.4,20.0,1.0,23.5,30.1,4.5,83.6,2.0,15.3,10.5,1.3,15.0,1.6,39.4,5.0,1.4,26.5,2.0,0.0,11.5,0.0,0.0,0.0,0.0,0.0,26.4,0.0,0.0,0.0,21.1,0.0,0.0,1.1,0.0,1.0
2026-08-22 18:45:00,7.4,0.0,6.8,0.0,0.0,0.0,39.3,102.4,29.2,1.0,23.2,20.2,18.2,80.3,26.1,12.0,0.0,2.3,21.1,25.0,51.3,5.0,0.3,22.1,2.0,0.0,33.9,0.0,0.0,0.0,0.0,0.0,24.0,0.0,0.0,0.0,21.1,0.0,0.0,1.0,0.0,1.0
2026-08-22 19:00:00,0.0,0.1,1.6,0.0,0.0,0.0,30.7,18.2,7.3,0.0,22.0,30.2,2.0,105.9,7.0,6.5,17.1,0.0,10.3,78.5,35.0,14.0,0.0,16.0,0.0,0.0,0.0,6.9,0.0,0.0,1.8,0.0,0.0,4.0,0.0,0.0,4.0,0.0,10.7,1.0,0.0,1.0
2026-08-22 19:15:00,0.0,0.2,0.3,0.0,0.0,0.0,52.8,10.8,21.7,0.0,24.0,25.2,2.0,78.5,7.0,8.2,22.0,0.0,20.3,53.0,35.0,6.9,0.0,15.0,0.0,0.0,0.0,12.1,0.0,0.0,3.3,0.0,0.0,4.0,0.0,0.0,4.0,0.0,9.5,1.0,0.0,1.0
2026-08-22 19:30:00,3.8,0.3,4.2,0.0,0.0,0.0,16.8,23.4,16.2,2.5,41.2,17.9,2.0,94.1,14.2,8.9,22.1,0.0,20.4,38.2,35.0,7.6,13.4,21.3,0.0,0.0,0.0,0.0,0.0,0.0,0.0,0.0,0.0,4.0,0.0,0.0,0.0,0.0,0.0,1.1,2.3,1.0
2026-08-22 19:45:00,5.2,0.4,7.4,0.0,0.0,0.0,15.0,23.8,15.8,0.0,13.5,20.0,2.0,103.2,23.8,5.0,11.9,0.0,40.9,60.8,35.0,10.1,8.5,18.6,0.0,0.0,0.0,0.0,0.0,0.0,0.0,0.0,0.0,4.0,0.0,0.0,0.0,0.0,0.0,1.1,0.0,1.0
2026-08-22 20:00:00,0.0,7.2,0.4,3.3,0.0,0.0,34.2,1.9,2.0,4.6,42.6,10.1,2.1,70.5,37.9,0.0,11.0,0.0,10.3,42.6,35.0,10.5,0.0,16.0,0.0,0.0,0.0,81.0,0.0,0.0,3.0,0.0,0.0,0.0,2.8,0.0,17.4,0.0,0.0,1.1,0.0,1.0
2026-08-22 20:15:00,0.0,0.5,0.6,0.0,0.0,0.0,18.1,7.2,2.0,5.1,4.0,30.9,2.0,122.5,31.8,0.0,12.1,10.4,10.3,44.2,35.0,11.0,2.7,24.4,0.0,0.0,0.0,72.0,0.0,0.0,0.0,0.0,0.0,0.0,0.0,0.0,0.0,0.0,10.4,1.0,7.4,1.0
2026-08-22 20:30:00,1.3,0.5,4.4,0.0,0.0,0.0,29.5,2.0,2.0,3.6,0.0,16.9,2.0,109.9,24.4,2.0,12.2,0.0,10.3,12.6,25.0,23.2,8.4,21.3,0.0,0.0,19.3,42.7,0.0,0.0,0.0,0.0,0.0,0.0,0.0,0.0,0.0,0.0,8.4,1.1,7.4,1.0
2026-08-22 20:45:00,3.4,0.5,1.0,0.0,0.0,0.0,14.4,10.8,2.0,2.6,20.0,25.1,2.0,104.6,12.0,36.2,32.2,0.0,35.3,28.5,25.0,22.3,15.9,18.8,0.0,0.0,4.2,33.0,0.0,0.0,0.0,0.0,0.0,0.0,0.0,0.0,0.0,0.0,1.0,1.0,0.0,1.0
2026-08-22 21:00:00,0.0,3.2,1.6,0.0,0.0,0.0,31.1,1.0,2.0,4.5,0.0,34.6,2.0,85.8,12.0,15.6,24.6,0.0,10.3,15.1,35.6,22.0,0.0,26.0,0.0,0.0,12.5,33.3,0.0,0.0,3.9,0.0,0.0,0.0,0.0,0.0,2.1,0.0,13.1,1.0,0.2,1.0
2026-08-22 21:15:00,0.0,0.5,2.6,0.0,0.0,0.0,39.7,0.9,2.0,0.0,14.6,30.1,10.9,84.5,24.5,17.1,29.3,0.0,10.3,15.5,25.6,11.4,12.3,26.2,0.0,0.0,13.3,26.8,0.0,0.0,0.0,0.0,0.0,0.0,0.0,0.0,0.0,0.0,0.0,1.0,0.0,1.0
2026-08-22 21:30:00,0.0,0.5,4.7,0.0,0.0,0.0,3.0,6.5,2.0,2.7,4.0,34.0,2.0,95.9,12.9,4.6,32.5,0.0,10.3,19.7,25.6,24.9,15.5,28.5,0.0,0.0,21.9,31.6,0.0,0.0,0.0,0.0,0.0,0.0,0.0,0.0,0.0,0.7,1.4,1.0,7.1,1.0
2026-08-22 21:45:00,0.0,0.5,7.9,0.0,0.0,0.0,9.8,0.9,2.1,0.0,0.2,11.1,2.1,79.2,51.3,6.0,26.2,0.0,10.3,13.0,25.6,20.1,13.7,29.7,0.0,0.0,16.9,34.4,0.0,0.0,0.0,0.0,0.0,0.0,0.0,0.0,0.0,2.6,0.0,1.0,3.1,1.0
2026-08-22 22:00:00,2.9,0.5,6.6,0.1,0.0,0.0,17.4,8.8,2.0,3.0,3.9,37.0,2.1,104.1,14.0,2.8,29.1,0.0,35.4,10.0,25.6,26.1,32.5,30.8,0.0,0.0,22.2,66.0,0.0,0.0,0.0,0.0,0.0,0.0,0.0,0.0,0.0,8.6,0.0,1.0,0.0,1.0
2026-08-22 22:15:00,1.4,0.5,7.4,0.1,0.0,0.0,2.0,39.9,2.0,2.7,2.3,30.2,2.0,104.9,12.0,2.2,29.0,0.0,6.3,9.4,30.1,10.4,22.0,27.4,0.0,0.0,13.6,104.0,0.0,0.0,0.0,13.0,0.0,0.0,0.0,0.0,0.0,6.4,9.5,1.0,9.1,1.0
2026-08-22 22:30:00,0.0,0.4,7.1,0.1,0.0,0.0,2.0,104.9,2.0,2.9,3.2,26.7,50.8,79.4,12.0,3.7,31.8,0.0,20.2,3.3,25.6,7.1,17.0,24.4,0.0,0.0,4.3,132.2,0.0,0.0,0.0,0.0,0.0,0.0,0.0,0.0,0.0,6.0,0.0,1.0,8.8,1.0
2026-08-22 22:45:00,0.0,0.4,7.8,0.2,0.0,0.0,2.0,93.7,2.0,2.3,9.0,31.7,21.7,78.6,12.0,10.6,30.8,0.0,30.3,31.1,25.6,10.3,33.7,20.3,0.0,0.0,3.6,62.4,0.0,0.0,0.0,33.0,0.0,0.0,0.0,0.0,0.0,5.6,10.8,1.0,9.2,1.0
2026-08-22 23:00:00,0.0,0.3,3.8,0.2,0.0,0.0,2.0,54.6,2.2,0.0,0.0,38.2,27.8,79.0,2.0,7.5,30.8,0.0,20.0,34.5,27.9,6.2,22.8,17.2,0.0,0.0,0.0,21.0,0.0,0.0,0.0,12.1,0.0,0.0,0.0,0.0,1.0,14.0,10.1,2.0,8.1,0.0
2026-08-22 23:15:00,0.0,0.1,0.0,0.9,0.0,0.0,2.0,67.1,2.0,2.1,0.7,27.0,25.1,79.4,4.8,5.0,27.8,0.0,20.0,27.8,25.9,6.2,22.8,12.2,0.0,0.0,0.0,21.0,0.0,0.0,0.0,15.8,0.0,0.0,0.0,0.0,1.0,11.0,11.1,3.0,8.1,0.0
2026-08-22 23:30:00,0.1,0.0,1.9,0.2,0.0,0.0,2.0,85.9,2.0,1.5,0.0,33.9,40.2,75.2,36.5,5.0,27.9,0.0,20.0,20.0,25.0,6.8,17.0,14.9,0.0,0.0,2.3,18.2,0.0,0.0,0.0,7.0,0.0,0.0,0.0,0.0,1.0,10.9,8.8,4.0,8.1,0.0
2026-08-22 23:45:00,0.2,0.0,0.0,0.2,0.0,0.0,2.0,86.9,2.0,2.3,0.0,16.7,18.3,76.3,10.2,5.2,30.8,0.0,20.0,28.5,25.0,17.5,14.2,18.9,0.0,0.0,4.3,4.3,0.0,0.0,0.0,0.0,0.0,0.0,0.0,0.0,2.9,8.3,15.1,5.0,1.0,1.0
2026-08-23 00:00:00,8.0,0.0,0.0,0.3,0.0,0.0,0.0,47.8,29.3,14.2,5.0,31.9,6.0,67.5,7.0,38.7,12.6,40.0,164.8,10.4,0.0,10.9,2.0,17.1,0.0,1.0,0.0,15.0,0.0,0.0,0.0,0.0,0.0,24.3,5.9,0.0,5.5,0.0,8.1,12.4,1.0,0.7
2026-08-23 00:15:00,8.2,0.0,0.0,0.4,0.0,0.0,0.0,25.6,29.3,5.4,8.9,19.8,6.1,70.8,7.0,1.0,15.6,40.0,100.3,8.5,10.0,0.7,3.0,16.8,0.0,0.0,0.0,10.8,0.0,0.0,0.0,0.0,0.0,2.0,5.6,0.0,3.3,0.0,8.1,11.5,1.0,0.6
2026-08-23 00:30:00,8.0,0.0,0.0,0.6,0.0,0.0,0.0,21.4,29.3,3.0,4.0,23.7,29.6,54.0,47.5,2.0,15.6,40.0,115.7,75.0,11.9,0.0,2.0,15.1,0.0,1.0,7.1,0.0,0.0,0.0,0.0,0.0,0.7,0.0,0.0,0.0,0.0,0.0,7.0,2.0,1.0,0.4
2026-08-23 00:45:00,8.2,0.0,24.4,25.0,0.0,0.0,20.8,21.0,29.3,4.8,12.3,23.8,10.1,55.0,58.3,8.0,15.6,40.0,117.2,75.0,11.7,0.0,0.0,10.9,0.0,1.0,4.0,0.0,0.0,0.0,0.0,0.0,0.0,0.0,4.7,0.0,0.0,0.0,0.0,2.4,1.0,0.4
2026-08-23 01:00:00,7.6,0.0,4.7,0.7,0.0,0.0,0.8,31.2,6.0,7.0,0.0,26.9,6.0,83.5,7.0,17.7,39.1,40.0,151.3,41.6,14.5,4.6,3.0,15.0,0.0,1.0,0.0,12.1,0.0,0.0,4.0,0.0,0.0,0.0,0.0,0.0,0.0,0.0,6.0,5.7,0.0,1.5
2026-08-23 01:15:00,7.0,0.0,20.7,19.4,0.0,0.0,0.8,12.0,6.0,4.5,0.0,36.5,6.0,72.0,7.2,2.0,34.6,40.0,151.3,37.0,10.0,2.8,0.0,1.3,0.0,1.0,0.0,0.0,0.0,0.0,0.0,0.0,1.0,0.0,0.0,0.0,0.0,0.0,0.0,5.8,0.0,1.3
2026-08-23 01:30:00,7.7,0.0,21.6,20.3,0.0,0.0,0.8,3.4,6.0,7.4,0.0,49.2,11.4,71.2,7.0,2.3,26.2,40.0,151.3,23.6,10.0,4.5,2.0,15.1,0.0,1.0,0.0,11.8,0.0,0.0,5.9,0.0,1.0,0.0,0.0,0.0,0.0,1.5,6.9,6.0,0.0,1.3
2026-08-23 01:45:00,7.6,0.0,23.2,21.7,0.0,0.0,1.2,3.6,19.4,8.7,0.0,41.8,42.3,69.1,11.8,8.0,25.7,40.0,156.5,20.0,17.6,0.0,0.0,3.5,0.0,1.0,1.0,0.0,0.0,0.0,0.0,0.0,1.0,0.0,0.5,0.0,0.0,0.0,0.0,4.7,0.0,1.5
2026-08-23 02:00:00,4.8,0.0,0.0,0.1,0.0,0.0,0.8,39.4,6.0,8.0,0.0,22.6,79.2,68.0,8.7,20.8,28.3,40.0,187.0,10.4,15.2,0.6,0.0,5.7,0.0,1.0,0.0,14.9,0.0,0.0,0.0,0.0,0.0,0.0,3.4,0.0,0.0,0.0,1.0,4.1,0.0,1.5
2026-08-23 02:15:00,3.7,0.0,0.0,0.1,0.0,0.0,0.8,42.5,19.4,5.8,0.0,35.6,89.1,54.0,10.9,8.0,31.7,40.0,190.2,0.0,12.5,0.6,0.0,7.0,0.0,1.0,0.7,0.0,0.0,0.0,0.0,0.0,0.0,0.0,4.0,0.0,0.0,0.0,1.3,2.4,0.0,1.6
2026-08-23 02:30:00,4.2,0.0,0.0,0.1,0.0,0.0,0.8,26.0,6.0,5.7,0.0,39.4,79.5,54.0,26.8,0.0,35.1,40.0,192.3,0.0,12.9,0.6,0.0,6.2,0.0,1.0,6.0,0.0,0.0,0.0,0.0,0.0,9.0,0.0,4.5,0.0,0.0,0.0,1.0,3.6,0.0,1.5
2026-08-23 02:45:00,3.4,0.0,0.0,0.1,0.0,0.0,0.8,4.8,11.8,5.8,0.7,32.4,70.3,54.0,9.8,0.0,24.4,40.0,191.7,0.0,10.7,0.6,0.0,8.8,0.0,0.0,1.0,0.0,0.0,0.0,0.0,0.0,0.0,0.0,4.4,0.0,0.0,0.0,2.0,1.0,0.0,1.6
2026-08-23 03:00:00,1.8,0.0,0.0,0.1,0.0,0.0,5.6,3.0,6.0,4.2,0.0,35.3,10.5,58.0,8.1,0.0,21.6,60.0,50.6,0.0,14.5,4.3,0.0,9.5,0.0,0.0,0.0,0.0,0.0,0.0,0.0,0.0,0.0,0.0,7.0,0.0,0.0,1.0,2.0,1.4,0.0,1.3
2026-08-23 03:15:00,2.1,0.0,0.0,0.2,0.0,0.0,0.8,6.6,6.0,3.9,0.0,23.1,17.8,57.0,9.9,0.0,11.5,60.0,51.5,0.0,10.0,4.0,0.0,9.4,0.0,0.0,0.0,0.0,0.0,0.0,0.0,0.0,0.0,0.0,5.2,0.0,0.0,0.0,2.7,1.0,1.3,1.1
2026-08-23 03:30:00,1.9,0.0,0.0,0.2,0.0,0.0,0.8,17.8,6.0,10.2,0.0,43.8,6.2,57.0,7.0,2.2,22.5,60.0,50.0,0.7,10.0,5.0,0.0,9.8,0.0,0.0,0.0,0.0,0.0,0.0,0.0,0.0,0.0,0.0,5.7,0.0,0.0,0.0,3.2,1.0,0.0,1.2
2026-08-23 03:45:00,2.1,0.0,0.0,0.1,0.0,0.0,3.0,13.7,16.9,4.3,0.0,28.8,39.0,54.0,8.4,0.0,22.4,60.0,54.5,0.0,10.0,1.8,0.0,8.3,0.0,0.0,2.8,0.0,0.0,0.0,0.0,0.0,0.0,0.0,5.9,0.0,0.0,0.0,1.3,1.0,1.1,1.0
2026-08-23 04:00:00,1.9,0.0,0.0,4.9,0.0,0.0,0.8,12.2,5.0,2.2,0.0,35.9,6.0,60.9,7.0,7.2,22.2,20.0,225.0,1.1,10.0,9.5,0.0,12.1,0.0,0.0,0.0,10.6,0.0,0.0,0.0,0.0,0.0,0.0,6.1,0.0,0.0,0.0,5.1,1.6,0.0,1.1
2026-08-23 04:15:00,1.4,0.0,0.0,5.0,0.0,0.0,0.8,19.6,5.0,3.0,4.3,40.0,6.0,58.6,7.0,8.3,22.1,20.0,225.0,0.6,10.0,9.2,0.0,5.9,0.0,0.0,0.0,10.5,0.0,0.0,0.0,0.0,0.0,0.0,5.2,0.0,0.0,0.0,0.0,1.0,0.0,1.0
2026-08-23 04:30:00,1.6,0.0,0.0,5.0,0.0,0.0,9.4,8.0,5.0,5.7,0.0,55.7,21.0,44.0,7.0,0.2,22.3,20.0,219.3,12.2,10.0,8.1,0.0,5.9,0.0,0.0,0.0,0.0,0.0,0.0,0.0,0.0,0.0,0.0,5.2,0.0,0.0,0.0,0.1,1.0,0.0,1.0
2026-08-23 04:45:00,1.3,0.0,0.0,5.0,0.0,0.0,5.6,8.0,5.0,6.0,0.0,43.3,6.0,58.0,7.0,18.5,22.7,20.0,225.0,16.8,10.0,11.1,0.0,5.7,0.0,0.0,0.0,0.0,0.0,0.0,0.0,0.0,0.0,0.0,5.4,0.0,0.0,0.0,0.0,1.0,0.0,1.0
2026-08-23 05:00:00,1.2,0.0,0.0,0.1,0.0,0.0,0.8,3.7,6.0,9.2,0.0,53.8,7.6,57.0,7.0,8.7,12.5,0.0,205.0,27.9,10.0,11.2,0.0,6.5,0.0,0.0,0.0,10.2,0.0,0.0,0.0,0.0,0.0,0.0,5.9,0.0,0.0,0.0,0.0,1.0,0.0,1.2
2026-08-23 05:15:00,2.3,0.0,0.0,0.1,0.0,0.0,8.5,8.0,6.0,10.0,0.1,67.8,6.1,59.3,7.0,51.8,12.4,0.0,205.0,3.1,11.1,10.9,0.0,7.2,0.0,0.0,0.0,12.9,0.0,0.0,0.0,0.0,0.0,0.0,5.7,0.0,0.0,0.0,0.0,1.0,1.4,1.3
2026-08-23 05:30:00,4.7,0.0,24.2,22.9,0.0,0.0,9.6,8.0,6.0,0.9,0.0,60.0,6.0,58.3,7.0,11.5,23.6,0.0,192.9,12.6,11.2,10.1,0.0,10.3,0.0,0.0,0.0,0.0,0.0,0.0,0.0,0.0,0.0,0.0,5.6,0.0,0.0,0.0,1.0,1.0,0.0,1.3
2026-08-23 05:45:00,6.3,0.0,17.2,18.0,0.0,0.0,10.2,8.0,6.0,5.9,0.0,84.7,6.0,84.3,7.0,54.0,21.2,0.0,205.0,20.1,11.3,23.5,0.0,10.6,0.0,0.0,0.0,14.6,0.0,0.0,0.0,0.0,0.0,0.0,5.3,0.0,0.0,0.0,0.0,1.0,2.2,1.4
2026-08-23 06:00:00,2.6,0.0,5.4,6.2,0.0,0.0,29.6,7.0,6.0,18.8,1.9,60.3,7.0,76.8,12.0,48.5,23.6,0.0,50.6,4.6,11.9,12.2,0.0,1.7,0.0,0.0,0.0,14.4,0.0,0.0,0.0,0.0,0.0,0.0,0.0,0.0,0.0,0.0,0.1,1.0,1.0,0.2
2026-08-23 06:15:00,4.3,0.0,19.7,20.4,0.0,0.0,30.3,12.0,6.0,14.6,0.0,60.6,7.0,81.4,12.0,58.4,24.4,0.0,50.6,16.5,1.9,12.1,0.0,3.3,0.0,0.0,0.0,14.3,0.0,0.0,0.0,0.0,0.0,0.0,0.0,0.0,0.0,0.0,0.0,1.0,1.0,0.3
2026-08-23 06:30:00,7.2,0.2,24.4,25.1,0.0,0.0,72.7,12.0,6.0,3.0,0.0,56.1,7.0,66.3,12.0,28.1,24.7,0.0,50.6,15.3,1.8,22.6,0.1,4.7,0.0,0.0,0.0,10.6,0.0,0.0,0.0,0.0,0.0,0.0,0.0,0.0,0.0,0.0,0.0,2.6,1.0,0.3
2026-08-23 06:45:00,7.5,0.2,24.5,25.1,0.0,0.0,30.6,7.0,6.0,15.4,0.0,73.0,7.0,57.0,12.0,6.0,24.5,0.0,50.6,3.4,1.7,10.5,0.0,9.3,0.0,0.0,0.0,0.0,0.0,0.0,0.0,0.0,0.0,0.0,0.1,0.0,0.0,0.6,0.0,1.0,1.0,0.4
2026-08-23 07:00:00,5.1,0.2,2.8,3.4,0.0,0.0,10.9,5.1,6.0,25.6,30.0,45.5,7.9,51.0,10.0,5.7,24.0,0.0,50.0,8.2,2.4,11.1,0.3,4.9,0.0,0.0,0.0,0.0,0.0,0.0,0.0,0.0,0.0,0.0,0.7,0.0,0.0,0.0,0.0,1.0,1.0,0.4
2026-08-23 07:15:00,7.4,0.2,24.5,25.1,0.0,0.0,3.3,5.2,6.0,4.1,35.1,52.6,8.8,51.0,10.0,4.6,20.9,0.0,50.0,7.9,2.5,11.4,2.2,10.9,0.0,0.0,0.0,1.0,0.0,0.0,0.0,0.0,0.0,0.0,0.0,0.0,0.0,0.1,0.0,1.4,1.0,0.4
2026-08-23 07:30:00,8.5,0.2,24.6,25.1,0.0,0.0,26.7,5.2,17.5,4.6,35.0,46.1,36.9,40.0,10.0,3.2,20.9,0.0,51.5,5.0,12.5,7.3,1.7,1.1,0.0,0.0,0.8,0.0,0.0,0.0,0.0,1.0,0.0,0.0,0.0,0.0,0.0,9.4,0.0,1.4,1.0,0.5
2026-08-23 07:45:00,9.1,0.2,34.3,0.1,0.0,0.0,17.7,5.1,6.0,22.5,36.3,40.1,41.4,40.0,10.0,2.3,18.3,0.5,51.3,17.0,2.7,19.6,3.4,0.6,0.0,0.0,0.8,0.0,0.0,0.0,0.0,7.0,0.0,0.0,1.1,0.0,0.0,3.6,1.0,1.0,1.0,0.6
2026-08-23 08:00:00,7.2,0.2,8.6,7.0,0.0,0.0,2.0,5.7,6.0,8.3,0.1,56.6,18.0,48.2,10.0,12.4,26.4,0.0,5.0,12.0,10.9,11.0,2.1,0.8,0.0,0.0,0.0,4.0,0.0,0.0,0.0,0.0,0.0,6.4,0.0,0.0,0.1,9.4,0.0,2.0,0.0,1.6
2026-08-23 08:15:00,8.5,0.2,8.8,0.1,0.0,0.0,2.0,17.1,6.0,10.6,0.0,37.7,32.2,40.0,10.0,10.7,24.4,0.0,5.6,0.0,6.5,5.0,5.7,1.2,0.0,0.0,0.0,0.0,0.0,0.0,0.0,0.0,0.0,0.0,6.3,0.0,0.0,0.1,0.0,1.0,6.6,1.0
2026-08-23 08:30:00,8.4,0.2,10.0,0.3,0.0,0.0,31.6,4.0,6.0,12.9,10.1,15.3,64.1,40.4,10.0,3.8,18.6,0.0,24.4,17.0,12.8,13.2,4.5,0.0,0.0,0.0,0.0,0.0,0.0,0.0,0.0,0.0,0.0,0.0,6.3,0.0,0.0,2.0,0.0,1.0,0.0,1.0
2026-08-23 08:45:00,9.3,0.1,10.0,0.1,0.0,0.0,14.7,14.0,6.0,11.8,0.1,15.3,38.3,40.7,10.0,5.9,13.9,0.0,18.1,17.0,6.0,14.8,1.6,0.2,0.0,0.0,0.0,0.0,0.0,0.0,0.0,0.0,0.0,0.0,0.0,0.0,0.0,15.2,0.0,4.4,0.0,1.0
2026-08-23 09:00:00,9.0,0.1,10.0,0.1,0.0,0.0,19.4,4.0,15.4,0.8,0.1,34.1,126.1,40.8,35.1,7.0,10.0,0.0,57.0,5.3,7.7,2.9,2.4,0.3,0.0,0.0,0.0,0.0,0.0,0.0,0.0,0.0,0.0,0.0,0.0,0.0,0.0,35.7,0.0,2.4,0.0,0.4
2026-08-23 09:15:00,10.0,0.1,10.0,0.1,0.0,0.0,29.3,4.0,5.0,8.4,0.0,35.5,53.5,40.7,27.4,7.0,12.5,0.0,35.5,0.3,26.4,0.0,36.1,0.2,0.0,0.0,1.3,0.0,0.0,0.0,0.0,0.0,0.0,1.3,0.0,0.0,0.0,5.7,0.0,2.0,7.2,0.0
2026-08-23 09:30:00,10.0,0.1,10.0,0.1,0.0,0.0,20.1,4.0,5.0,2.3,10.0,44.4,37.0,111.7,20.5,7.7,11.0,0.0,23.7,5.3,24.1,0.0,33.0,0.0,0.0,0.0,0.0,0.0,0.0,0.0,0.0,0.0,0.0,0.0,5.9,0.0,0.0,2.5,0.4,1.0,0.0,0.0
2026-08-23 09:45:00,9.6,0.1,10.0,0.1,0.0,0.0,16.1,4.0,5.0,8.3,0.0,47.9,38.1,115.9,16.2,9.4,10.0,2.0,13.1,30.3,9.1,13.3,14.8,0.0,0.0,0.0,0.0,0.0,0.0,0.0,0.0,0.0,0.0,0.0,6.0,0.0,0.0,3.7,1.4,1.0,0.0,0.0
2026-08-23 10:00:00,9.7,0.1,10.0,0.1,0.0,0.0,34.6,16.7,5.9,0.0,0.0,29.8,109.1,83.9,40.2,7.0,10.0,1.7,17.9,5.0,13.3,6.0,22.6,0.0,0.0,0.0,0.0,0.0,0.0,0.0,0.0,0.0,0.0,0.0,0.0,0.0,0.0,21.1,0.4,0.0,1.0,0.0
2026-08-23 10:15:00,9.7,0.1,10.0,0.0,0.0,0.0,38.5,16.1,5.0,0.3,5.6,27.7,67.5,88.7,166.5,7.0,16.0,0.0,23.5,5.0,24.9,16.7,67.5,0.0,0.0,0.0,1.1,0.0,0.0,0.0,0.0,0.0,0.0,1.1,5.5,0.0,0.0,0.0,13.6,0.0,10.3,0.0
2026-08-23 10:30:00,8.9,0.0,8.1,0.0,0.0,0.0,30.5,15.7,7.7,0.0,5.0,31.8,54.1,88.1,185.0,10.6,11.6,5.1,16.2,5.0,13.6,28.7,34.0,0.0,0.0,0.0,0.0,0.0,0.0,0.0,0.0,0.0,0.0,0.0,5.6,0.0,0.0,2.3,9.6,0.0,1.0,0.0
2026-08-23 10:45:00,9.5,0.0,4.7,0.0,0.0,0.0,42.1,15.0,5.0,1.1,5.0,42.1,37.0,92.6,155.0,14.8,11.7,0.0,14.0,5.0,14.0,28.7,33.2,0.0,0.0,0.0,0.0,0.0,0.0,0.0,0.0,0.0,0.0,0.0,6.2,0.0,0.0,0.0,2.0,0.0,1.0,0.1
2026-08-23 11:00:00,9.2,0.0,2.6,0.0,0.0,0.0,74.8,16.0,6.0,1.0,24.2,17.5,53.4,99.7,227.5,7.0,2.9,0.0,4.0,5.0,12.9,18.1,28.7,0.0,0.0,0.0,0.0,0.0,0.0,0.0,0.0,0.0,0.0,0.0,6.6,0.0,0.0,1.8,6.9,0.0,1.0,0.0
2026-08-23 11:15:00,9.1,0.0,1.4,0.0,0.0,0.0,67.0,16.6,5.0,1.6,5.0,24.6,48.8,97.5,225.0,9.5,5.5,0.0,4.6,5.0,12.8,30.5,28.0,0.0,0.0,0.0,0.0,0.0,0.0,0.0,0.0,0.0,0.0,0.0,5.2,0.0,0.0,1.9,3.0,0.0,1.0,0.0
2026-08-23 11:30:00,9.3,0.0,0.0,0.0,0.0,0.0,65.5,16.0,5.2,1.0,15.0,34.5,37.1,116.5,225.0,14.2,4.0,0.0,2.6,5.0,12.5,30.7,1.9,0.0,0.0,0.0,0.0,0.0,0.0,0.0,0.0,0.0,0.0,0.0,1.0,0.0,0.0,7.2,1.5,0.5,1.0,0.0
2026-08-23 11:45:00,9.2,0.0,0.0,0.4,0.0,0.0,30.1,16.0,5.0,6.2,6.0,34.8,37.0,120.2,227.3,18.2,3.0,0.0,2.9,5.0,15.0,35.4,3.1,0.0,0.0,0.0,0.0,0.0,0.0,0.0,0.0,0.0,0.0,0.0,0.0,0.0,0.0,1.9,2.5,0.0,1.0,0.1
2026-08-23 12:00:00,9.7,0.0,0.0,0.0,0.0,0.0,3.4,34.2,5.0,2.3,13.5,25.9,47.3,91.6,290.0,22.0,3.0,10.0,7.6,5.6,18.2,34.5,43.1,0.0,0.0,0.0,0.0,0.0,0.0,0.0,0.0,0.0,0.0,0.0,5.2,0.0,0.0,0.0,12.5,0.0,0.0,1.0
2026-08-23 12:15:00,10.5,0.0,8.8,0.0,0.0,0.0,37.8,33.3,5.0,10.7,0.0,32.6,37.0,96.1,290.0,19.2,1.6,10.0,4.6,5.6,16.5,22.3,38.7,0.0,0.0,0.0,0.0,0.0,0.0,0.0,0.0,0.0,0.0,0.0,5.2,0.0,0.0,0.0,3.4,0.0,0.0,1.0
2026-08-23 12:30:00,10.2,0.0,9.8,0.0,0.0,0.0,27.5,36.2,5.0,13.9,5.0,30.8,37.0,94.7,292.0,19.3,2.1,10.0,5.3,5.6,16.8,32.6,46.6,0.0,0.0,0.0,0.0,0.0,0.0,0.0,0.0,0.0,0.0,0.0,5.1,0.0,0.0,0.0,2.0,0.0,0.0,1.0
2026-08-23 12:45:00,10.5,0.0,9.3,0.0,0.0,0.0,31.6,36.6,5.0,14.7,5.0,27.7,59.5,93.9,292.0,20.0,1.7,10.0,6.9,5.6,18.6,31.6,60.9,0.0,0.0,0.0,0.0,0.0,0.0,0.0,0.0,0.0,0.0,0.0,5.1,0.0,0.0,0.0,12.9,0.0,0.0,1.1
2026-08-23 13:00:00,9.9,0.0,8.4,0.0,0.0,0.0,19.5,26.6,5.0,7.1,5.0,19.9,64.4,50.7,245.0,19.7,0.0,1.4,5.3,5.6,10.9,26.4,40.7,0.0,0.0,0.0,0.0,0.0,0.0,0.0,0.0,0.0,0.0,0.0,6.8,0.0,0.0,0.0,10.9,0.0,0.0,1.0
2026-08-23 13:15:00,9.8,0.0,7.9,0.0,0.0,0.0,24.5,27.0,5.0,11.2,15.0,25.1,61.1,51.7,247.0,19.2,0.0,9.2,3.4,5.6,11.5,30.1,36.6,0.0,0.0,0.0,0.0,0.0,0.0,0.0,0.0,0.0,0.0,0.0,6.8,0.0,0.0,0.0,10.9,0.0,0.0,1.0
2026-08-23 13:30:00,10.2,0.0,7.7,0.0,0.0,0.0,23.9,30.8,5.0,13.2,3.8,32.4,56.9,51.6,249.8,20.6,0.0,7.2,3.3,17.6,12.4,25.2,50.3,0.0,0.0,0.0,0.0,0.0,0.0,0.0,0.0,0.0,0.0,0.0,5.7,0.0,0.0,0.0,11.1,0.0,0.0,1.0
2026-08-23 13:45:00,10.5,0.0,8.2,0.0,0.0,0.0,27.7,31.3,5.0,17.6,12.7,30.8,77.9,49.0,247.0,15.6,0.0,17.7,2.9,17.6,9.7,25.7,34.2,0.0,0.0,0.0,0.0,0.0,0.0,0.0,0.0,0.0,0.0,0.0,4.8,0.0,0.0,0.0,10.7,0.0,0.0,1.0
2026-08-23 14:00:00,8.7,0.0,8.1,0.0,0.0,0.0,15.3,28.1,5.0,14.0,12.1,29.0,79.0,48.5,21.7,13.1,0.0,19.8,2.5,17.3,9.3,30.0,44.6,0.0,0.0,0.0,0.0,0.0,0.0,0.0,0.0,0.0,0.0,0.0,4.1,0.0,0.0,0.0,12.0,0.0,0.0,0.0
2026-08-23 14:15:00,9.8,0.0,8.4,0.0,0.0,0.0,18.1,31.2,5.0,15.5,9.1,28.4,99.5,46.0,11.5,14.3,0.0,22.1,0.0,5.5,6.0,26.1,28.4,0.0,0.0,0.0,0.0,0.0,0.0,0.0,0.0,0.0,0.0,0.0,4.2,0.0,0.0,0.0,0.8,0.0,0.0,0.0
2026-08-23 14:30:00,10.1,0.0,7.1,0.0,0.0,0.0,7.9,39.5,11.5,13.2,7.9,25.6,105.8,44.0,26.7,15.1,0.0,22.9,0.3,5.3,5.6,26.7,32.4,0.0,0.0,0.0,0.0,0.0,0.0,0.0,0.0,0.0,0.0,0.0,4.2,0.0,0.0,0.0,5.3,0.0,0.0,0.0
2026-08-23 14:45:00,9.1,0.0,8.3,0.0,0.0,0.0,12.8,39.8,5.0,15.6,0.0,28.4,60.9,46.8,26.5,16.1,0.0,18.2,1.5,5.3,5.8,26.5,41.2,0.0,0.0,0.0,0.0,0.0,0.0,0.0,0.0,0.0,0.0,0.0,4.3,0.0,0.0,0.0,9.8,0.0,0.0,0.0
2026-08-23 15:00:00,4.2,0.0,7.4,0.0,0.0,0.0,10.9,7.9,5.0,14.3,0.0,20.2,46.2,49.2,5.0,21.4,14.9,10.0,1.1,5.3,7.8,25.4,39.2,0.0,0.0,0.0,0.0,0.0,0.0,0.0,0.0,0.0,0.0,0.0,4.3,0.0,0.0,0.0,11.7,0.0,6.7,1.0
2026-08-23 15:15:00,6.3,0.0,7.2,0.0,0.0,0.0,13.4,16.5,5.0,13.7,20.1,22.2,47.3,49.9,5.0,20.4,1.0,10.0,3.0,5.3,6.9,27.5,39.0,0.0,0.0,0.0,0.0,0.0,0.0,0.0,0.0,0.0,0.0,0.0,4.5,0.0,0.0,0.0,11.3,0.0,0.0,1.0
2026-08-23 15:30:00,7.3,0.0,3.6,0.0,0.0,0.0,9.7,22.1,5.0,7.4,2.7,10.1,72.7,44.0,11.7,23.6,0.0,34.8,2.8,5.3,4.4,28.5,34.8,0.0,0.0,0.0,0.7,0.0,0.0,0.0,0.0,0.0,0.0,0.7,4.8,0.0,0.1,0.0,11.4,0.0,0.0,1.0
2026-08-23 15:45:00,7.8,0.0,3.6,0.0,0.0,0.0,10.0,15.8,5.0,7.2,5.3,13.9,93.1,43.6,31.9,11.7,0.0,34.4,0.0,5.4,3.9,16.9,23.8,0.0,0.0,0.0,0.0,0.0,0.0,0.0,0.0,0.0,0.0,0.0,5.1,0.0,0.1,0.0,10.6,0.0,0.0,1.0
2026-08-23 16:00:00,1.5,0.0,0.3,0.0,0.0,0.0,0.1,16.5,5.0,8.7,10.1,20.4,74.2,46.5,12.8,17.9,0.0,15.6,13.2,5.6,3.8,28.9,36.3,0.0,0.0,0.0,0.0,0.0,0.0,0.0,0.0,0.0,0.0,0.0,4.7,0.0,0.8,0.0,10.3,0.0,10.1,0.0
2026-08-23 16:15:00,3.2,0.0,1.0,0.0,0.0,0.0,0.2,13.6,5.0,7.9,19.9,16.9,82.8,46.3,16.8,16.6,0.0,26.6,1.7,5.6,2.9,28.7,37.5,0.0,0.0,0.0,0.0,0.0,0.0,0.0,0.0,0.0,0.0,0.0,4.8,0.0,1.3,0.0,10.3,0.0,10.3,0.0
2026-08-23 16:30:00,5.1,0.0,1.5,0.0,0.0,0.0,0.1,16.6,5.0,6.7,8.5,12.7,96.9,40.9,92.7,14.7,0.0,23.3,16.3,5.6,10.5,28.3,63.7,0.0,0.0,0.0,0.0,0.0,0.0,0.0,0.0,0.0,0.0,0.0,5.0,0.0,1.7,0.0,9.2,0.0,9.7,0.0
2026-08-23 16:45:00,7.5,0.0,1.9,0.1,0.0,0.0,0.1,48.0,5.0,7.0,10.0,19.0,93.2,40.1,90.7,10.8,0.0,24.7,17.5,5.6,14.4,28.1,64.0,0.0,0.0,0.0,0.0,0.0,0.0,0.0,0.0,0.0,0.0,0.0,4.9,0.0,1.9,0.0,11.8,0.0,15.9,0.0
2026-08-23 17:00:00,1.5,0.0,6.1,0.1,0.0,0.0,0.1,42.7,5.0,6.7,7.2,10.1,49.0,44.0,16.6,15.9,15.0,0.1,37.5,20.0,10.4,15.1,30.5,0.0,0.0,0.0,0.0,0.0,0.0,0.0,0.0,0.0,0.0,0.0,4.7,0.0,1.7,0.0,9.0,0.0,4.2,1.0
2026-08-23 17:15:00,3.3,0.0,6.0,0.1,0.0,0.0,0.2,56.6,14.0,4.6,13.0,14.7,93.8,40.6,25.6,11.7,9.0,0.0,37.9,15.0,24.6,0.0,21.4,0.0,0.0,0.0,0.0,0.0,0.0,0.0,21.0,0.0,0.0,0.0,5.5,0.0,1.7,0.0,0.8,0.0,4.2,1.0
2026-08-23 17:30:00,1.9,0.0,6.1,0.1,0.0,0.0,0.2,71.9,5.0,7.8,1.9,22.2,66.6,40.1,10.0,6.7,11.4,0.0,30.1,12.0,27.9,0.0,0.8,0.0,0.0,0.0,0.0,1.7,0.0,0.0,0.0,0.0,1.7,0.0,0.0,0.0,2.7,9.2,0.0,2.5,0.0,1.2
2026-08-23 17:45:00,2.3,0.0,3.2,0.1,0.0,0.0,8.8,43.1,5.0,5.9,0.0,20.2,96.4,40.0,15.6,15.8,0.0,5.7,29.1,25.0,27.7,0.0,0.7,3.0,0.0,0.0,2.0,0.0,0.0,0.0,0.0,0.0,6.0,0.0,0.0,0.0,2.2,5.0,0.8,0.0,0.0,1.1
2026-08-23 18:00:00,0.5,2.9,7.5,0.1,0.0,0.0,6.3,33.3,0.0,8.3,3.3,10.2,22.0,18.8,9.0,19.0,13.3,0.0,25.6,24.1,1.2,4.3,2.2,0.6,0.0,0.0,1.7,0.0,0.0,0.0,0.0,0.0,0.0,0.0,0.0,0.0,0.0,24.0,0.8,1.0,0.0,8.3
2026-08-23 18:15:00,0.5,0.0,6.0,0.2,0.0,0.0,9.1,29.9,0.0,6.9,0.0,53.2,47.2,3.2,5.0,17.4,11.6,0.0,10.6,10.2,22.7,0.0,2.5,0.0,0.0,0.0,1.7,0.0,0.0,0.0,0.0,0.0,0.0,0.0,0.0,0.0,0.0,28.0,0.8,3.8,0.0,1.0
2026-08-23 18:30:00,0.4,0.0,5.3,0.2,0.0,0.0,12.5,28.7,0.0,14.4,0.1,96.8,9.0,32.1,0.0,75.7,11.7,0.0,10.6,30.9,11.2,9.4,9.2,0.0,0.0,0.0,5.0,0.0,0.0,0.0,0.1,0.0,0.0,3.3,2.0,0.0,0.0,36.7,1.2,4.2,0.0,1.0
2026-08-23 18:45:00,2.4,0.0,0.8,0.2,0.0,0.0,11.7,13.5,0.0,17.7,0.0,57.6,7.0,47.3,0.0,44.0,10.0,12.9,0.6,55.9,11.2,15.0,7.4,0.0,0.0,0.0,1.7,0.0,0.0,0.0,0.0,0.0,0.0,0.0,7.2,0.0,0.0,42.0,1.2,4.2,0.0,11.6
2026-08-23 19:00:00,0.4,0.0,1.2,0.2,0.0,0.0,5.3,9.0,0.0,7.8,5.0,63.1,42.0,20.9,5.0,86.5,11.2,0.0,0.6,62.4,2.5,12.1,12.1,0.0,0.0,0.0,1.7,0.0,0.0,0.0,0.0,0.0,0.0,0.0,0.0,0.0,0.0,37.5,1.2,1.2,0.0,1.0
2026-08-23 19:15:00,0.4,0.0,1.2,0.2,0.0,0.0,26.9,8.9,0.0,6.7,0.0,69.8,46.5,17.7,5.0,69.5,14.2,0.0,0.6,32.8,2.5,12.5,18.6,0.0,0.0,0.0,0.0,8.8,0.0,0.0,0.0,0.0,0.0,0.0,7.4,0.0,0.0,51.4,1.6,1.6,0.0,1.0
2026-08-23 19:30:00,0.4,0.0,1.1,0.1,0.0,0.0,23.6,9.0,0.0,12.4,10.0,73.9,42.0,40.9,0.0,82.8,13.0,0.0,0.6,48.2,2.5,13.1,10.9,0.8,0.0,0.0,5.5,0.0,0.0,0.0,0.0,0.0,0.0,0.0,0.0,0.0,0.0,34.5,1.6,4.6,0.0,1.0
2026-08-23 19:45:00,0.4,0.0,1.1,0.1,0.0,0.0,19.0,8.9,0.0,6.8,0.0,82.7,52.8,11.0,0.0,17.1,10.0,4.1,39.1,5.0,5.1,10.0,11.2,1.8,0.0,0.0,0.0,0.0,0.0,0.0,0.0,0.0,0.0,0.0,0.0,0.0,0.0,34.5,1.6,4.6,0.0,1.0
2026-08-23 20:00:00,0.4,0.0,1.0,0.1,0.0,0.0,8.4,1.0,0.0,13.9,0.0,46.3,42.0,31.0,7.0,40.7,11.7,0.0,0.6,45.7,1.9,12.7,8.2,2.8,0.0,0.0,0.0,10.3,0.0,0.0,0.0,0.0,0.0,0.0,0.0,0.0,0.0,30.8,1.2,4.2,0.1,1.0
2026-08-23 20:15:00,0.4,0.0,1.0,0.1,0.0,0.0,48.4,1.0,0.0,8.3,10.0,29.9,42.0,27.8,7.0,12.4,11.5,8.7,0.6,17.5,1.9,13.2,5.9,2.2,0.0,0.0,0.0,5.4,0.0,0.0,0.0,0.0,0.0,0.0,0.0,0.0,0.0,29.1,1.2,4.2,0.1,1.0
2026-08-23 20:30:00,0.4,0.0,1.1,0.1,0.0,0.0,19.2,1.0,0.0,9.6,3.1,20.1,42.0,14.9,9.0,10.8,11.3,0.0,0.6,13.3,2.8,0.0,3.4,1.5,0.0,0.0,0.0,0.0,0.0,0.0,0.0,0.0,0.0,0.0,0.0,0.0,0.0,27.3,1.2,4.2,0.0,1.0
2026-08-23 20:45:00,0.4,0.4,1.0,0.1,0.0,0.0,34.9,1.0,0.0,10.4,0.0,27.3,57.9,15.3,11.0,12.0,11.1,8.6,25.6,27.1,6.8,0.0,0.9,0.7,0.0,0.0,0.0,0.0,0.0,0.0,0.0,0.0,0.0,0.0,0.0,0.0,0.0,24.2,1.2,4.2,0.1,1.0
2026-08-23 21:00:00,0.4,0.7,1.0,0.2,0.0,0.0,42.7,1.0,5.0,6.2,21.5,30.0,3.0,34.7,7.0,22.4,10.9,17.5,0.6,29.8,1.2,17.5,3.3,0.0,0.0,0.0,0.0,0.0,0.0,0.0,0.0,0.0,0.0,0.0,0.0,0.0,0.0,0.0,1.2,4.2,0.2,1.0
2026-08-23 21:15:00,0.4,0.0,1.2,0.2,0.0,0.0,28.6,1.0,15.8,6.1,25.0,30.0,13.3,28.3,7.0,16.8,10.0,11.3,0.6,28.7,1.2,12.6,1.0,1.4,0.0,0.0,0.0,0.0,0.0,0.0,0.0,0.0,0.0,0.0,0.0,0.0,0.0,18.0,1.2,4.2,0.0,1.0
2026-08-23 21:30:00,0.3,0.2,1.0,0.2,0.0,0.0,17.3,1.0,5.0,9.6,11.3,30.0,10.2,44.7,7.0,25.1,10.0,11.4,0.6,29.0,1.2,15.5,3.4,3.5,0.0,0.0,0.0,0.0,0.0,0.0,0.0,0.0,0.0,0.0,0.0,0.0,0.0,14.0,0.8,6.8,0.2,1.0
2026-08-23 21:45:00,0.3,1.6,1.3,0.3,0.0,0.0,13.7,1.0,5.0,0.7,7.4,15.0,10.6,33.3,7.0,17.8,36.6,0.0,0.6,35.8,1.2,15.5,8.9,6.6,0.0,0.0,0.0,0.0,0.0,0.0,0.1,0.0,0.0,0.0,0.0,0.0,0.0,19.3,0.4,3.4,0.0,1.0
2026-08-23 22:00:00,0.3,0.0,1.1,0.3,0.0,0.0,38.1,1.0,5.0,7.5,8.2,30.0,52.6,22.5,12.0,16.9,10.1,9.8,0.6,16.7,1.2,9.7,5.6,5.9,0.0,0.0,0.0,0.0,0.0,0.0,0.0,0.0,0.0,0.0,0.0,0.0,0.0,16.6,0.4,3.4,0.2,1.0
2026-08-23 22:15:00,0.3,0.3,1.1,0.3,0.0,0.0,42.9,1.0,5.0,5.8,11.6,20.0,51.4,23.9,12.0,12.1,45.6,0.0,0.6,25.1,1.2,11.6,6.7,6.7,0.0,0.0,0.0,0.0,0.0,0.0,0.0,0.0,0.0,0.0,0.0,0.0,0.0,15.7,0.8,3.8,0.2,1.0
2026-08-23 22:30:00,0.3,0.0,1.2,0.2,0.0,0.0,55.5,1.0,24.1,0.0,0.0,31.5,138.0,12.1,50.6,8.0,10.1,0.2,31.6,22.0,17.5,12.0,7.2,7.5,0.0,0.0,2.5,0.0,0.0,0.0,0.0,8.0,0.0,0.0,0.0,0.0,0.0,13.9,0.4,3.2,0.0,1.0
2026-08-23 22:45:00,0.4,1.7,5.5,0.2,0.0,0.0,49.6,1.0,28.6,0.0,0.0,17.9,130.3,12.0,57.2,8.0,10.0,0.3,31.6,27.0,15.3,7.5,8.1,6.8,0.0,0.0,2.5,0.0,0.0,0.0,0.0,13.0,0.0,0.0,0.0,0.0,0.0,12.0,0.0,7.5,0.2,1.0
2026-08-23 23:00:00,0.3,0.1,0.0,1.0,0.0,0.0,13.3,2.0,31.2,0.2,7.7,20.1,84.6,22.0,41.3,2.0,33.8,0.0,13.7,12.0,1.3,12.0,5.9,6.9,0.0,0.0,2.5,0.0,0.0,0.0,0.0,0.0,0.0,0.0,0.0,0.0,0.0,10.9,0.1,1.0,1.0,0.0
2026-08-23 23:15:00,0.3,0.0,0.0,1.0,0.0,0.0,12.5,2.0,10.5,0.0,2.4,15.1,82.4,22.0,45.9,2.0,13.0,0.0,11.9,22.0,1.2,7.9,8.7,7.6,0.0,0.0,2.5,0.0,0.0,0.0,0.0,16.6,0.0,0.0,0.0,0.0,0.0,9.8,0.4,1.0,1.0,0.0
2026-08-23 23:30:00,0.2,0.0,0.0,1.0,0.0,0.0,1.9,13.4,20.1,2.2,0.0,15.7,83.7,22.1,7.3,8.0,23.3,0.0,1.0,22.0,1.2,9.4,4.2,5.3,0.0,0.0,2.5,0.0,0.0,0.0,0.0,7.0,0.0,0.0,0.0,0.0,0.0,10.8,0.4,8.0,1.0,0.0
2026-08-23 23:45:00,0.4,0.0,0.0,0.4,0.0,0.0,11.3,2.2,5.0,2.5,0.0,17.1,66.9,19.0,16.8,9.5,27.4,0.0,1.3,22.0,16.0,7.5,8.5,9.6,0.0,0.0,0.0,0.0,0.0,0.0,0.0,4.0,0.0,0.0,0.0,0.0,0.0,1.2,0.0,8.0,1.0,1.0
2026-08-24 00:00:00,0.0,1.9,0.0,8.6,0.0,0.0,0.0,29.4,0.0,15.6,10.0,39.1,79.4,31.0,2.0,18.9,20.0,2.3,40.6,19.3,6.2,25.5,0.0,14.8,0.0,0.0,0.0,0.0,0.0,0.0,5.0,0.0,0.0,0.0,0.0,0.0,0.0,7.1,0.0,4.2,0.0,0.3
2026-08-24 00:15:00,0.0,2.4,0.0,7.5,0.0,0.0,21.8,15.0,12.6,8.3,20.0,38.9,110.2,31.0,8.2,21.0,20.0,0.0,15.9,18.0,6.2,23.2,0.0,16.5,0.0,0.0,9.5,4.0,0.0,0.0,0.0,20.2,0.0,0.0,0.0,0.0,0.0,4.8,0.0,4.2,0.0,0.3
2026-08-24 00:30:00,0.2,0.2,0.0,8.7,0.0,0.0,0.0,17.2,12.2,19.9,20.0,46.7,105.2,41.1,5.1,23.0,20.0,0.0,16.5,12.0,6.2,21.7,0.0,16.7,0.0,0.0,9.7,4.0,0.0,0.0,0.0,0.0,0.0,0.0,0.0,0.0,0.0,7.6,0.0,16.0,0.0,0.4
2026-08-24 00:45:00,0.2,0.2,0.1,3.1,0.0,0.0,1.5,25.0,0.0,21.8,5.0,57.3,88.3,38.0,4.0,23.0,20.0,0.0,15.6,37.2,6.2,17.4,0.0,16.3,0.0,0.0,9.1,0.0,0.0,0.0,0.0,0.0,0.0,0.0,0.0,0.2,0.0,7.6,0.0,16.4,0.0,0.3
2026-08-24 01:00:00,0.2,0.2,0.1,1.2,0.0,0.0,0.7,11.0,0.0,17.4,20.0,30.4,81.7,31.0,2.0,21.3,27.0,0.0,21.0,13.3,6.2,18.4,0.0,16.2,0.0,0.0,0.0,0.0,0.0,0.0,3.5,0.0,0.0,0.0,0.0,0.0,0.0,8.1,0.0,6.2,0.0,1.4
2026-08-24 01:15:00,0.1,0.1,0.1,1.0,0.0,0.0,0.8,8.8,0.0,18.5,20.0,43.4,58.0,41.2,5.9,21.6,20.0,0.0,19.0,14.5,6.2,24.5,0.0,15.9,0.0,0.0,0.0,2.0,0.0,0.0,0.0,10.0,0.0,0.0,0.0,0.0,0.0,7.6,0.0,6.3,0.0,1.4
2026-08-24 01:30:00,0.1,0.1,0.2,9.0,0.0,0.0,0.8,8.9,0.0,19.2,20.0,48.1,57.9,31.0,2.9,17.0,22.6,0.0,25.0,12.4,6.2,16.6,0.0,15.5,0.0,0.0,0.0,8.0,0.0,0.0,4.0,0.0,0.0,0.0,0.0,0.0,0.0,7.1,0.0,6.2,0.0,1.4
2026-08-24 01:45:00,0.1,0.1,0.2,10.0,0.0,0.0,1.5,13.0,0.0,22.8,3.8,72.6,54.2,30.0,3.6,19.0,20.8,0.0,25.0,13.0,6.2,17.3,0.0,15.8,0.0,0.0,0.0,4.0,0.0,0.0,0.0,0.0,0.0,0.0,0.0,0.0,0.0,6.9,0.0,5.2,0.0,1.3
2026-08-24 02:00:00,0.0,0.0,0.2,10.0,0.0,0.0,12.8,1.0,0.0,22.4,20.0,47.1,33.8,31.0,3.9,6.0,15.0,0.0,19.0,12.9,6.2,12.1,0.0,15.5,0.0,0.0,0.0,8.0,0.0,0.0,0.0,4.0,0.0,0.0,0.0,0.0,0.0,6.7,0.0,5.1,0.0,1.2
2026-08-24 02:15:00,0.0,0.0,0.2,10.0,0.0,0.0,6.0,1.0,11.0,21.2,10.0,42.2,69.0,31.0,7.2,7.0,15.0,0.0,21.3,12.0,9.1,12.0,0.0,15.3,0.0,0.0,20.5,0.0,0.0,0.0,0.0,0.0,0.0,0.0,0.0,0.0,0.0,6.4,0.0,5.2,0.0,1.3
2026-08-24 02:30:00,0.0,0.0,0.2,10.0,0.0,0.0,10.8,2.5,10.8,23.1,5.0,55.1,64.9,31.0,20.5,9.0,15.0,0.0,27.3,12.0,8.7,16.5,0.0,15.6,0.0,0.0,18.7,0.0,0.0,0.0,0.0,0.0,0.0,0.0,0.0,0.0,0.0,6.0,0.0,4.0,0.0,1.2
2026-08-24 02:45:00,0.1,0.1,0.3,10.0,0.0,0.0,0.7,12.5,1.7,23.8,0.1,47.2,61.5,31.0,3.0,9.0,15.0,1.7,28.4,12.0,10.0,16.5,0.0,18.5,0.0,0.0,17.4,0.0,0.0,0.0,0.0,14.0,0.0,0.0,3.3,0.0,0.0,8.1,0.0,3.0,0.0,1.1
2026-08-24 03:00:00,0.0,0.0,0.3,10.0,0.0,0.0,5.0,1.0,0.0,18.5,0.0,82.7,53.9,31.0,2.0,20.4,20.0,1.6,25.6,12.0,8.1,12.0,0.0,15.0,0.0,0.0,0.0,0.0,0.0,0.0,0.0,0.0,0.0,0.0,0.0,4.9,0.0,8.0,0.0,3.4,0.0,1.1
2026-08-24 03:15:00,0.0,0.0,0.4,10.0,0.0,0.0,5.0,1.0,0.0,15.3,0.0,80.6,53.0,31.0,2.0,22.8,20.0,1.5,25.0,12.1,7.5,12.0,0.0,14.8,0.0,0.0,15.1,0.0,0.0,0.0,0.0,0.0,1.0,0.0,0.0,0.0,0.0,7.9,0.0,3.4,0.0,1.0
2026-08-24 03:30:00,0.0,0.0,0.4,10.0,0.0,0.0,11.4,7.0,0.0,13.6,0.0,92.5,44.5,31.0,2.0,32.9,20.0,1.5,25.0,0.8,6.9,12.0,0.0,16.3,0.0,0.0,0.0,4.8,0.0,0.0,0.0,0.0,0.0,0.0,1.5,0.0,0.0,6.3,0.0,13.5,0.0,1.0
2026-08-24 03:45:00,0.1,0.1,0.5,10.0,0.0,0.0,9.9,6.0,0.0,10.8,0.0,78.5,43.4,41.9,2.0,25.5,20.0,1.4,25.0,2.0,6.2,7.8,0.0,16.6,0.0,0.0,0.0,0.0,0.0,0.0,0.0,0.0,0.0,0.0,2.1,0.0,0.0,6.4,0.0,16.0,0.0,1.0
2026-08-24 04:00:00,0.1,0.1,0.5,0.8,0.0,0.0,11.5,1.0,0.0,29.1,5.0,37.6,44.6,30.0,0.0,20.1,20.0,0.0,25.0,1.1,7.8,12.0,0.0,14.4,0.0,0.0,1.5,0.0,0.0,0.0,0.0,18.7,0.0,0.0,0.0,0.0,0.0,6.3,0.0,3.4,0.0,1.0
2026-08-24 04:15:00,1.2,0.0,0.4,0.5,0.0,0.0,12.3,6.0,0.0,29.2,14.0,46.8,57.4,29.2,0.0,24.4,20.0,1.0,25.8,0.0,8.9,18.0,0.0,13.5,0.0,0.0,7.0,0.0,0.0,0.0,0.0,19.0,0.0,0.0,0.0,0.9,0.0,6.0,0.0,4.4,0.0,1.1
2026-08-24 04:30:00,0.2,0.0,0.2,0.0,0.0,0.0,15.5,1.0,8.9,28.7,5.9,57.0,59.3,31.0,0.0,24.1,21.2,0.0,26.3,0.0,8.5,7.5,0.0,9.2,0.0,0.0,4.0,0.0,0.0,0.0,0.0,20.0,0.0,0.0,0.0,3.5,1.0,5.9,0.0,5.4,0.0,1.0
2026-08-24 04:45:00,0.3,0.0,0.1,0.0,0.0,0.0,14.6,1.0,0.0,32.5,15.0,48.5,42.1,31.1,0.0,62.7,23.2,0.0,25.0,2.3,6.2,4.9,0.0,9.2,0.0,0.0,5.0,11.5,0.0,0.0,0.0,7.0,0.0,0.0,0.0,3.4,1.0,5.5,0.0,7.0,0.0,1.2
2026-08-24 05:00:00,5.1,0.0,6.6,5.6,0.0,0.0,12.6,11.0,0.0,41.1,20.2,15.1,42.0,99.4,2.0,85.8,21.5,0.0,25.6,28.5,16.2,8.2,0.0,17.8,0.0,0.0,0.0,14.5,0.0,0.0,0.0,22.0,0.0,0.0,0.0,0.0,2.0,5.0,0.0,8.4,0.0,1.0
2026-08-24 05:15:00,5.1,0.0,0.0,7.4,0.0,0.0,15.8,11.0,25.7,20.4,24.9,20.1,42.0,96.9,2.0,60.8,24.6,13.5,25.6,5.6,20.7,2.4,0.0,15.5,0.0,0.0,0.0,0.0,0.0,0.0,0.0,0.0,0.0,0.0,0.0,0.0,2.0,4.9,0.0,9.4,0.0,1.1
2026-08-24 05:30:00,7.2,0.0,0.0,10.0,0.0,0.0,33.7,1.0,25.7,20.4,0.0,24.5,42.2,84.6,2.0,74.4,20.7,0.0,25.6,5.5,16.2,3.0,0.0,17.9,0.0,0.0,0.0,0.0,0.0,0.0,1.3,0.0,0.0,0.0,0.0,0.0,1.0,1.3,0.0,19.5,0.0,13.3
2026-08-24 05:45:00,0.6,0.6,0.0,9.0,0.0,0.0,37.3,1.0,42.8,20.4,0.0,42.4,42.1,231.4,2.0,140.6,20.0,1.3,50.6,21.1,21.8,13.8,0.0,18.8,0.0,0.0,0.0,0.0,0.0,0.0,0.0,0.0,0.0,0.0,8.0,0.0,1.0,6.0,0.0,20.0,0.0,1.0
2026-08-24 06:00:00,0.7,7.6,0.0,8.2,0.0,0.0,72.8,14.3,0.0,12.1,10.0,41.8,42.9,27.0,9.0,7.8,15.7,0.0,40.6,17.5,20.2,2.7,0.0,10.5,0.0,0.0,0.0,0.0,0.0,0.0,0.0,0.0,0.0,0.0,0.0,0.0,1.0,5.7,0.0,10.4,1.0,0.1
2026-08-24 06:15:00,0.7,10.0,0.0,8.9,0.0,0.0,42.0,5.0,39.4,11.3,1.9,52.9,58.1,27.0,9.0,2.8,12.7,0.1,31.1,12.0,18.6,0.0,0.0,10.4,0.0,0.0,0.0,0.0,0.0,0.0,0.0,0.0,0.0,0.0,0.0,0.0,1.0,5.0,0.0,10.4,1.0,0.0
2026-08-24 06:30:00,0.7,0.7,0.0,17.0,0.0,0.0,31.5,10.0,21.3,12.3,0.0,59.3,70.5,40.1,7.0,6.2,10.0,0.4,31.3,12.0,18.5,1.1,0.5,10.7,0.0,0.0,0.0,0.0,0.0,0.0,0.0,0.0,0.0,0.0,0.0,0.0,2.0,4.8,0.0,10.4,2.0,0.0
2026-08-24 06:45:00,0.8,0.8,0.5,16.5,0.0,0.0,16.0,10.0,17.0,15.9,0.0,45.4,42.0,33.9,7.0,25.3,10.0,0.3,30.6,15.2,22.7,2.2,0.0,17.0,0.0,0.0,0.0,0.0,0.0,0.0,0.0,0.0,0.0,0.0,5.0,0.0,2.0,5.8,0.0,10.4,1.0,0.0
2026-08-24 07:00:00,0.8,0.8,0.0,8.6,0.0,0.0,10.3,5.2,0.0,3.7,11.0,30.0,176.3,30.0,21.1,19.7,10.0,0.4,30.6,14.1,19.0,1.1,3.5,6.9,0.0,0.0,0.0,0.0,0.0,0.0,0.0,0.0,0.0,0.0,0.0,0.0,2.0,30.0,0.0,12.0,1.0,7.4
2026-08-24 07:15:00,0.9,0.9,0.0,5.4,0.0,0.0,8.7,5.2,0.0,3.0,0.0,33.3,146.8,30.0,17.0,10.6,10.0,0.5,30.6,12.6,19.8,1.1,2.8,5.4,0.0,0.0,0.0,0.0,0.0,0.0,0.0,0.0,0.0,0.0,0.0,0.0,1.0,29.7,0.0,10.4,1.0,9.9
2026-08-24 07:30:00,2.7,0.0,0.0,10.0,0.0,0.0,9.0,5.2,8.9,0.0,0.0,30.7,138.2,27.0,17.0,22.1,12.5,0.0,30.6,13.4,29.0,1.1,0.1,6.2,0.0,0.0,0.0,0.0,0.0,0.0,0.0,0.0,0.0,0.0,0.0,0.0,0.0,30.8,0.0,9.4,1.0,6.0
2026-08-24 07:45:00,1.1,0.0,0.0,5.6,0.0,0.0,3.1,5.5,3.5,8.3,0.0,24.6,144.6,27.0,17.0,8.6,11.5,0.0,17.9,12.0,32.5,5.2,0.0,19.3,0.0,0.0,0.0,0.0,0.0,0.0,0.0,0.0,25.4,0.0,4.4,0.0,0.0,19.3,0.0,9.4,1.0,0.0
2026-08-24 08:00:00,1.2,1.2,0.0,8.7,0.0,0.0,15.2,6.8,24.8,0.7,4.3,39.3,253.7,43.8,18.4,19.3,11.7,0.0,41.7,12.0,32.6,5.3,0.0,14.6,0.0,0.0,36.0,0.0,0.0,0.0,0.0,0.0,0.0,0.0,0.0,0.0,0.0,22.0,0.0,8.0,1.0,0.1
2026-08-24 08:15:00,1.3,0.0,0.0,9.1,0.0,0.0,14.2,18.1,51.3,0.0,1.4,15.0,272.8,30.7,115.5,7.2,10.1,2.4,55.7,12.0,51.8,1.3,0.0,15.5,0.0,0.0,2.8,20.0,0.0,0.0,0.0,0.0,0.0,0.0,0.0,0.0,0.0,19.4,0.0,7.0,1.0,0.0
2026-08-24 08:30:00,1.4,0.0,0.0,1.0,0.0,0.0,3.8,12.4,61.3,0.0,30.3,10.0,272.4,27.6,83.9,14.2,10.0,0.0,55.2,0.0,47.9,1.4,0.0,13.3,0.0,0.0,14.8,0.0,9.0,0.0,0.0,0.0,2.0,0.0,0.0,0.0,0.1,0.1,0.0,1.0,1.0,0.0
2026-08-24 08:45:00,1.5,3.3,0.0,1.0,0.0,0.0,2.0,29.8,66.0,0.0,25.1,10.0,244.7,27.0,33.1,13.0,10.0,0.0,37.4,12.0,45.2,1.4,0.0,12.4,0.0,0.0,12.8,0.0,11.0,0.0,0.0,0.0,2.0,0.0,0.0,0.0,0.4,0.0,0.1,1.0,1.0,0.0
2026-08-24 09:00:00,1.5,0.7,2.9,3.9,0.0,0.0,27.5,11.6,47.3,14.4,10.0,31.1,89.5,17.0,0.0,25.2,25.1,0.0,67.2,4.8,41.4,1.5,0.0,11.6,0.0,0.0,14.8,0.0,0.0,0.0,0.0,0.0,11.0,0.0,0.0,0.0,0.0,0.0,0.2,1.0,1.0,0.0
2026-08-24 09:15:00,1.6,2.1,6.5,7.5,0.0,0.0,13.4,20.0,59.6,16.3,0.0,23.8,51.0,19.4,0.0,24.6,61.1,0.0,30.0,14.2,27.7,2.1,0.0,10.5,0.0,0.0,9.9,0.0,5.9,0.0,0.0,0.0,10.0,0.0,0.0,0.0,0.6,0.6,0.2,1.0,1.0,0.0
2026-08-24 09:30:00,1.7,3.3,6.8,7.8,0.0,0.0,3.9,47.6,76.8,14.6,19.3,20.1,53.9,1.0,0.0,26.4,22.2,0.0,25.0,12.2,28.0,1.9,0.0,14.8,0.0,0.0,15.8,0.0,0.0,0.0,0.0,0.0,10.0,0.0,0.0,0.0,3.2,0.0,0.3,1.0,1.0,0.0
2026-08-24 09:45:00,1.8,7.9,4.3,7.5,0.0,0.0,3.8,33.7,100.0,13.6,38.0,10.0,51.6,15.9,0.0,19.9,11.0,10.3,15.0,38.2,17.7,2.5,0.0,7.4,0.0,0.0,15.9,0.1,0.0,0.0,0.0,0.0,10.0,0.0,0.0,0.0,0.0,0.0,0.2,1.0,1.0,0.0
2026-08-24 10:00:00,1.9,1.6,0.4,1.4,0.0,0.0,5.8,27.1,99.9,19.7,26.4,20.1,71.5,17.0,0.0,39.5,23.2,0.0,29.3,5.8,19.2,3.2,0.0,19.7,0.0,0.0,0.0,7.8,2.3,2.3,0.0,0.0,59.8,0.0,0.0,0.0,2.7,0.0,0.0,3.0,1.0,0.0
2026-08-24 10:15:00,1.8,2.2,0.0,0.8,0.0,0.0,5.3,20.2,105.0,36.9,38.6,10.1,58.3,14.0,0.0,40.2,11.0,0.0,16.0,12.0,16.7,20.5,0.0,12.0,0.0,1.0,0.0,2.0,1.0,0.0,0.0,0.0,38.0,0.0,0.0,0.0,1.6,0.0,0.0,0.0,1.0,0.2
2026-08-24 10:30:00,10.0,0.0,0.1,0.0,0.0,0.0,5.6,23.7,110.0,42.0,38.5,20.1,70.2,10.3,0.0,76.2,11.0,0.0,10.0,0.4,29.6,13.0,11.7,0.0,0.0,6.0,0.0,0.0,0.0,0.0,0.0,45.7,42.0,0.0,6.1,0.0,0.0,2.1,0.0,2.0,1.0,1.1
2026-08-24 10:45:00,1.6,5.6,0.1,8.2,0.0,0.0,24.1,14.8,115.0,42.0,36.0,30.1,78.0,94.7,0.0,86.0,11.0,0.0,0.7,15.5,21.6,23.9,9.4,0.0,0.0,6.0,0.0,0.0,0.0,0.0,0.0,22.8,6.0,0.0,6.1,0.0,0.0,0.0,1.3,0.0,1.0,0.0
2026-08-24 11:00:00,8.3,0.0,0.2,8.1,0.0,0.0,116.0,11.9,119.9,71.7,45.9,10.1,57.0,71.4,0.0,104.8,11.0,3.8,0.0,26.8,15.1,28.4,16.1,0.0,0.0,1.0,0.0,0.0,0.0,0.0,0.0,46.6,1.0,0.0,4.3,0.0,0.0,4.9,1.0,11.5,1.0,10.7
2026-08-24 11:15:00,1.5,0.0,0.2,5.8,0.0,0.0,121.9,14.8,120.0,83.6,31.1,10.1,67.2,84.8,0.0,102.4,11.0,0.0,0.0,25.3,16.2,28.9,8.4,0.0,0.0,1.0,0.0,0.0,0.0,0.0,0.0,29.1,1.0,0.0,4.0,0.0,0.0,4.9,1.0,1.0,1.0,0.0
2026-08-24 11:30:00,1.4,6.7,0.2,1.4,0.0,0.0,88.6,14.9,120.0,69.7,32.0,30.1,70.8,84.6,0.0,76.3,11.0,0.0,0.0,22.3,20.9,16.5,0.0,6.5,0.0,1.0,0.0,0.0,2.0,2.0,0.0,0.0,1.0,0.0,0.0,0.0,0.0,4.9,1.0,0.4,1.0,0.0
2026-08-24 11:45:00,1.4,0.7,0.2,0.0,0.0,0.0,50.1,14.9,120.0,70.9,26.4,30.1,68.2,131.3,6.0,44.4,13.0,0.0,0.0,23.8,15.1,39.1,0.0,14.9,0.0,1.0,11.5,11.5,1.0,0.0,0.0,0.0,0.0,0.0,0.0,0.0,0.0,4.5,1.0,0.4,1.0,0.0
2026-08-24 12:00:00,1.3,4.5,2.0,0.0,0.0,0.0,33.0,40.2,119.9,37.1,12.5,42.3,34.1,79.5,0.0,79.8,3.0,0.0,26.3,12.4,18.9,15.8,0.0,8.8,0.0,1.0,13.1,13.1,1.0,0.0,0.0,0.0,0.0,0.0,0.0,0.0,0.0,7.8,0.0,0.4,0.0,1.0
2026-08-24 12:15:00,1.2,0.0,4.5,0.0,0.0,0.0,40.2,38.9,120.0,25.3,18.1,10.2,37.2,44.5,0.0,30.2,3.0,0.0,3.2,22.0,20.3,16.5,0.0,16.3,0.0,1.0,13.1,13.1,1.0,0.0,0.0,0.0,0.0,0.0,0.0,0.0,1.0,7.6,0.0,0.0,0.0,1.0
2026-08-24 12:30:00,1.2,0.0,4.7,0.0,0.0,0.0,30.5,41.1,120.0,27.0,10.8,35.6,44.6,0.0,0.0,34.4,2.0,0.0,5.6,10.0,21.0,16.7,0.0,13.3,0.0,1.0,13.1,13.1,0.0,0.0,0.0,0.0,1.0,0.0,0.0,0.0,1.0,6.7,0.0,0.4,0.0,1.0
2026-08-24 12:45:00,1.2,1.3,4.2,0.0,0.0,0.0,41.3,35.7,120.0,16.0,25.8,10.2,44.4,6.4,0.0,39.5,1.9,0.0,2.5,47.0,14.4,26.2,0.0,12.2,0.0,1.0,13.1,13.1,0.0,0.0,0.0,0.0,1.0,0.0,0.0,0.0,2.0,6.3,0.0,0.4,0.0,1.0
2026-08-24 13:00:00,1.2,0.0,3.8,0.0,0.0,0.0,9.0,41.2,0.0,29.3,0.0,33.3,95.1,0.0,0.0,33.6,0.0,11.2,4.9,16.5,1.2,25.9,3.7,16.8,0.0,1.0,13.1,6.7,0.0,0.0,0.0,0.0,1.0,0.0,0.0,0.0,2.0,7.8,0.1,0.0,1.0,0.0
2026-08-24 13:15:00,5.0,0.0,0.3,0.0,0.0,0.0,8.8,42.4,10.0,30.1,0.1,37.1,125.4,0.0,0.0,32.8,0.0,13.3,19.9,19.9,3.5,9.4,7.1,16.8,0.0,1.0,13.1,6.7,0.0,0.0,0.0,0.0,1.0,0.0,0.0,0.0,2.0,0.3,0.0,0.0,8.8,0.0
2026-08-24 13:30:00,2.0,0.0,0.3,4.7,0.0,0.0,8.4,34.7,5.0,39.4,5.5,59.0,86.6,9.1,0.0,47.1,12.5,11.4,3.6,12.0,5.5,6.0,0.0,14.1,0.0,0.0,13.1,6.7,0.0,0.0,0.0,0.0,0.0,0.0,0.0,0.0,2.0,5.7,0.1,0.0,1.0,0.0
2026-08-24 13:45:00,1.0,0.0,0.3,8.7,0.0,0.0,8.0,31.5,0.0,44.1,10.2,34.5,85.8,13.8,4.0,53.0,0.0,13.6,4.0,12.0,1.2,12.9,3.0,15.7,0.0,1.0,13.1,11.0,0.0,0.0,0.0,0.0,1.0,0.0,0.0,0.0,2.0,0.0,0.0,0.0,1.0,0.0
2026-08-24 14:00:00,0.8,2.8,0.2,7.1,0.0,0.0,5.1,44.9,100.0,22.9,30.5,10.0,133.4,0.1,0.0,44.8,0.0,18.6,15.6,21.6,5.0,10.9,4.9,1.3,0.0,1.0,13.1,13.1,0.0,0.0,0.0,0.0,1.0,0.0,0.0,0.0,2.0,0.0,0.2,0.0,1.0,0.0
2026-08-24 14:15:00,2.1,0.0,0.2,6.5,0.0,0.0,5.5,36.9,100.0,19.5,30.8,18.1,133.5,0.0,0.0,51.0,0.0,18.6,17.3,22.0,9.3,2.7,3.3,16.2,0.0,1.0,13.1,13.1,0.0,0.0,0.0,0.0,1.0,0.0,0.0,0.0,3.0,0.0,10.3,0.0,1.0,0.0
2026-08-24 14:30:00,3.0,0.0,0.2,8.9,0.0,0.0,5.2,40.0,100.0,17.8,21.2,16.6,121.5,0.0,0.0,49.8,0.0,18.5,4.8,21.7,6.4,9.6,3.9,19.2,0.0,1.0,13.1,13.1,0.0,0.0,0.0,0.0,1.0,0.0,0.0,0.0,3.1,0.0,0.3,0.0,1.0,0.0
2026-08-24 14:45:00,8.7,0.0,0.1,6.8,0.0,0.0,7.1,37.4,100.0,19.2,30.9,36.0,110.7,0.0,0.0,41.0,0.0,27.0,8.5,12.0,6.4,14.1,0.0,56.5,0.0,1.0,13.1,13.1,0.0,0.0,0.0,0.0,1.0,0.0,0.0,0.0,0.0,9.0,0.5,0.0,1.0,0.0
2026-08-24 15:00:00,5.1,0.0,0.1,5.4,0.0,0.0,3.1,26.2,130.0,22.0,20.3,49.2,124.4,3.3,0.0,45.3,9.0,10.0,6.3,22.0,5.0,30.1,7.4,26.2,0.0,1.0,42.1,30.0,0.0,0.0,0.0,0.0,1.0,0.0,0.0,0.0,6.6,0.0,1.7,0.0,0.0,0.0
2026-08-24 15:15:00,6.2,0.0,0.0,8.0,0.0,0.0,2.7,29.4,120.0,17.0,44.3,10.1,115.4,7.3,0.0,46.4,26.2,10.0,2.3,22.0,5.0,16.5,6.1,24.6,0.0,1.0,42.6,30.0,0.0,0.0,0.0,0.0,1.0,0.0,0.0,0.0,1.5,0.0,1.5,0.0,0.0,0.0
2026-08-24 15:30:00,5.1,0.0,0.5,0.1,0.0,0.0,3.0,30.7,110.0,18.2,70.4,20.1,100.2,0.0,0.0,49.4,23.5,10.0,5.7,13.0,5.0,16.0,1.4,17.4,0.0,1.0,42.9,30.0,0.0,0.0,0.0,0.0,1.0,0.0,0.0,0.0,4.2,0.7,1.1,0.0,0.0,0.0
2026-08-24 15:45:00,6.4,0.0,0.1,0.1,0.0,0.0,5.5,21.4,110.0,14.4,43.0,10.1,99.8,20.2,0.0,44.5,0.0,14.2,0.0,18.1,5.0,15.2,0.0,16.4,2.0,0.0,43.5,43.5,3.5,3.5,0.0,0.0,3.0,0.0,0.0,0.0,3.5,0.0,2.4,0.0,0.0,0.0
2026-08-24 16:00:00,0.4,1.9,4.4,0.2,0.0,0.0,1.8,26.3,59.7,24.5,52.0,30.1,97.3,26.0,0.0,42.9,22.3,10.0,15.0,40.8,5.0,4.5,0.0,23.5,0.0,1.0,10.2,0.0,0.0,0.0,0.0,0.0,1.0,0.0,0.0,0.0,4.2,4.2,0.8,0.8,1.0,0.0
2026-08-24 16:15:00,3.6,0.0,2.3,0.4,0.0,0.0,11.9,22.7,47.3,17.1,129.7,10.1,79.5,61.6,0.0,82.5,19.4,10.0,25.0,18.4,5.0,18.6,0.0,22.0,0.0,0.0,0.0,0.0,0.0,0.0,0.0,0.0,2.0,0.0,0.0,0.0,5.7,5.7,0.4,0.4,1.0,6.5
2026-08-24 16:30:00,4.5,0.0,2.2,0.5,0.0,0.0,25.7,26.1,31.2,15.2,19.3,10.1,76.0,37.2,0.0,35.1,16.7,12.3,29.0,14.8,5.0,22.1,0.0,24.7,0.0,0.0,6.5,0.0,0.0,0.0,0.0,0.0,1.0,0.0,0.0,0.3,3.4,3.4,0.4,0.4,1.0,7.2
2026-08-24 16:45:00,0.5,0.0,0.0,0.6,0.0,0.0,26.3,26.3,26.7,26.7,10.0,42.7,72.6,32.5,0.0,65.6,39.1,11.3,65.0,21.4,5.0,10.4,0.0,26.3,0.0,0.0,0.0,3.2,0.0,0.0,0.0,0.0,10.7,0.0,0.0,0.7,1.5,0.0,0.4,0.4,1.0,7.2
2026-08-24 17:00:00,0.5,6.9,1.7,0.7,0.0,0.0,10.0,58.2,89.3,12.1,40.7,46.0,72.7,27.0,2.0,33.3,32.8,0.0,28.8,87.0,16.8,2.1,0.0,6.9,0.0,0.0,5.2,0.0,0.0,0.0,0.0,0.0,2.0,0.0,0.0,0.9,0.7,0.0,0.0,0.4,0.0,1.0
2026-08-24 17:15:00,0.9,0.0,2.3,0.7,0.0,0.0,10.0,22.7,76.5,15.3,20.0,83.1,95.1,27.0,0.0,37.9,33.9,0.0,52.8,87.0,26.9,8.3,3.9,4.8,0.0,0.0,7.0,9.8,0.0,0.0,0.0,0.0,10.0,0.0,0.0,0.0,0.7,0.7,0.4,0.4,0.0,1.0
2026-08-24 17:30:00,5.5,0.0,1.7,0.7,0.0,0.0,33.3,17.0,59.3,12.5,10.2,121.1,61.9,68.4,0.0,68.2,10.0,2.4,30.6,80.9,16.8,12.2,8.5,39.0,0.0,0.0,3.2,0.0,0.0,0.0,0.0,0.0,4.0,0.0,0.0,0.0,1.3,1.3,0.0,0.4,0.0,1.0
2026-08-24 17:45:00,0.3,0.3,1.7,0.7,0.0,0.0,23.0,17.0,49.3,30.4,0.1,118.9,59.5,59.1,0.0,55.9,11.6,0.0,40.6,78.9,16.8,10.2,0.0,25.0,0.0,0.0,13.0,5.8,0.0,0.0,0.0,0.0,0.0,0.0,0.0,0.0,0.8,0.8,0.4,0.4,0.0,1.0
2026-08-24 18:00:00,7.5,0.0,0.0,0.6,0.0,0.0,6.9,48.2,0.0,19.8,7.3,63.0,62.3,60.2,2.0,26.4,10.0,0.4,40.7,13.1,17.2,6.4,21.3,53.8,0.0,0.0,0.0,0.0,0.0,0.0,0.0,0.0,0.0,0.0,0.0,0.0,1.3,1.3,1.4,1.4,0.0,1.0
2026-08-24 18:15:00,0.2,0.0,0.0,0.6,0.0,0.0,5.1,52.4,0.0,32.8,27.1,19.7,59.6,71.4,2.0,38.1,10.0,0.3,30.7,12.2,17.2,7.1,19.2,44.4,0.0,0.0,0.0,0.0,0.0,0.0,0.0,0.0,6.3,0.0,0.0,0.0,0.6,0.6,0.0,1.4,0.0,1.0
2026-08-24 18:30:00,0.2,3.2,0.0,0.5,0.0,0.0,2.7,53.4,0.0,40.3,20.0,18.8,54.7,55.8,2.0,48.0,10.0,7.2,30.6,15.8,17.2,21.9,0.0,11.4,0.0,0.0,1.0,0.0,0.0,0.0,0.0,0.0,0.0,0.0,0.0,0.0,0.5,0.0,1.4,1.4,0.0,1.0
2026-08-24 18:45:00,0.5,0.0,0.0,0.4,0.0,0.0,12.2,49.6,0.0,45.0,20.0,34.5,53.3,68.9,2.0,61.3,13.0,0.0,40.6,41.1,17.2,11.1,1.6,22.7,0.0,0.0,0.0,4.0,0.0,0.0,0.0,0.0,0.0,0.0,0.0,0.0,0.4,0.0,2.0,1.0,0.0,1.0
2026-08-24 19:00:00,0.2,0.0,1.9,0.4,0.0,0.0,13.3,9.0,0.0,39.5,15.6,132.8,62.7,27.5,7.0,25.0,16.3,1.0,28.8,12.0,20.2,19.5,2.5,17.6,0.0,0.0,0.0,0.0,0.0,0.0,0.0,0.0,0.0,0.0,0.0,0.0,0.0,0.0,1.0,1.0,1.0,0.0
2026-08-24 19:15:00,0.2,0.0,0.0,0.3,0.0,0.0,14.1,14.0,0.0,24.5,20.0,132.3,54.2,75.9,7.0,28.4,10.0,1.1,25.6,12.5,17.9,8.5,0.0,15.4,0.0,0.0,0.0,0.0,0.0,0.0,0.0,0.0,0.0,0.0,0.0,0.0,0.0,0.0,0.0,1.0,1.0,0.2
2026-08-24 19:30:00,0.2,0.2,0.0,0.2,0.0,0.0,21.4,14.2,0.0,58.1,20.0,153.6,53.0,95.8,7.0,57.6,10.0,4.2,25.6,15.2,17.9,7.5,2.9,27.9,0.0,0.0,0.0,0.0,0.0,0.0,0.0,0.0,0.0,0.0,0.0,0.0,0.0,0.0,0.0,1.1,1.0,0.8
2026-08-24 19:45:00,0.2,0.2,0.0,0.9,0.0,0.0,14.2,14.2,0.0,44.3,20.0,142.6,55.2,43.9,7.0,35.6,10.0,5.3,40.6,13.5,17.9,5.2,0.0,25.0,0.0,0.0,0.0,0.0,0.0,0.0,0.0,0.0,0.0,0.0,0.0,0.0,0.0,0.0,0.0,2.0,1.0,0.1
2026-08-24 20:00:00,0.1,0.1,0.0,0.9,0.0,0.0,7.9,26.2,0.0,40.1,20.0,104.1,58.0,63.0,7.0,37.7,13.1,1.3,30.6,42.2,18.4,17.0,0.0,25.0,0.0,0.0,0.0,0.0,0.0,0.0,0.0,0.0,0.0,0.0,0.0,0.0,0.0,0.0,0.0,3.0,1.0,0.1
2026-08-24 20:15:00,0.1,0.1,0.0,0.5,0.0,0.0,2.0,30.5,0.0,42.5,20.1,91.8,51.4,103.6,7.0,39.8,10.0,1.3,30.6,16.3,18.4,11.9,1.8,26.8,0.0,0.0,0.0,0.0,0.0,0.0,0.0,0.0,0.0,0.0,0.0,0.0,0.2,0.2,0.0,3.0,1.0,0.5
2026-08-24 20:30:00,0.1,0.1,0.0,1.0,0.0,0.0,2.0,34.9,0.0,17.3,0.0,127.5,49.0,45.2,7.0,50.2,10.0,1.2,32.8,12.0,21.1,3.5,0.0,23.0,0.0,0.0,0.0,0.0,0.0,0.0,0.0,0.0,0.0,0.0,0.0,0.0,0.7,0.7,0.0,3.0,1.0,0.0
2026-08-24 20:45:00,0.0,0.5,0.7,0.2,0.0,0.0,2.0,31.2,22.4,17.1,17.2,80.1,55.8,27.0,7.0,37.4,11.9,0.0,45.1,12.0,23.0,13.4,0.0,24.5,0.0,0.0,0.0,0.0,0.0,0.0,0.0,0.0,0.0,0.0,0.0,0.0,0.4,0.0,0.0,3.0,1.0,0.0
2026-08-24 21:00:00,0.0,0.0,0.0,0.3,0.0,0.0,7.2,0.1,0.1,20.9,16.3,30.0,155.1,96.2,7.0,33.1,12.0,0.0,50.6,11.1,16.6,1.7,1.3,26.3,0.0,0.0,0.0,0.0,0.0,0.0,0.0,0.0,0.0,0.0,1.0,0.0,0.5,0.0,0.4,3.4,1.0,0.1
2026-08-24 21:15:00,0.0,0.0,2.3,0.3,0.0,0.0,2.0,15.4,0.0,18.3,23.0,30.0,199.0,28.0,22.3,23.6,12.0,0.0,45.7,12.0,34.9,0.0,0.8,25.8,0.0,0.0,0.0,0.0,0.0,0.0,0.0,0.0,0.0,0.0,0.0,0.0,0.3,0.3,0.0,4.0,1.0,0.0
2026-08-24 21:30:00,0.0,0.6,3.3,0.4,0.0,0.0,8.8,0.0,9.1,15.6,26.8,30.0,236.9,28.0,26.6,28.1,10.0,8.2,41.6,12.0,39.2,0.0,0.0,24.4,0.0,0.0,3.0,0.0,0.0,0.0,0.0,0.0,0.0,0.0,0.0,0.0,0.5,0.5,0.0,3.0,1.0,0.0
2026-08-24 21:45:00,0.1,0.1,2.2,0.4,0.0,0.0,10.2,0.0,0.0,17.3,16.0,25.0,231.4,28.0,17.5,26.5,10.0,1.1,40.0,37.0,39.5,12.0,8.1,31.8,0.0,0.0,24.2,0.0,0.0,0.0,0.0,0.0,0.0,0.0,0.0,0.0,0.3,0.3,0.0,3.0,1.0,0.0
2026-08-24 22:00:00,9.2,0.1,0.4,0.4,0.0,0.0,19.0,0.2,18.6,10.7,29.1,30.0,80.5,22.0,73.0,9.1,10.0,1.1,36.2,0.0,23.4,12.0,0.0,34.1,0.0,0.0,0.0,0.0,0.0,0.0,0.0,0.0,0.0,0.0,0.0,0.0,2.1,2.1,0.0,3.0,1.0,0.0
2026-08-24 22:15:00,9.4,0.1,0.0,0.4,0.0,0.0,3.8,0.2,13.0,10.5,22.4,25.0,54.5,23.0,41.4,15.5,10.0,1.1,27.1,12.0,22.2,12.0,0.0,34.3,0.0,0.0,0.0,0.0,0.0,0.0,0.0,0.0,0.0,0.0,0.0,0.0,3.0,3.0,0.0,2.0,1.7,0.0
2026-08-24 22:30:00,7.8,0.1,0.0,0.4,0.0,0.0,6.4,1.0,1.0,10.5,16.8,30.0,51.4,23.0,7.0,14.9,27.2,1.1,18.4,12.0,19.7,12.0,13.6,35.1,0.0,0.0,0.0,0.0,0.0,0.0,0.0,0.0,0.0,0.0,0.0,0.0,0.0,0.0,0.0,2.0,1.0,0.0
2026-08-24 22:45:00,2.5,0.1,0.0,0.3,0.0,0.0,4.7,0.0,1.0,10.8,5.3,10.0,50.4,33.8,7.0,17.4,25.8,1.1,17.7,12.0,19.2,12.0,0.0,6.1,0.0,0.0,0.0,0.0,0.0,0.0,0.0,0.0,0.0,0.0,0.0,0.0,0.0,0.0,0.0,2.0,1.0,0.0
2026-08-24 23:00:00,0.0,0.1,0.0,1.0,0.0,0.0,6.5,0.2,1.0,9.0,7.1,15.0,51.8,33.8,11.4,16.4,33.3,0.0,42.7,0.0,16.2,12.0,0.0,25.0,0.0,0.0,0.0,0.0,0.0,0.0,0.0,0.0,0.0,0.0,0.0,0.0,0.0,0.0,0.1,1.0,1.1,0.0
2026-08-24 23:15:00,0.0,0.7,0.0,0.3,0.0,0.0,1.8,0.0,1.0,9.4,12.5,20.0,53.7,22.0,37.0,8.0,26.9,1.2,30.6,0.0,23.2,12.0,0.0,18.4,0.0,0.0,0.0,0.0,0.0,0.0,0.0,0.0,0.0,0.0,0.0,0.0,0.1,0.1,0.0,1.0,1.0,0.0
2026-08-24 23:30:00,0.0,0.1,0.0,0.9,0.0,0.0,13.9,1.0,1.0,11.4,6.6,30.0,52.3,22.0,24.9,4.3,25.5,1.2,28.5,0.0,17.3,12.0,0.0,17.7,0.0,0.0,0.0,0.0,0.0,0.0,0.0,0.0,0.0,0.0,0.0,0.0,0.0,0.0,0.1,1.0,1.0,0.0
2026-08-24 23:45:00,0.3,0.0,0.0,0.3,0.0,0.0,18.1,0.9,1.0,11.3,2.2,30.0,56.2,30.5,14.1,3.5,10.0,1.3,18.5,0.0,14.8,12.6,0.0,25.0,0.0,0.0,0.0,0.0,0.0,0.0,0.0,6.3,0.0,0.0,6.3,0.0,0.0,0.0,0.0,1.0,1.0,0.0
2026-08-25 00:00:00,8.5,0.0,0.0,4.5,0.0,0.0,15.8,0.0,29.7,9.5,26.8,10.0,84.0,10.1,36.4,0.0,42.0,1.8,57.2,0.0,11.0,0.0,18.8,2.0,0.0,0.0,0.0,3.0,0.0,0.0,0.0,1.1,0.0,0.0,0.0,0.0,1.1,0.0,3.9,3.9,0.0,0.0
2026-08-25 00:15:00,8.7,0.0,0.0,5.2,0.0,0.0,17.6,0.0,0.5,10.1,27.6,10.0,32.2,17.5,5.5,0.8,44.0,17.3,24.4,1.0,10.7,0.3,21.0,3.0,0.0,0.0,0.0,2.6,0.0,0.0,0.0,7.1,0.0,0.0,6.0,0.0,1.1,0.0,3.9,3.9,0.0,0.0
2026-08-25 00:30:00,6.5,0.0,0.0,2.7,0.0,0.0,9.9,0.0,0.5,9.6,6.7,10.0,31.1,30.0,5.5,0.8,42.0,18.2,27.1,2.7,16.7,1.0,19.9,4.0,0.0,0.0,0.0,9.0,0.0,0.0,0.0,7.5,0.0,0.0,6.3,0.0,1.2,0.0,3.9,3.9,2.9,0.2
2026-08-25 00:45:00,5.6,0.0,0.0,2.5,0.0,0.0,12.7,0.0,56.3,6.4,19.4,10.0,72.9,10.0,85.6,0.0,43.0,9.0,22.9,25.0,18.8,0.0,5.8,4.0,0.0,0.0,0.0,9.0,0.0,0.0,0.0,7.8,0.0,0.0,6.5,0.0,1.3,0.0,3.9,3.9,2.5,0.0
2026-08-25 01:00:00,5.2,0.0,0.0,7.8,0.0,0.0,6.3,1.4,19.1,8.2,29.0,10.1,53.4,10.0,33.7,0.5,48.0,9.5,36.6,0.5,16.2,0.6,3.8,5.0,0.0,0.0,0.0,4.5,0.0,0.0,0.0,7.2,0.0,0.0,1.1,0.0,3.1,0.0,8.2,8.2,0.0,1.2
2026-08-25 01:15:00,6.4,0.0,0.0,4.2,0.0,0.0,0.0,1.8,11.0,8.3,18.6,10.1,46.9,14.3,26.2,0.5,24.0,20.7,29.6,1.0,10.2,1.0,3.6,5.0,0.0,0.0,0.0,4.5,0.0,0.0,0.0,7.5,0.0,0.0,1.3,0.0,3.2,0.0,8.1,8.1,0.0,12.1
2026-08-25 01:30:00,6.1,0.0,0.8,2.1,0.0,0.0,0.0,5.7,0.4,7.7,16.9,10.1,32.3,14.6,27.1,0.5,44.0,21.6,35.6,0.1,16.2,0.2,0.7,4.0,0.0,0.0,0.0,4.5,0.0,0.0,0.0,5.8,0.0,0.0,1.2,0.0,2.3,0.0,8.1,8.1,0.0,0.5
2026-08-25 01:45:00,7.3,0.0,0.8,5.2,0.0,0.0,0.0,15.9,13.0,9.8,11.7,10.1,37.3,11.6,24.1,0.5,45.0,23.1,35.8,0.0,16.7,0.0,4.4,4.0,0.0,0.0,0.0,4.6,0.0,0.0,0.0,2.9,0.0,0.0,1.2,0.0,1.7,0.0,8.0,8.1,0.7,0.6
2026-08-25 02:00:00,33.3,0.0,0.8,1.3,0.0,0.0,24.8,1.4,21.7,5.7,33.5,10.1,36.7,10.0,41.0,5.0,41.0,19.2,42.5,0.0,17.5,0.0,0.0,6.0,0.0,0.0,0.0,3.0,0.0,0.0,0.0,9.1,0.0,0.0,7.4,0.0,1.7,0.0,9.6,9.6,0.0,0.5
2026-08-25 02:15:00,28.1,0.0,2.1,1.6,0.0,0.0,1.7,1.4,26.4,5.8,23.8,10.1,53.9,10.0,45.9,5.0,41.0,18.9,31.8,0.0,18.4,0.0,0.0,3.1,0.0,0.0,0.0,9.0,0.0,0.0,0.0,11.1,0.0,0.0,7.0,0.0,1.1,0.0,9.5,9.6,0.0,0.5
2026-08-25 02:30:00,8.0,0.0,0.6,1.7,0.0,0.0,0.0,13.1,39.8,5.7,16.3,10.1,52.2,10.0,77.7,5.0,42.0,20.6,44.0,0.0,19.5,0.0,4.2,1.0,0.0,0.0,0.0,9.0,0.0,0.0,0.0,10.8,0.0,0.0,6.7,0.0,1.1,0.0,9.6,9.6,0.0,0.5
2026-08-25 02:45:00,26.6,0.0,0.6,1.9,0.0,0.0,0.0,1.7,37.7,5.7,21.5,10.1,51.3,10.0,88.4,5.0,44.0,1.8,37.8,0.0,29.9,0.0,0.0,0.1,0.0,0.0,0.0,9.0,0.0,0.0,0.0,0.6,0.0,0.0,0.0,0.0,0.6,0.0,9.6,9.6,0.0,0.5
2026-08-25 03:00:00,8.9,0.0,0.0,0.1,0.0,0.0,16.9,1.3,39.7,6.2,22.2,10.1,77.1,10.0,68.9,5.5,47.0,21.3,37.4,0.0,18.7,0.0,5.2,0.0,0.0,0.0,0.0,7.1,0.0,0.0,0.0,3.5,0.0,0.0,2.9,0.0,0.6,0.0,9.6,9.6,2.8,0.0
2026-08-25 03:15:00,9.4,0.0,0.6,0.1,0.0,0.0,22.3,1.3,45.3,6.2,18.0,10.1,84.6,10.0,76.2,5.5,45.0,23.8,39.0,0.0,20.9,0.0,7.2,0.0,0.0,0.0,0.0,7.0,0.0,0.0,0.0,8.0,0.0,0.0,6.3,0.0,0.0,0.0,9.6,9.6,0.0,0.0
2026-08-25 03:30:00,0.2,3.3,0.6,0.2,0.0,0.0,0.0,2.0,43.2,6.2,5.1,10.1,80.6,10.0,91.3,5.5,45.0,21.8,38.3,0.0,20.2,0.0,10.8,10.8,0.0,0.0,0.0,7.0,0.0,0.0,0.0,12.4,0.0,0.0,6.4,0.0,0.0,0.0,9.6,9.6,0.0,0.0
2026-08-25 03:45:00,0.1,4.9,0.0,0.1,0.0,0.0,4.1,1.5,49.3,6.2,15.2,10.1,88.7,10.1,98.1,5.5,46.0,18.0,39.7,0.0,21.7,0.0,5.7,0.0,0.0,0.0,0.0,7.0,0.0,0.0,0.0,8.3,0.0,0.0,5.4,0.0,0.0,0.0,10.1,10.7,0.0,0.0
2026-08-25 04:00:00,6.3,0.0,0.0,0.2,0.0,0.0,1.3,1.4,39.0,6.2,19.3,10.1,70.8,10.0,95.0,10.5,49.0,22.5,37.7,0.0,19.5,0.0,0.0,3.2,0.0,0.0,0.0,2.0,0.0,0.0,0.0,16.0,0.0,0.0,7.0,0.0,0.0,0.0,10.1,10.1,0.0,1.0
2026-08-25 04:15:00,10.1,0.0,0.1,0.0,0.0,0.0,21.2,6.3,30.1,6.3,26.1,10.1,67.8,10.1,73.0,10.5,47.0,22.1,37.6,0.0,13.4,0.0,5.9,0.0,0.0,0.0,0.0,2.0,0.0,0.0,0.0,10.1,0.0,0.0,7.1,0.0,0.0,0.0,11.0,11.0,0.0,1.0
2026-08-25 04:30:00,7.2,0.0,5.4,0.0,0.0,0.0,9.7,6.3,14.0,6.3,11.7,10.1,69.5,10.0,62.1,10.5,48.0,21.0,36.4,0.0,18.9,0.0,1.3,2.6,0.0,0.0,0.0,9.0,0.0,0.0,4.0,17.1,0.0,0.0,7.1,0.0,0.0,0.0,11.0,11.0,0.0,1.0
2026-08-25 04:45:00,5.2,0.0,3.0,0.0,0.0,0.0,24.1,6.3,21.7,6.3,16.8,10.1,67.1,10.0,64.9,10.5,47.0,21.7,36.5,0.0,18.5,0.0,4.2,5.4,0.0,0.0,0.0,9.0,0.0,0.0,2.0,11.9,0.0,0.0,6.9,0.0,0.0,0.0,11.2,11.2,0.0,1.0
2026-08-25 05:00:00,10.1,0.0,2.2,0.0,0.0,0.0,4.1,1.3,3.4,6.3,20.9,10.0,42.5,10.0,51.9,0.5,20.0,20.7,41.9,25.0,27.1,0.0,15.2,0.0,0.0,0.0,0.0,2.0,0.0,0.0,0.0,14.3,2.0,0.0,8.3,0.0,0.0,0.0,3.9,3.9,1.0,0.0
2026-08-25 05:15:00,0.1,4.2,0.4,3.0,0.0,0.0,0.0,7.8,4.0,6.3,13.4,10.0,35.9,35.4,26.0,0.5,20.0,13.9,35.6,1.5,25.0,0.0,4.1,0.0,0.0,0.0,0.0,2.0,0.0,0.0,0.0,11.6,2.0,0.0,8.6,0.0,0.0,0.0,3.9,3.9,1.0,0.0
2026-08-25 05:30:00,0.0,4.8,0.6,0.0,0.0,0.0,0.0,10.5,2.9,6.3,7.6,10.0,32.4,18.9,25.9,0.5,20.0,16.5,35.6,1.7,25.2,0.0,9.1,9.1,0.0,0.0,0.0,0.0,0.0,0.0,0.0,21.6,0.0,0.0,8.5,0.0,0.0,0.0,3.9,3.9,1.0,12.7
2026-08-25 05:45:00,2.1,0.0,7.6,0.0,0.0,0.0,15.5,6.3,2.3,6.0,9.4,10.0,29.0,25.7,24.4,0.5,57.0,20.0,60.6,0.6,25.8,0.0,12.7,14.8,0.0,0.0,0.0,0.0,0.0,0.0,0.0,19.0,0.0,0.0,8.6,0.0,0.0,0.0,0.4,0.5,1.0,10.2
2026-08-25 06:00:00,7.8,0.0,7.8,0.0,0.0,0.0,0.5,36.5,2.9,6.0,28.6,10.0,81.8,10.0,88.8,0.0,11.6,20.4,65.7,0.0,33.5,0.0,0.0,7.8,0.0,0.0,0.0,7.4,0.0,0.0,0.0,30.9,0.0,0.0,8.9,0.0,0.0,0.0,1.5,1.5,1.5,0.0
2026-08-25 06:15:00,7.1,0.1,8.3,0.0,0.0,0.0,0.5,38.7,7.3,5.8,20.8,10.0,95.5,0.0,69.6,0.0,58.0,19.4,78.7,0.0,48.3,0.0,0.0,7.0,0.0,0.0,1.0,1.0,0.0,0.0,0.0,0.0,0.0,0.0,0.0,0.0,0.0,1.8,8.5,8.6,8.3,0.0
2026-08-25 06:30:00,5.4,2.1,7.5,0.0,0.0,0.0,0.5,27.2,8.4,5.5,16.1,10.0,77.8,0.0,52.2,0.0,30.8,19.5,83.2,0.0,34.7,0.0,6.0,6.0,0.0,0.0,0.0,9.4,2.0,0.0,0.0,0.0,0.0,0.0,0.0,0.0,0.0,1.4,0.0,13.7,1.5,0.0
2026-08-25 06:45:00,2.3,2.6,3.4,0.0,0.0,0.0,0.5,49.9,11.5,20.6,12.6,20.9,35.5,14.3,26.4,0.0,30.8,19.5,45.6,2.6,17.0,0.0,3.7,3.7,0.0,0.0,0.0,1.0,0.0,0.0,0.0,0.0,0.0,0.0,0.0,0.0,0.0,0.3,0.0,12.6,1.5,0.0
2026-08-25 07:00:00,0.0,7.4,0.1,7.3,0.0,2.0,0.0,22.1,9.3,6.9,27.6,10.0,61.3,0.1,15.7,0.0,51.0,13.0,51.5,0.0,7.8,12.6,8.9,8.9,0.0,0.0,0.0,6.0,0.0,0.0,0.0,0.0,0.0,0.0,0.0,0.0,0.0,0.0,0.0,12.5,1.5,10.1
2026-08-25 07:15:00,0.2,2.6,0.1,8.5,0.0,2.0,20.0,27.5,0.0,25.2,11.6,10.0,29.7,38.5,7.6,0.0,45.0,0.0,46.1,4.8,27.5,3.0,7.1,7.1,0.0,0.0,0.0,9.0,0.0,0.0,0.0,0.0,0.0,0.0,0.0,0.0,0.0,0.0,0.0,12.0,1.5,8.6
2026-08-25 07:30:00,0.3,3.2,0.1,6.1,0.0,2.0,20.2,13.0,0.1,48.2,16.6,10.0,29.9,92.8,5.5,60.9,45.0,9.8,46.1,6.8,27.5,2.9,3.6,3.6,0.0,0.0,0.0,9.0,0.0,0.0,0.0,0.0,0.0,0.0,0.0,0.0,0.0,0.0,0.0,9.9,1.5,0.0
2026-08-25 07:45:00,0.3,5.4,0.1,7.2,0.0,2.0,21.2,0.9,0.3,54.4,28.0,10.0,34.7,40.7,7.3,0.0,45.0,9.6,41.1,5.8,17.6,2.1,30.0,20.0,0.0,0.0,0.0,9.0,0.0,0.0,0.0,0.0,0.0,0.0,0.0,0.0,2.0,0.0,0.0,8.9,1.5,0.0
2026-08-25 08:00:00,0.4,2.4,0.1,8.9,0.0,2.0,10.5,23.7,0.0,76.6,24.7,24.1,40.7,158.0,5.5,29.5,60.0,12.7,50.6,9.8,32.0,4.8,1.1,1.1,0.0,0.0,0.0,14.1,0.0,0.0,0.0,0.0,0.0,0.0,0.0,4.1,0.0,0.0,0.0,7.9,0.5,0.0
2026-08-25 08:15:00,0.5,2.0,0.1,8.5,0.0,2.0,11.3,37.0,0.0,91.0,28.5,10.0,39.0,53.9,5.5,1.0,60.0,11.5,40.6,6.1,27.3,2.7,10.6,10.6,0.0,0.0,0.0,7.0,0.0,0.0,0.0,0.0,0.0,0.0,0.0,0.0,0.0,0.0,0.0,6.9,0.5,9.5
2026-08-25 08:30:00,0.5,9.8,0.1,9.3,0.0,2.0,10.5,40.1,0.0,114.5,20.2,10.1,45.1,78.1,9.9,0.0,60.0,13.2,40.6,8.4,17.5,3.1,10.9,0.9,0.0,0.0,0.0,17.0,0.0,0.0,0.0,0.0,0.0,0.0,0.0,0.0,0.0,0.0,0.0,5.9,0.5,11.0
2026-08-25 08:45:00,0.5,6.3,0.1,8.6,0.0,2.0,8.4,42.9,0.0,115.8,38.9,10.1,170.6,86.0,14.7,0.0,60.0,14.3,35.6,7.6,17.8,3.3,5.8,0.0,0.0,0.0,0.0,22.7,0.0,0.0,0.0,0.0,0.0,0.0,0.0,0.0,0.0,0.0,0.0,3.9,0.5,10.7
2026-08-25 09:00:00,0.5,0.9,0.1,0.8,0.0,2.0,14.6,0.2,0.5,103.5,32.8,20.0,36.8,13.9,0.0,26.1,9.6,0.0,75.0,1.2,16.9,2.3,21.6,15.2,0.0,0.0,0.0,4.0,0.0,0.0,0.0,0.0,0.0,0.0,0.0,0.0,0.0,0.0,10.4,0.0,8.3,0.0
2026-08-25 09:15:00,0.4,7.0,0.1,8.4,0.0,2.0,11.7,0.2,1.6,101.9,31.3,20.1,39.3,29.6,0.0,12.4,0.0,0.0,28.8,4.9,11.9,3.6,5.4,15.2,0.0,0.0,17.4,0.0,0.0,0.0,0.0,0.0,16.0,0.0,0.1,0.0,0.0,0.0,0.5,1.4,1.5,0.1
2026-08-25 09:30:00,0.4,10.1,0.1,7.5,0.0,2.0,11.1,22.3,0.5,106.7,58.8,20.0,43.1,41.5,0.0,11.3,1.0,0.0,35.0,2.6,16.9,1.0,0.0,4.0,0.0,0.0,0.0,10.5,0.0,0.0,0.0,0.0,0.0,0.0,0.0,0.0,0.0,0.0,0.5,1.4,1.5,0.0
2026-08-25 09:45:00,0.3,7.6,0.1,2.3,0.0,2.0,11.1,14.8,0.6,143.9,28.3,20.0,51.4,10.0,0.0,16.1,1.4,0.0,28.2,25.5,20.7,0.0,4.9,0.0,0.0,0.0,0.0,16.4,0.0,0.0,0.0,0.0,0.0,0.0,0.1,0.0,0.0,0.0,0.5,1.4,1.5,0.0
2026-08-25 10:00:00,0.1,6.5,0.1,8.2,0.0,2.0,21.3,1.2,0.0,174.4,22.2,20.0,29.0,143.1,1.4,19.5,1.0,20.0,15.0,3.3,8.0,1.2,2.8,1.8,0.0,4.0,0.0,2.8,0.0,0.0,0.0,0.0,0.0,0.0,0.1,0.0,0.0,3.3,0.5,0.4,1.0,0.0
2026-08-25 10:15:00,0.0,8.0,0.1,8.5,0.0,2.0,12.9,5.8,10.7,208.7,28.2,20.1,29.0,77.9,3.0,5.8,11.0,36.7,15.0,2.8,8.0,0.9,16.4,0.0,0.0,7.0,0.0,3.7,0.0,0.0,0.0,0.0,0.0,3.0,3.0,0.0,0.0,0.0,4.4,0.4,1.0,0.0
2026-08-25 10:30:00,0.0,10.0,0.4,8.7,0.0,2.0,12.4,5.8,0.0,185.3,28.5,20.0,86.8,65.3,0.2,5.5,1.0,60.0,24.9,2.7,8.0,1.6,4.4,0.0,0.0,10.0,12.6,56.0,0.0,0.0,0.0,0.0,0.0,0.0,8.5,0.0,0.0,0.0,0.5,0.0,1.0,0.0
2026-08-25 10:45:00,0.0,10.0,0.4,8.2,0.0,2.0,40.2,0.0,0.0,238.1,18.2,20.0,132.7,82.4,0.0,11.3,1.0,60.0,15.0,14.3,8.0,2.2,22.1,1.0,0.0,0.0,24.3,44.7,0.0,0.0,0.0,0.0,0.0,0.0,8.3,0.0,0.0,0.0,1.1,0.4,1.0,0.0
2026-08-25 11:00:00,0.0,10.4,0.4,10.0,0.0,2.0,24.4,0.7,200.0,220.6,56.3,20.0,71.4,14.4,0.0,144.2,1.0,80.0,21.4,9.5,20.3,2.0,1.8,1.3,0.0,5.0,0.0,0.0,0.0,0.0,0.0,0.0,0.0,0.0,2.1,0.0,0.0,28.4,1.5,0.4,1.5,0.0
2026-08-25 11:15:00,0.0,9.9,0.1,7.7,0.0,2.0,46.9,0.7,219.3,269.4,46.9,30.4,99.6,65.6,0.0,200.6,1.0,70.4,58.6,9.5,59.9,0.0,24.0,0.0,0.0,2.0,0.0,0.0,0.0,0.0,0.0,0.0,0.0,0.0,1.8,0.0,0.0,0.0,12.1,0.0,11.7,0.0
2026-08-25 11:30:00,0.0,10.6,0.1,3.2,0.0,2.0,50.7,0.7,273.5,305.0,53.9,29.2,222.8,0.0,0.0,291.0,1.0,60.0,86.1,9.5,25.3,1.9,0.0,0.1,0.0,2.0,0.0,1.5,0.0,0.0,0.0,0.5,3.5,0.0,1.6,0.0,0.0,0.0,1.5,0.0,1.5,0.0
2026-08-25 11:45:00,0.0,9.5,0.1,2.2,0.0,2.0,49.4,1.7,264.3,327.0,57.8,38.2,230.6,0.0,0.0,282.9,1.0,60.0,82.6,9.5,17.9,3.2,0.0,4.8,0.0,2.0,0.0,0.0,0.0,0.0,0.0,1.2,2.0,0.0,1.2,0.0,0.0,0.0,1.5,0.0,1.5,0.0
2026-08-25 12:00:00,0.0,10.7,7.6,0.0,0.0,2.0,22.2,19.9,211.1,213.5,31.2,20.1,324.5,10.0,0.0,297.7,12.0,56.5,22.0,9.5,5.0,11.8,0.0,35.1,0.0,2.0,0.0,3.2,0.0,0.0,0.0,1.8,5.2,0.0,1.3,0.0,0.0,0.0,0.0,1.3,0.0,1.0
2026-08-25 12:15:00,0.0,9.9,0.2,0.0,0.0,2.0,18.0,30.2,213.3,225.2,41.5,20.1,305.2,10.0,0.0,283.4,4.8,55.1,74.6,9.5,5.0,10.4,0.0,39.2,0.0,2.0,0.0,3.2,0.0,0.0,0.0,2.0,5.2,0.0,1.0,0.0,0.0,3.0,0.0,1.3,0.0,10.5
2026-08-25 12:30:00,0.0,9.0,7.7,0.0,0.0,2.0,18.1,36.1,239.2,224.9,10.4,28.9,345.9,10.0,0.0,336.1,0.0,34.3,62.6,9.5,6.7,1.5,0.0,24.8,0.0,2.0,0.0,3.2,0.0,0.0,0.0,2.3,5.2,0.0,1.0,0.0,0.0,0.0,0.0,1.3,0.0,1.0
2026-08-25 12:45:00,0.0,7.2,6.6,0.0,0.0,2.0,25.5,50.2,248.3,237.4,10.5,36.8,306.4,10.1,0.0,341.4,20.0,14.8,84.1,9.5,6.7,0.6,0.0,25.8,0.0,2.0,0.0,0.8,0.0,0.0,0.0,2.5,2.8,0.0,0.6,0.0,0.0,0.0,0.0,1.3,0.1,1.0
2026-08-25 13:00:00,0.0,10.0,9.5,0.0,0.0,2.0,18.2,31.5,72.9,390.2,0.3,26.4,403.7,0.0,0.0,360.3,37.4,1.8,26.2,4.5,7.4,8.7,0.0,17.0,0.0,2.0,0.0,5.0,0.0,0.0,0.0,2.8,7.0,0.0,1.3,0.0,0.0,0.0,0.0,1.0,1.0,3.3
2026-08-25 13:15:00,0.0,9.5,9.1,0.0,0.0,2.0,20.8,58.7,68.2,393.0,0.1,71.2,448.3,0.0,0.0,367.9,17.0,1.7,28.2,4.5,5.7,1.5,0.0,20.0,0.0,2.0,0.0,3.2,0.0,0.0,0.0,7.5,5.2,0.0,1.5,0.0,0.0,0.0,0.0,1.0,1.0,5.4
2026-08-25 13:30:00,0.0,8.8,9.7,0.0,0.0,2.0,19.3,37.1,86.4,396.8,0.0,68.6,372.7,0.0,0.0,354.1,60.0,1.7,17.9,4.5,7.8,0.0,0.0,19.0,0.0,2.0,0.0,5.2,0.0,0.0,0.0,4.8,7.2,0.0,1.8,0.0,0.0,0.0,0.0,1.0,1.0,7.1
2026-08-25 13:45:00,0.0,8.0,10.4,0.0,0.0,2.0,21.2,38.9,80.6,392.5,0.1,52.7,417.9,0.0,0.0,335.2,60.0,1.7,19.1,4.5,8.7,6.6,0.0,21.2,0.0,2.0,0.0,3.2,0.0,0.0,0.0,5.1,5.2,0.0,2.1,0.0,0.0,0.0,0.0,1.0,1.0,1.0
2026-08-25 14:00:00,0.0,9.3,9.5,0.0,0.0,2.0,17.9,43.1,86.4,354.5,5.8,40.3,292.8,0.0,0.0,298.4,0.0,5.7,11.6,4.5,8.7,6.6,0.0,15.5,0.0,0.0,12.9,21.5,0.0,0.0,0.0,8.6,8.6,0.0,2.6,0.0,0.0,3.0,1.0,1.0,1.0,1.0
2026-08-25 14:15:00,0.1,7.4,10.0,0.0,0.0,2.0,17.9,46.9,68.5,343.2,1.1,46.1,200.8,0.0,12.1,204.4,14.7,5.7,10.0,5.3,9.2,6.6,0.0,21.6,0.0,0.0,11.0,35.0,0.0,0.0,0.0,8.8,24.0,0.0,2.8,0.0,0.0,0.0,1.0,1.0,1.0,0.0
2026-08-25 14:30:00,0.2,8.8,6.0,0.0,0.0,2.0,17.9,34.0,62.7,316.5,0.0,49.5,193.9,0.0,13.2,249.7,60.0,17.4,39.7,4.5,5.1,6.6,0.0,25.0,0.0,0.0,16.5,21.5,0.0,0.0,0.0,5.8,5.0,0.0,2.8,0.0,0.0,0.0,1.0,1.0,1.0,10.0
2026-08-25 14:45:00,0.2,10.0,4.2,0.0,0.0,2.0,16.5,38.5,33.3,305.4,0.2,65.0,166.0,10.0,20.0,171.6,60.0,20.5,52.2,0.5,5.1,11.4,0.0,42.2,0.0,0.0,0.7,87.7,0.0,0.0,0.0,2.0,6.0,0.0,2.8,0.0,0.0,0.0,1.0,11.6,1.0,10.4
2026-08-25 15:00:00,0.3,7.6,4.6,0.1,0.0,2.0,15.1,60.8,72.0,302.8,0.2,74.4,227.7,10.0,0.0,327.6,4.6,2.8,110.9,5.5,20.1,9.7,0.2,1.9,0.0,0.0,10.8,14.8,0.0,0.0,0.0,1.7,4.0,0.0,3.4,0.0,0.0,15.3,1.0,1.0,1.0,0.0
2026-08-25 15:15:00,0.3,5.4,6.7,0.1,0.0,2.0,15.7,62.6,36.8,273.7,0.2,79.4,198.9,20.0,0.0,280.3,20.0,2.8,51.3,5.5,35.4,9.3,3.0,1.1,0.0,0.0,14.9,27.2,0.0,0.0,0.0,9.3,12.3,0.0,3.3,0.0,0.0,15.4,1.0,1.0,1.0,0.0
2026-08-25 15:30:00,0.3,6.9,1.7,0.1,0.0,2.0,17.8,64.0,15.8,255.3,9.5,71.6,103.7,21.3,0.0,247.9,0.0,0.8,34.2,5.5,43.3,5.5,4.5,0.6,0.0,5.0,0.0,19.6,0.0,0.0,0.0,0.3,0.0,0.0,3.3,0.0,0.0,7.0,1.0,1.0,1.1,0.0
2026-08-25 15:45:00,0.3,7.2,8.7,0.2,0.0,2.0,15.4,61.3,5.0,249.4,6.9,56.3,52.4,42.9,0.0,176.9,0.0,2.8,15.0,24.3,36.7,9.5,0.0,13.7,0.0,3.0,0.0,17.9,0.0,0.0,0.0,0.1,4.0,0.0,3.1,0.0,0.0,0.0,1.0,1.1,1.0,1.0
2026-08-25 16:00:00,0.3,8.2,9.9,0.2,0.0,2.0,12.4,58.0,0.0,257.5,12.8,20.1,166.5,10.0,0.0,135.1,7.0,0.0,27.3,29.5,26.3,9.7,2.8,0.0,0.0,0.0,0.0,0.0,0.0,0.0,0.0,0.1,73.0,0.0,0.1,0.0,0.0,0.0,1.5,1.1,0.0,0.0
2026-08-25 16:15:00,0.2,6.4,7.7,0.2,0.0,2.0,15.3,56.3,0.0,248.6,8.2,20.2,120.4,10.0,0.0,83.7,0.0,0.6,25.5,4.5,26.1,9.9,3.9,0.7,1.0,0.0,0.0,0.0,0.0,0.0,0.0,0.0,12.0,0.0,0.0,0.0,0.0,0.0,1.5,1.0,0.0,0.0
2026-08-25 16:30:00,0.1,3.7,5.0,0.3,0.0,2.0,19.8,60.8,0.0,259.2,0.0,24.3,70.0,10.0,0.0,28.6,0.0,2.5,25.0,19.9,12.2,9.9,5.0,1.4,1.0,0.0,0.0,8.6,0.0,0.0,0.0,0.0,12.0,0.0,0.0,0.0,0.0,0.0,1.5,1.2,0.0,0.0
2026-08-25 16:45:00,0.1,2.4,4.2,0.3,0.0,2.0,15.7,58.7,0.0,270.0,0.0,40.5,59.4,87.2,0.0,107.6,0.0,2.4,44.3,100.2,9.2,48.5,0.0,5.6,0.0,0.0,0.0,39.9,0.0,0.0,0.0,0.0,0.0,0.0,0.0,0.0,0.0,0.0,1.5,1.1,0.0,0.2
2026-08-25 17:00:00,0.1,9.5,8.5,0.4,0.0,2.0,10.0,44.9,0.0,246.3,0.0,25.0,106.2,16.0,66.0,10.5,25.0,2.3,30.0,37.2,23.5,9.9,3.2,3.2,0.0,0.0,0.0,18.5,0.0,0.0,0.0,0.0,0.0,7.8,0.0,0.0,0.0,0.0,0.5,1.1,1.5,0.3
2026-08-25 17:15:00,0.1,3.8,8.0,0.4,0.0,2.0,6.5,36.9,0.0,217.7,5.0,27.2,52.9,18.8,0.0,22.9,25.0,2.1,30.0,5.4,32.4,9.7,2.9,2.9,0.0,0.0,0.0,0.0,0.0,0.0,0.0,0.0,0.0,13.0,0.0,0.0,0.0,0.0,0.5,1.0,1.5,0.1
2026-08-25 17:30:00,0.1,3.1,3.6,0.4,0.0,2.0,3.4,33.6,0.0,196.6,15.0,30.6,44.0,46.2,0.0,92.3,49.6,9.3,33.1,8.3,34.1,9.5,2.6,2.6,0.0,0.0,0.0,16.2,0.0,0.0,0.0,0.0,0.0,0.0,0.1,0.0,0.0,0.0,0.5,0.0,1.5,0.1
2026-08-25 17:45:00,0.0,1.8,2.7,0.4,0.0,2.0,9.7,37.2,0.0,192.1,5.1,38.7,44.0,63.0,23.0,16.7,60.2,0.0,56.2,8.3,33.4,9.3,14.3,14.3,0.0,0.0,0.0,13.0,0.0,0.0,0.0,0.0,8.9,0.0,0.0,0.0,0.0,8.9,0.5,0.0,1.5,0.3
2026-08-25 18:00:00,0.1,2.5,3.6,0.4,0.0,0.0,4.4,40.7,5.0,130.2,10.1,20.2,203.2,20.0,0.0,9.8,46.2,19.6,123.0,4.1,69.1,4.0,2.3,2.3,0.0,0.0,0.0,9.0,0.0,0.0,0.0,0.0,0.0,0.0,0.0,0.0,0.0,0.0,9.9,0.5,6.7,1.0
2026-08-25 18:15:00,0.1,5.3,0.0,0.4,0.0,0.0,5.4,55.9,5.0,138.3,7.4,20.2,124.4,25.6,7.0,7.3,45.0,8.0,37.0,0.1,29.1,0.0,2.2,2.2,0.0,0.0,0.0,0.0,0.0,0.0,0.0,0.0,0.0,9.0,0.0,0.0,0.0,0.0,0.0,0.5,0.0,1.2
2026-08-25 18:30:00,0.0,2.8,0.5,0.3,0.0,0.0,4.4,47.0,5.0,271.5,13.9,25.5,64.0,42.3,46.2,0.5,25.0,16.5,26.1,15.2,12.6,6.3,3.0,3.0,0.0,0.0,0.0,0.0,0.0,0.0,0.0,0.0,0.0,9.0,0.0,0.0,0.1,0.1,0.0,0.5,0.0,1.1
2026-08-25 18:45:00,0.0,8.0,0.0,24.8,0.0,0.0,10.0,48.2,5.0,56.1,5.1,28.6,67.5,47.5,30.0,1.9,21.2,18.9,26.1,36.1,0.7,8.7,4.7,4.7,0.0,0.0,0.0,0.0,0.0,0.0,0.0,0.0,0.0,9.0,0.0,0.0,0.0,0.0,0.0,0.6,0.0,1.0
2026-08-25 19:00:00,0.0,50.0,0.0,1.1,0.0,0.0,5.0,50.5,5.0,27.5,14.9,10.1,89.0,20.0,28.5,0.5,0.0,8.1,33.1,4.1,7.6,0.0,6.3,6.3,0.0,0.0,0.0,0.0,0.0,0.0,0.0,0.0,0.0,9.0,0.0,0.0,0.0,0.0,0.0,1.6,0.0,0.7
2026-08-25 19:15:00,0.0,45.5,0.0,0.4,0.0,0.0,13.0,51.9,5.0,14.0,5.3,17.4,36.3,26.0,22.0,0.5,0.0,0.3,30.2,7.0,8.2,0.0,6.4,6.4,0.0,0.0,14.8,18.7,1.3,0.0,0.0,0.0,0.0,10.3,0.0,0.0,0.0,0.0,5.6,1.7,0.0,0.5
2026-08-25 19:30:00,0.0,44.5,0.0,0.5,0.0,0.0,13.0,55.9,6.3,13.3,5.0,22.3,37.6,39.9,10.0,14.4,0.0,0.3,36.1,9.7,8.2,0.0,7.7,7.7,0.0,0.0,21.3,20.0,1.0,0.0,0.0,0.0,0.0,10.0,0.0,0.0,0.0,0.0,0.0,1.6,0.0,0.7
2026-08-25 19:45:00,10.1,38.1,0.0,1.2,0.0,0.0,10.0,47.8,30.5,4.6,5.1,18.0,43.7,50.0,10.0,8.0,0.0,0.2,26.1,9.4,9.0,0.0,8.8,8.8,0.0,0.0,21.2,20.2,1.0,0.0,0.0,0.0,0.0,10.0,0.0,0.0,0.0,0.1,0.0,1.9,0.0,0.6
2026-08-25 20:00:00,1.6,1.6,0.0,1.5,0.0,0.0,2.4,57.2,31.0,0.5,14.4,10.1,98.4,20.1,15.0,7.3,0.0,8.3,36.1,84.5,9.4,0.0,22.0,21.5,0.0,0.0,0.0,4.0,4.0,0.0,0.0,0.0,0.0,9.0,0.0,0.0,0.1,0.1,6.0,2.0,0.0,0.5
2026-08-25 20:15:00,0.0,4.8,0.0,2.9,0.0,0.0,15.1,68.6,27.7,2.1,5.1,18.2,52.8,25.9,15.0,31.2,2.2,0.0,26.1,21.5,22.9,8.0,9.4,9.4,0.0,0.0,0.0,0.0,0.0,0.0,0.0,0.0,0.0,0.5,0.0,0.0,0.0,7.8,0.0,1.9,0.0,0.5
2026-08-25 20:30:00,0.0,6.8,0.0,5.9,0.0,0.0,15.0,66.5,16.5,2.1,5.0,30.1,51.4,36.7,15.0,11.1,2.4,0.0,31.0,43.3,12.6,8.0,8.9,8.9,0.0,0.0,1.7,2.8,0.0,0.0,0.0,0.0,0.0,0.0,0.0,0.0,0.1,10.0,0.0,1.9,0.0,0.5
2026-08-25 20:45:00,0.0,9.5,0.0,7.7,0.0,0.0,5.4,68.7,18.6,12.3,5.0,28.9,52.3,30.2,49.9,0.0,0.0,4.0,66.1,50.1,6.7,6.3,8.6,8.6,0.0,0.0,0.0,5.0,0.0,0.0,0.0,0.1,0.0,0.0,3.1,0.0,0.1,4.7,0.0,1.5,0.0,0.5
2026-08-25 21:00:00,0.0,8.8,0.0,8.1,0.0,0.0,10.0,19.5,13.5,29.3,5.1,57.6,60.2,136.3,5.5,27.1,62.6,0.0,50.5,15.9,9.5,6.2,8.1,8.1,0.0,0.0,0.0,1.1,0.0,0.0,0.0,0.0,0.0,0.0,3.0,0.0,0.0,0.0,0.0,1.6,2.0,0.0
2026-08-25 21:15:00,0.0,5.0,0.0,6.4,0.0,0.0,10.0,17.1,9.2,294.9,5.1,46.3,57.7,25.0,38.6,0.0,62.5,0.1,27.4,0.0,13.9,6.2,9.3,9.3,0.0,0.0,0.0,2.8,0.0,0.0,0.0,0.0,0.0,0.0,0.0,0.0,0.0,5.5,0.0,1.6,2.0,0.0
2026-08-25 21:30:00,0.0,9.3,0.0,7.5,0.0,0.0,10.0,8.0,5.5,17.2,5.1,60.0,56.1,62.1,50.5,0.0,60.0,13.9,25.5,11.9,11.3,8.7,11.5,11.5,0.0,0.0,0.0,7.8,0.0,0.0,0.0,0.0,0.0,0.1,0.0,0.0,0.4,0.6,0.0,2.0,2.0,8.6
2026-08-25 21:45:00,0.0,9.1,0.1,7.3,0.0,0.0,10.0,16.1,5.5,5.8,5.1,41.0,79.8,20.1,50.4,0.0,60.0,14.2,32.8,25.0,22.8,0.0,13.3,13.3,0.0,0.0,0.0,0.0,0.0,0.0,0.0,0.0,0.0,9.5,0.0,0.0,0.5,0.5,0.0,1.9,2.0,0.0
2026-08-25 22:00:00,0.0,0.9,0.1,0.7,0.0,0.0,10.1,1.0,5.5,36.2,5.1,58.6,61.7,110.2,0.5,8.0,2.2,20.0,45.5,28.1,21.9,12.2,15.9,15.9,0.0,0.0,0.0,1.2,0.0,0.0,0.0,24.6,0.0,1.5,3.6,0.0,0.2,0.0,0.0,1.5,1.5,0.0
2026-08-25 22:15:00,0.0,1.0,0.2,0.7,0.0,0.0,10.0,2.1,5.5,11.6,5.1,57.7,57.0,70.5,0.5,7.7,29.3,60.0,40.5,35.8,18.9,10.0,18.9,18.9,0.0,0.0,0.0,2.7,0.0,0.0,0.0,23.5,0.0,0.0,3.3,0.0,0.2,0.0,0.0,1.5,1.5,0.0
2026-08-25 22:30:00,0.0,1.6,0.2,0.0,0.0,0.0,10.0,30.4,5.5,4.3,5.1,49.0,55.9,70.4,21.1,0.0,2.5,59.0,25.5,24.1,17.9,0.0,21.1,21.1,0.0,0.0,0.0,2.7,0.0,0.0,0.0,24.4,0.0,0.0,2.9,0.0,0.3,0.0,0.0,1.4,1.5,0.1
2026-08-25 22:45:00,0.0,8.2,0.3,5.9,0.0,0.0,10.0,14.4,5.5,5.9,7.9,43.5,56.8,45.0,41.5,20.0,57.6,0.0,26.2,0.0,21.6,0.0,23.3,23.3,0.0,0.0,0.0,2.7,0.0,0.0,0.0,18.6,0.0,0.0,2.7,0.0,0.3,0.0,1.0,1.0,1.5,0.2
2026-08-25 23:00:00,0.2,0.0,0.3,0.0,0.0,0.0,0.0,3.1,5.5,9.0,5.1,14.1,54.7,41.7,23.8,0.0,22.6,5.4,25.5,0.2,16.4,0.5,24.3,24.6,0.0,0.0,0.0,2.2,0.0,0.0,0.0,16.0,0.0,0.0,2.4,0.0,0.4,0.0,1.2,1.2,2.0,0.1
2026-08-25 23:15:00,0.0,0.7,0.3,0.7,0.0,0.0,0.0,23.1,5.5,1.9,7.5,10.0,54.3,15.0,2.4,0.0,51.5,8.8,31.8,0.0,20.0,0.5,23.3,22.7,0.0,0.0,0.0,3.6,0.0,0.0,0.0,16.9,0.0,0.0,2.3,0.0,0.4,0.0,1.2,1.2,2.0,0.2
2026-08-25 23:30:00,0.0,0.8,0.4,2.1,0.0,0.0,0.0,32.6,12.2,6.1,3.1,10.0,64.6,15.0,21.9,0.0,2.4,0.0,33.3,0.0,20.1,0.5,17.4,16.7,0.0,0.0,0.0,3.6,0.0,0.0,0.0,15.2,0.0,0.0,2.3,0.0,0.5,0.0,1.2,1.2,2.0,0.2
2026-08-25 23:45:00,0.0,0.0,10.4,0.0,0.0,0.0,6.4,24.8,15.2,0.3,8.9,10.0,137.9,15.0,25.1,0.0,13.1,50.0,58.3,0.0,8.5,6.1,26.9,27.0,0.4,0.0,0.0,7.0,3.0,0.0,0.0,8.0,0.0,0.0,2.1,0.0,0.5,0.0,1.1,1.2,2.0,0.1
2026-08-26 00:00:00,0.0,8.6,0.4,9.5,0.0,0.0,1.1,5.8,13.3,15.0,34.9,19.1,57.8,62.8,18.2,0.0,0.0,10.9,53.7,6.5,8.2,4.5,4.1,4.1,0.0,0.0,0.0,5.1,5.1,0.0,0.0,0.0,0.0,0.0,0.0,0.0,2.0,0.0,0.4,0.4,0.0,0.0
2026-08-26 00:15:00,0.0,0.1,0.3,0.2,0.0,0.0,6.9,1.4,22.9,14.3,13.8,10.1,79.5,50.2,18.4,0.0,0.0,10.8,29.1,5.0,17.7,0.0,2.0,2.0,0.0,0.0,0.0,6.0,16.6,0.0,0.0,0.0,0.0,0.0,0.0,0.0,2.0,0.0,0.0,0.0,0.0,0.0
2026-08-26 00:30:00,0.0,6.3,0.3,4.9,0.0,0.0,4.6,0.0,43.4,13.3,7.2,15.1,51.8,62.0,42.5,0.0,2.3,10.0,28.7,5.6,8.7,4.5,1.8,1.8,0.0,0.0,0.0,11.8,12.7,0.0,0.0,0.0,0.0,0.0,0.0,0.0,2.0,0.0,0.0,0.0,0.0,0.0
2026-08-26 00:45:00,0.0,0.1,0.3,7.3,0.0,0.0,1.0,27.3,31.2,13.0,24.3,10.1,52.0,60.1,46.2,0.0,2.3,10.0,28.7,31.3,7.9,4.5,1.6,1.6,0.0,0.0,0.0,0.0,0.0,0.0,0.0,0.0,0.0,0.0,0.0,0.0,2.0,0.0,0.0,0.0,0.0,0.0
2026-08-26 01:00:00,0.0,3.8,0.3,6.6,0.0,0.0,11.7,10.0,56.7,23.6,38.4,10.1,121.1,30.0,40.0,5.0,2.3,10.0,22.1,5.0,17.0,0.0,1.5,1.5,0.0,0.0,0.2,0.6,0.4,0.0,0.0,0.0,0.0,0.0,0.0,0.0,0.0,0.0,0.0,0.0,0.0,0.0
2026-08-26 01:15:00,0.0,4.5,0.3,4.8,0.0,0.0,11.8,14.8,56.7,23.7,14.9,10.2,63.6,20.0,95.2,5.0,2.1,10.0,23.5,5.0,18.0,0.0,1.2,1.2,0.0,0.0,0.0,0.0,21.5,0.0,0.0,0.0,0.0,0.0,0.0,0.0,0.0,0.0,0.0,0.0,0.0,0.0
2026-08-26 01:30:00,0.0,0.7,0.3,0.1,0.0,0.0,8.8,4.1,52.2,25.1,22.5,10.1,82.1,20.0,31.9,5.0,10.4,10.0,21.5,5.0,14.9,0.0,1.2,1.2,0.0,0.0,0.0,8.5,19.1,0.0,0.0,0.0,0.0,0.0,0.0,0.0,0.8,0.0,0.0,0.0,0.0,0.0
2026-08-26 01:45:00,0.0,2.0,0.5,7.5,0.0,0.0,7.3,11.6,1.0,26.8,5.0,16.0,53.8,54.8,7.4,5.0,1.7,10.0,20.0,7.0,3.7,4.5,0.4,0.4,0.0,0.0,0.0,4.0,4.0,0.0,0.0,0.1,0.0,0.0,0.2,0.0,0.0,0.0,0.0,0.0,0.0,0.0
2026-08-26 02:00:00,0.0,3.8,0.5,7.5,0.0,0.0,10.8,9.6,17.7,18.9,22.7,15.1,44.0,35.0,59.3,5.0,5.5,0.0,23.7,5.0,17.3,0.0,0.0,0.0,0.0,0.0,1.5,2.7,1.2,0.0,0.0,0.4,0.0,0.0,0.4,0.0,0.0,0.0,0.0,0.0,0.0,0.0
2026-08-26 02:15:00,0.0,4.3,0.5,8.2,0.0,0.0,11.0,8.1,16.5,18.9,17.8,10.1,39.0,45.0,44.5,5.0,4.6,0.0,22.4,5.0,15.7,0.0,3.4,3.4,0.0,0.0,0.0,5.9,7.0,0.0,0.0,0.4,0.0,0.0,0.4,0.0,0.0,0.0,0.0,0.0,0.0,0.0
2026-08-26 02:30:00,0.0,3.5,0.4,8.0,0.0,0.0,10.7,7.1,10.5,20.4,12.3,18.1,36.9,45.0,29.0,5.0,5.4,0.0,22.4,5.0,15.0,0.0,0.8,0.8,0.0,0.0,0.0,6.0,7.0,1.0,0.0,0.3,0.0,0.0,0.3,0.0,0.0,0.0,0.0,0.0,0.0,0.0
2026-08-26 02:45:00,0.0,3.9,0.4,8.2,0.0,0.0,11.3,8.2,1.0,21.0,5.0,17.7,28.3,64.5,8.1,5.0,8.3,0.0,20.0,7.4,10.2,0.0,2.8,2.8,0.0,0.0,0.0,5.2,7.0,1.8,0.0,0.0,0.0,0.0,3.7,0.0,0.0,0.0,5.0,5.0,0.0,0.0
2026-08-26 03:00:00,0.1,0.0,0.4,0.5,0.0,0.0,8.3,11.4,15.1,18.5,19.3,10.1,97.2,25.0,55.5,5.0,10.2,0.0,24.4,5.0,17.7,0.0,1.5,1.5,0.0,0.0,0.0,6.7,8.8,1.8,0.0,0.1,0.0,0.0,0.1,0.0,0.0,0.0,0.0,0.0,0.0,0.0
2026-08-26 03:15:00,1.2,0.0,0.3,3.1,0.0,0.0,1.7,7.7,12.2,19.5,11.3,10.1,46.9,35.0,11.2,5.0,16.9,0.0,27.3,5.0,20.6,0.0,1.1,1.1,0.0,0.0,0.0,5.4,12.0,0.0,0.0,0.1,0.0,0.0,4.0,0.0,0.0,0.0,0.0,0.0,1.6,0.0
2026-08-26 03:30:00,0.0,0.0,0.3,8.1,0.0,0.0,2.5,8.2,14.3,19.0,7.5,10.1,59.7,25.0,29.2,5.0,9.1,0.0,23.1,5.0,15.9,0.0,0.0,0.0,0.0,0.0,0.0,0.0,0.0,0.0,0.0,0.2,0.0,0.0,0.2,0.0,0.0,0.0,0.0,0.0,0.0,0.0
2026-08-26 03:45:00,0.0,0.0,0.3,9.1,0.0,0.0,15.1,4.0,10.2,19.8,0.0,10.5,45.6,28.7,8.9,5.0,8.1,0.0,21.0,5.0,14.3,0.0,0.1,0.1,0.0,0.0,0.0,4.0,11.0,0.0,0.0,0.1,0.0,0.0,3.7,0.0,0.0,0.0,0.0,0.0,0.0,0.0
2026-08-26 04:00:00,0.0,0.4,0.3,9.0,0.0,0.0,0.7,10.4,12.1,14.3,9.1,10.1,51.6,40.0,19.1,15.0,7.7,0.0,22.7,5.0,16.1,0.0,10.0,10.0,0.0,0.0,0.0,4.0,16.1,0.0,0.0,0.0,0.0,0.0,0.0,0.0,0.0,0.0,0.0,0.0,0.0,0.0
2026-08-26 04:15:00,0.0,0.0,0.3,7.4,0.0,0.0,0.7,12.7,11.6,14.3,10.8,10.1,58.2,39.5,52.2,15.0,6.3,0.1,24.3,5.0,18.0,0.0,2.8,2.8,0.0,0.0,0.0,0.0,3.0,3.0,0.0,0.5,0.0,0.0,0.5,0.0,0.0,0.0,0.4,0.4,0.0,0.0
2026-08-26 04:30:00,0.0,0.8,0.3,7.9,0.0,0.0,1.2,10.3,11.9,15.4,8.7,10.1,55.4,30.0,39.3,15.0,4.3,0.0,23.2,5.0,16.4,0.0,1.0,1.0,0.0,0.0,0.0,0.0,25.0,1.3,0.0,0.8,0.0,0.0,3.8,0.0,0.0,0.0,0.0,0.0,0.0,0.0
2026-08-26 04:45:00,0.0,3.7,0.3,5.0,0.0,0.0,0.7,18.3,1.0,16.3,31.3,10.2,50.5,30.1,30.3,15.0,1.3,0.0,21.5,5.0,15.5,0.0,7.6,7.6,0.0,0.0,0.0,0.0,26.0,5.2,0.0,1.1,0.0,0.0,4.7,0.0,5.1,0.0,0.0,0.0,0.0,0.0
2026-08-26 05:00:00,0.8,0.0,0.3,1.2,0.0,0.0,36.5,0.0,15.8,11.5,20.1,10.0,91.2,40.0,51.0,0.0,6.4,0.0,24.6,5.0,17.8,1.5,20.0,20.0,0.0,0.0,0.0,0.0,6.0,0.0,0.0,2.7,0.0,0.0,0.0,0.0,2.7,0.0,0.0,0.0,0.0,0.0
2026-08-26 05:15:00,0.0,1.9,0.3,7.4,0.0,0.0,11.3,3.0,6.0,18.5,26.4,10.0,60.0,40.0,14.0,0.0,3.8,0.0,21.6,5.0,14.9,1.5,2.2,2.2,0.0,0.0,0.0,1.3,6.0,4.7,0.0,1.7,0.0,0.0,0.0,0.0,1.7,0.0,0.0,0.0,0.0,0.0
2026-08-26 05:30:00,2.8,0.0,0.3,10.0,0.0,0.0,2.8,1.9,6.0,12.8,20.0,17.8,32.2,40.0,12.9,0.0,12.7,0.0,30.0,5.4,10.6,1.5,0.0,2.8,0.0,0.0,0.0,0.0,6.0,0.0,0.0,0.0,0.0,0.0,0.0,0.0,0.0,0.0,0.0,0.0,0.3,0.3
2026-08-26 05:45:00,3.5,0.0,0.3,8.0,0.0,0.0,0.0,21.1,6.0,12.0,24.7,19.4,32.9,50.0,10.1,0.0,12.9,0.0,30.0,8.6,8.2,1.5,7.0,20.9,0.0,0.0,7.7,0.0,0.0,0.0,0.0,0.0,0.0,0.0,0.0,0.0,0.0,0.0,0.0,0.0,0.0,0.0
2026-08-26 06:00:00,2.1,0.0,0.3,8.5,0.0,0.0,0.0,24.5,0.0,13.1,19.8,10.0,51.6,35.0,13.9,5.0,2.6,0.0,26.3,30.0,13.1,0.0,20.0,20.0,0.0,0.0,0.0,0.0,2.0,2.0,0.0,0.0,0.0,0.0,0.0,0.0,0.2,2.8,0.0,0.0,0.0,0.0
2026-08-26 06:15:00,0.2,0.0,0.2,10.0,0.0,0.0,0.0,35.7,0.0,14.4,1.4,10.0,75.7,35.0,9.1,5.0,0.0,0.0,26.3,5.0,13.4,1.1,1.1,1.1,0.0,0.0,0.0,0.0,0.0,0.0,0.0,0.0,0.0,0.0,0.0,0.0,0.0,2.2,0.0,0.0,0.0,0.0
2026-08-26 06:30:00,4.8,0.0,0.1,10.0,0.0,0.0,0.0,24.3,0.0,12.6,8.8,18.4,100.1,35.0,15.9,7.0,0.0,3.0,26.3,5.0,13.6,0.0,0.0,4.8,0.0,0.0,0.0,0.0,0.0,0.0,0.0,0.0,0.0,0.0,0.0,0.0,0.7,2.2,0.0,0.0,0.0,0.0
2026-08-26 06:45:00,1.6,0.0,0.0,7.4,0.0,0.0,0.0,22.8,0.4,11.6,1.5,20.5,29.0,35.0,6.0,8.9,0.0,5.6,50.3,8.7,9.5,0.0,11.8,20.4,0.0,0.0,0.0,0.0,1.0,0.0,0.0,0.0,0.0,0.0,0.0,0.0,0.0,1.0,0.0,0.0,0.0,0.0
2026-08-26 07:00:00,1.8,0.0,0.0,10.0,0.0,0.0,0.1,25.2,2.0,31.1,12.1,10.1,23.2,31.0,8.3,21.0,0.0,1.4,25.3,9.6,10.4,1.1,0.0,1.8,0.0,0.0,0.0,0.0,0.0,0.0,0.0,0.0,0.0,0.0,0.0,0.0,0.0,0.0,0.0,0.0,0.0,0.0
2026-08-26 07:15:00,8.3,0.0,0.0,10.1,0.0,0.0,0.0,22.8,2.7,27.8,17.5,10.1,22.0,45.1,6.0,15.5,0.0,5.5,25.3,30.5,9.6,1.1,6.7,15.0,0.0,0.0,0.0,0.0,1.2,0.0,0.0,0.0,0.0,0.0,0.0,0.0,0.0,1.2,0.0,0.0,0.0,0.0
2026-08-26 07:30:00,7.8,0.1,0.0,10.1,0.0,0.0,0.0,31.6,3.3,24.7,34.8,16.2,23.6,44.5,6.0,25.3,0.0,5.3,25.3,11.4,9.6,1.1,7.3,15.0,0.0,0.0,0.0,0.0,1.0,0.0,0.0,0.0,0.0,0.0,0.0,0.0,0.0,1.0,0.0,0.0,0.0,0.0
2026-08-26 07:45:00,4.0,0.1,0.0,4.5,0.0,0.0,0.0,17.3,4.5,21.3,14.8,10.1,22.0,80.0,6.0,88.3,0.0,5.2,25.3,12.3,9.2,5.1,15.6,15.0,0.0,0.0,0.0,0.0,9.0,0.0,0.0,0.0,5.3,0.0,0.0,0.0,3.7,0.0,0.0,0.0,0.0,0.0
2026-08-26 08:00:00,8.5,0.1,0.0,0.6,0.0,0.0,10.3,37.4,7.5,25.3,21.8,10.8,29.0,69.9,1.0,19.4,0.0,2.2,50.3,11.5,12.2,1.5,3.2,15.0,0.0,0.0,0.2,0.2,0.0,0.0,0.0,0.0,0.0,0.0,0.0,0.0,0.0,0.0,0.4,0.4,0.0,0.0
2026-08-26 08:15:00,3.7,0.1,0.5,7.5,0.0,0.0,10.0,29.0,12.5,25.3,25.0,18.4,32.9,67.4,6.0,10.7,0.0,5.1,25.3,9.0,15.1,1.6,5.9,15.0,0.0,0.0,2.2,0.0,4.2,0.0,0.0,0.0,0.0,0.0,0.0,0.0,0.0,0.0,10.3,0.0,0.0,0.0
2026-08-26 08:30:00,0.0,0.0,1.6,4.7,0.0,0.0,10.1,28.3,15.9,20.8,19.6,10.2,50.8,50.0,6.0,9.8,0.0,3.2,25.3,6.9,17.1,1.6,4.2,15.0,0.0,0.0,0.0,0.0,1.0,0.0,0.0,0.0,0.0,0.0,0.0,0.0,0.0,0.0,9.8,0.0,3.1,0.0
2026-08-26 08:45:00,0.1,0.0,0.6,6.3,0.0,0.0,0.0,29.1,17.8,30.5,22.8,10.1,35.0,93.6,6.0,76.2,0.0,4.2,15.3,59.9,8.4,31.6,3.3,15.0,0.0,0.0,0.0,0.0,2.0,0.0,0.0,0.0,0.0,0.0,0.0,0.0,0.0,0.3,9.9,0.0,5.7,0.0
2026-08-26 09:00:00,5.7,0.0,0.0,0.1,0.0,0.0,0.0,17.6,18.7,21.7,15.0,30.3,19.0,141.1,9.8,71.8,10.1,0.0,15.3,34.9,5.1,16.7,16.6,35.1,0.0,0.0,0.0,0.0,1.0,0.0,0.0,0.0,0.0,0.0,0.0,0.0,0.0,0.0,5.7,0.0,0.0,10.6
2026-08-26 09:15:00,0.0,0.0,0.0,10.1,0.0,0.0,0.5,9.4,19.7,11.6,15.0,24.9,20.1,27.2,14.4,5.0,17.9,0.0,15.7,12.6,16.7,1.9,5.1,5.8,0.0,0.0,0.0,0.0,2.0,0.0,0.0,0.0,0.0,0.0,0.0,0.0,0.0,0.0,1.0,0.0,6.8,0.0
2026-08-26 09:30:00,0.0,2.8,0.0,10.1,0.0,0.0,8.9,9.6,22.9,12.7,25.0,21.7,22.0,22.9,13.4,5.0,29.5,0.0,15.7,7.4,16.6,1.9,12.0,0.1,0.0,0.0,0.0,10.5,6.0,0.0,0.0,0.0,0.0,0.0,0.0,0.0,0.0,0.0,1.0,0.0,0.0,0.0
2026-08-26 09:45:00,0.0,9.2,0.0,10.1,0.0,0.0,16.0,20.6,29.2,13.2,20.0,26.4,25.0,40.3,6.6,5.0,22.4,0.0,15.3,32.1,5.6,4.2,20.0,8.1,0.0,0.0,0.0,0.0,7.0,0.0,0.0,0.0,0.0,0.0,4.9,0.0,0.0,0.0,0.0,0.3,8.0,0.3
2026-08-26 10:00:00,0.0,9.6,0.0,10.1,0.0,0.0,9.2,23.3,37.0,15.7,20.0,26.5,19.0,73.3,4.0,55.2,0.0,10.0,40.0,23.3,21.6,12.3,0.0,65.5,0.0,0.0,0.0,25.7,41.0,2.0,0.0,0.0,0.0,0.0,0.0,0.0,0.0,0.0,0.0,12.6,0.0,0.4
2026-08-26 10:15:00,0.0,10.6,0.0,10.1,0.0,0.0,28.9,21.3,46.3,8.4,7.2,21.0,30.4,30.0,11.4,21.0,29.8,10.0,18.4,5.0,14.7,3.0,0.0,52.0,0.0,0.0,0.0,11.1,22.0,0.0,0.0,0.0,0.0,0.0,0.0,0.0,0.0,0.0,0.0,25.1,0.0,25.8
2026-08-26 10:30:00,0.0,6.9,0.0,10.1,0.0,0.0,8.6,26.8,58.4,9.9,0.0,37.8,33.2,31.7,8.0,26.8,16.7,10.0,17.4,5.0,21.4,3.0,6.9,0.0,0.0,0.0,0.0,8.7,22.0,0.0,0.0,0.0,0.0,0.0,0.0,0.0,0.0,0.0,0.0,0.0,0.0,13.6
2026-08-26 10:45:00,0.0,8.5,0.0,10.2,0.0,0.0,20.6,34.2,72.9,10.6,0.1,25.2,28.1,30.0,4.0,22.3,6.4,10.0,17.2,42.0,13.1,9.2,5.5,0.0,0.0,0.0,0.0,0.9,10.2,0.0,0.0,0.0,0.0,0.0,0.0,0.0,0.0,0.0,3.1,0.0,0.0,11.7
2026-08-26 11:00:00,0.0,1.0,0.0,10.2,0.0,0.0,11.2,45.8,111.2,0.0,17.3,10.3,20.1,40.0,4.0,21.5,16.6,10.0,15.0,5.2,20.0,5.1,9.5,0.0,0.0,0.0,0.0,28.9,9.7,0.0,0.0,0.0,0.0,0.0,0.0,0.0,0.0,0.0,0.0,0.0,0.0,0.0
2026-08-26 11:15:00,0.0,2.7,0.0,10.1,0.0,0.0,0.0,49.2,111.9,0.0,2.2,33.0,22.2,40.0,4.0,39.0,28.5,10.0,15.0,19.3,19.1,5.1,5.2,0.0,0.0,0.0,0.0,48.2,9.9,0.0,0.0,0.0,0.0,0.0,0.0,0.0,0.0,0.0,0.0,0.3,7.9,0.0
2026-08-26 11:30:00,0.0,1.2,1.0,10.1,0.0,0.0,8.0,57.4,121.3,10.5,15.0,12.0,21.4,40.0,8.0,52.2,24.6,10.0,15.0,10.2,30.0,5.1,6.0,0.0,0.0,0.0,0.0,6.0,9.9,0.0,0.0,0.0,0.0,0.0,0.0,0.0,0.0,1.2,0.0,0.2,1.7,0.0
2026-08-26 11:45:00,4.5,1.3,1.0,9.9,0.0,0.0,11.8,49.8,115.3,31.1,10.0,78.2,86.0,30.1,4.0,24.9,22.2,10.0,37.4,9.0,22.8,5.1,6.0,0.0,0.0,0.0,0.0,0.0,9.8,0.0,0.0,0.0,0.0,0.0,0.0,0.0,0.0,0.0,0.0,0.3,0.0,0.0
2026-08-26 12:00:00,0.0,5.9,0.0,10.1,0.0,0.0,0.0,18.7,119.4,1.0,35.0,18.7,24.8,40.1,8.0,41.3,3.2,10.0,0.0,9.9,18.8,3.2,0.0,2.7,0.0,0.0,0.0,0.0,5.3,0.0,0.0,0.0,0.0,0.0,0.0,0.0,0.0,7.0,0.0,0.4,0.0,1.1
2026-08-26 12:15:00,0.0,1.3,0.0,9.8,0.0,0.0,10.6,36.7,117.5,1.0,37.6,30.0,35.4,40.0,4.0,28.8,3.0,10.0,1.4,9.0,19.3,3.2,0.0,13.4,0.0,0.0,0.0,0.0,4.6,0.0,0.0,0.0,0.0,0.0,0.0,0.0,0.0,7.0,0.0,0.4,0.0,0.9
2026-08-26 12:30:00,2.4,1.3,0.0,0.1,0.0,0.0,10.3,41.6,107.1,54.5,30.0,58.1,71.7,30.0,8.0,25.2,3.0,10.0,6.3,9.0,22.7,3.2,0.4,0.0,0.0,0.0,0.0,0.0,4.6,0.0,0.0,0.0,0.0,0.0,0.0,0.0,0.0,6.0,0.0,0.3,0.0,0.8
2026-08-26 12:45:00,2.2,1.3,0.0,0.1,0.0,0.0,0.0,28.1,111.6,13.3,35.0,29.5,78.3,30.0,4.0,30.5,0.0,10.0,7.9,5.0,17.8,7.7,8.2,0.0,0.0,0.0,0.0,0.0,4.6,0.0,0.0,0.0,0.0,0.0,0.0,0.0,0.0,6.0,0.0,0.4,0.0,1.0
2026-08-26 13:00:00,0.0,3.3,0.0,36.4,0.0,0.0,3.5,51.1,116.2,12.9,57.6,11.2,25.1,128.1,46.6,82.5,13.6,10.0,0.0,21.2,14.0,2.8,0.0,22.2,0.0,0.0,0.0,0.0,4.6,0.0,0.0,0.0,0.0,0.0,0.0,0.0,0.0,9.0,0.1,0.2,0.0,11.3
2026-08-26 13:15:00,0.0,1.3,0.0,36.7,0.0,0.0,0.3,27.9,117.0,12.3,48.7,21.6,26.0,101.3,4.0,51.8,0.0,11.3,0.0,36.3,11.7,2.8,0.1,21.8,0.0,2.0,3.0,1.0,4.5,0.0,0.0,0.0,0.0,0.0,0.0,0.0,0.0,9.0,0.0,0.4,0.0,1.2
2026-08-26 13:30:00,0.0,1.9,0.0,36.4,0.0,0.0,10.7,28.0,115.6,19.1,67.6,10.2,37.9,65.9,8.0,24.2,1.5,10.0,0.3,36.7,11.3,2.8,0.0,3.7,0.0,0.0,0.0,0.0,4.5,0.0,0.0,0.0,0.0,0.0,0.0,0.0,0.0,9.0,0.0,0.5,0.0,1.3
2026-08-26 13:45:00,0.0,1.1,0.0,38.7,0.0,0.0,15.2,16.0,107.8,58.1,62.6,46.9,53.5,65.8,16.3,22.9,2.3,10.0,3.7,24.0,14.2,2.8,0.0,1.7,0.0,0.0,0.0,0.0,4.5,0.0,0.0,0.0,0.0,0.0,0.0,0.0,0.0,9.0,0.0,0.5,0.0,1.1
2026-08-26 14:00:00,0.0,6.4,0.0,38.3,0.0,0.0,14.2,24.8,127.8,1.0,29.4,10.0,27.1,50.1,4.0,17.9,19.1,10.0,0.0,49.1,2.1,19.9,5.0,4.1,0.0,0.0,2.0,2.0,9.8,0.0,0.0,17.9,0.0,0.0,5.1,0.0,0.0,8.0,0.0,0.1,0.0,1.1
2026-08-26 14:15:00,0.2,0.9,0.0,24.6,0.0,0.0,1.3,40.8,115.5,36.5,15.4,40.4,62.1,50.1,4.0,13.0,15.9,10.0,6.2,24.0,8.7,7.9,22.9,0.8,0.0,0.0,1.0,1.0,10.4,0.0,0.0,20.0,0.0,0.0,3.0,0.0,0.0,8.0,0.0,0.3,0.0,1.0
2026-08-26 14:30:00,0.0,0.8,0.0,24.4,0.0,0.0,2.2,38.2,111.5,33.5,5.0,26.9,50.6,40.0,8.0,13.5,4.6,10.0,4.9,24.0,7.0,7.9,0.0,1.1,0.0,0.0,0.0,0.0,9.9,0.0,0.0,0.0,0.0,0.0,0.0,0.0,0.0,8.0,0.0,0.2,0.0,1.0
2026-08-26 14:45:00,0.0,0.7,0.0,19.4,0.0,0.0,14.0,39.1,107.8,43.5,5.0,24.3,43.2,50.0,8.0,11.3,16.4,10.0,27.7,24.0,4.0,7.9,0.0,1.3,0.0,0.0,0.0,0.0,9.7,0.0,0.0,0.0,0.0,0.0,0.0,0.0,0.0,7.1,0.0,0.0,0.0,0.9
2026-08-26 15:00:00,0.0,3.3,0.0,24.4,0.0,0.0,6.5,22.3,91.7,21.1,20.0,16.3,56.5,30.0,20.1,21.0,9.8,10.0,43.3,34.0,5.8,8.3,0.0,1.6,0.0,0.0,0.0,0.0,10.3,0.0,0.0,0.0,0.0,0.0,0.0,0.0,0.0,3.0,0.0,0.1,0.0,0.5
2026-08-26 15:15:00,0.0,0.6,0.0,21.5,0.0,0.0,15.1,25.7,83.3,16.6,5.0,13.5,63.4,30.0,8.0,27.3,3.9,10.0,46.7,5.0,5.1,17.4,0.0,0.2,0.0,0.0,0.0,0.0,10.2,0.0,0.0,0.0,0.0,0.0,0.0,0.0,0.0,2.2,0.0,0.1,0.0,0.5
2026-08-26 15:30:00,0.0,1.6,0.0,24.0,0.0,0.0,10.7,20.1,68.2,17.4,29.1,22.5,52.9,40.0,9.1,25.7,20.9,10.0,58.7,5.0,2.3,18.5,0.0,0.6,0.0,0.0,2.8,2.8,10.3,0.0,0.0,0.0,0.0,0.0,0.0,0.0,0.0,2.3,0.0,0.1,0.0,0.6
2026-08-26 15:45:00,0.0,1.9,0.0,24.1,0.0,0.0,31.2,14.0,46.1,2.3,35.5,10.0,33.7,40.1,6.0,27.4,0.0,18.5,60.5,5.0,0.0,15.8,0.0,1.8,0.0,0.0,88.9,0.0,10.2,0.0,0.0,0.0,0.0,0.0,0.0,0.0,0.0,2.1,0.0,0.0,0.0,0.3
2026-08-26 16:00:00,0.0,6.0,0.3,34.4,0.0,0.0,16.3,14.3,19.3,20.1,22.4,10.1,25.4,30.0,0.0,33.3,5.7,10.0,55.5,5.0,10.0,18.3,10.0,3.9,0.0,0.0,0.0,0.0,6.0,4.0,0.0,0.0,0.0,0.0,0.0,0.0,0.0,0.1,0.0,0.0,0.0,0.4
2026-08-26 16:15:00,0.0,0.9,0.9,20.6,0.0,0.0,28.2,15.0,0.0,16.1,24.6,10.1,43.5,30.0,37.8,25.6,12.3,10.0,83.1,5.0,11.1,15.1,1.8,0.3,0.0,0.0,43.4,0.0,11.9,0.0,0.0,0.0,0.0,0.0,0.0,0.0,0.0,0.7,0.0,0.0,0.0,0.3
2026-08-26 16:30:00,0.0,0.3,0.3,18.5,0.0,0.0,25.8,13.8,13.3,22.8,14.0,15.1,37.8,30.1,37.5,29.0,6.6,10.0,100.4,5.0,14.7,11.2,0.0,2.8,0.0,0.0,2.6,0.0,4.0,0.0,0.0,0.0,0.0,0.0,0.0,0.0,0.0,0.7,3.8,0.0,0.0,0.2
2026-08-26 16:45:00,0.0,0.3,0.0,16.2,0.0,0.0,39.6,13.6,18.1,31.3,5.8,10.9,19.0,36.7,0.0,31.7,2.5,10.0,79.6,5.0,25.0,15.4,0.0,13.9,0.0,0.0,0.0,15.2,4.0,0.0,0.0,0.0,0.0,0.0,0.0,0.0,0.0,0.8,0.0,0.0,0.0,0.3
2026-08-26 17:00:00,0.0,3.0,0.1,8.7,0.0,0.0,16.4,15.0,1.7,36.5,9.3,10.1,46.3,30.1,74.3,22.8,3.1,10.0,106.9,30.0,27.0,6.3,10.0,2.8,0.0,0.0,8.8,0.0,0.0,0.0,0.0,0.0,0.0,18.8,0.0,0.0,0.0,1.0,0.0,0.0,8.0,0.4
2026-08-26 17:15:00,1.8,0.2,0.0,8.7,0.0,0.0,21.4,14.0,0.0,42.0,25.3,25.7,33.9,30.1,27.8,33.8,0.1,11.9,81.0,5.0,14.6,5.2,0.0,0.8,0.0,0.0,9.7,0.0,0.0,0.0,0.0,0.0,0.0,17.9,0.0,0.0,0.0,0.2,1.0,0.0,0.0,0.3
2026-08-26 17:30:00,4.0,0.1,0.0,8.2,0.0,0.0,24.4,19.0,0.0,48.9,25.4,10.1,29.7,34.8,5.0,31.0,0.0,12.9,76.4,5.0,24.1,5.2,0.1,15.4,0.0,0.0,0.0,0.0,9.7,0.0,0.0,3.0,0.0,0.0,5.1,0.0,1.7,0.0,4.8,0.0,0.0,0.3
2026-08-26 17:45:00,0.0,0.1,0.0,8.6,0.0,0.0,17.3,8.9,8.9,46.9,25.2,31.1,47.0,33.3,28.2,21.4,2.7,12.9,116.0,5.7,42.0,5.2,0.0,31.0,0.0,0.0,42.2,11.0,13.4,0.0,0.0,2.0,0.0,0.0,5.2,0.0,1.5,0.0,0.0,0.1,0.0,0.0
2026-08-26 18:00:00,1.2,0.0,0.0,0.0,0.0,0.0,14.0,13.9,0.7,38.0,0.7,25.5,107.9,50.0,11.6,8.6,5.6,10.0,120.8,5.0,30.1,5.0,0.0,16.7,0.0,0.0,14.5,0.0,0.0,0.0,0.0,2.0,25.0,6.8,0.0,0.0,0.9,0.0,1.0,0.0,6.7,0.0
2026-08-26 18:15:00,2.3,0.0,0.0,0.0,0.0,0.0,5.6,14.0,0.0,33.9,5.2,25.1,37.7,50.0,11.0,12.2,9.2,10.0,112.4,5.0,13.3,5.0,3.4,18.7,0.0,0.0,10.2,0.0,5.9,0.0,0.0,2.0,2.9,0.0,5.0,0.0,0.8,0.0,2.8,0.0,0.0,0.4
2026-08-26 18:30:00,1.8,0.0,0.8,0.0,0.0,0.0,10.4,14.1,0.0,25.3,5.2,13.8,34.7,55.6,11.0,13.8,0.0,16.2,109.6,5.6,17.8,5.0,4.6,21.1,1.0,0.0,4.8,0.0,0.0,0.0,0.0,0.0,0.0,1.4,0.0,0.0,1.7,0.0,8.9,0.0,0.0,0.3
2026-08-26 18:45:00,1.7,0.0,0.2,0.3,0.0,0.0,11.0,13.9,0.0,15.7,25.2,22.1,44.0,52.4,22.1,12.0,0.0,10.2,96.4,5.5,21.7,5.0,18.7,31.6,1.0,0.0,0.0,0.0,0.0,0.0,0.0,0.0,0.0,0.0,0.0,0.0,1.8,0.0,6.8,0.0,0.0,0.0
2026-08-26 19:00:00,0.9,0.0,0.1,0.0,0.0,0.0,0.4,23.1,13.9,10.2,12.8,10.1,123.0,50.0,40.5,4.7,0.0,10.2,80.2,5.0,16.2,5.0,0.5,26.1,1.0,0.0,23.3,0.0,0.0,0.0,0.0,2.0,28.2,19.1,0.0,0.0,2.1,0.0,0.4,0.0,5.4,0.0
2026-08-26 19:15:00,4.5,0.0,0.2,0.0,0.0,0.0,0.0,29.7,7.1,5.1,37.6,10.1,73.0,52.8,33.8,7.3,4.2,10.4,68.8,5.0,19.5,5.0,4.4,24.7,0.0,0.0,0.0,0.0,0.0,0.0,0.0,0.0,19.1,19.1,0.0,0.0,0.0,0.0,0.0,0.0,0.0,0.0
2026-08-26 19:30:00,0.7,0.0,1.1,0.0,0.0,0.0,10.4,14.1,2.1,5.1,26.4,16.9,70.6,56.9,20.0,12.1,0.0,12.6,52.5,5.5,21.3,5.7,7.0,7.7,0.0,0.0,0.0,0.0,0.0,0.0,0.0,0.0,4.0,4.3,0.0,0.0,0.3,0.0,0.0,1.1,0.0,0.0
2026-08-26 19:45:00,0.1,0.0,0.3,0.0,0.0,0.0,12.7,11.4,2.3,3.3,30.4,10.1,77.4,50.0,19.3,5.0,0.0,10.8,77.6,5.0,34.3,5.0,6.4,6.5,0.0,0.0,1.1,0.0,0.0,0.0,0.0,0.0,0.0,4.3,0.0,0.0,0.5,0.0,0.0,1.1,0.0,0.0
2026-08-26 20:00:00,0.1,0.0,0.9,0.0,0.0,0.0,1.9,35.4,0.8,7.8,25.6,21.9,75.6,52.8,10.2,9.0,0.0,11.8,37.6,55.0,10.8,13.0,11.3,21.7,0.0,0.0,0.0,0.0,0.0,0.0,0.0,0.0,19.1,19.1,4.4,0.0,0.6,0.0,0.0,1.0,0.0,0.0
2026-08-26 20:15:00,0.1,0.0,0.4,0.0,0.0,0.0,0.0,25.5,0.0,7.3,10.0,19.8,89.3,38.2,16.4,5.0,0.0,11.8,19.7,30.0,12.9,5.0,2.2,2.3,0.0,0.0,0.0,0.0,4.0,0.0,0.0,0.0,15.7,19.1,0.0,0.0,0.1,0.7,0.8,0.8,0.0,0.0
2026-08-26 20:30:00,0.2,0.0,1.7,0.0,0.0,0.0,1.8,30.8,15.0,6.3,0.7,51.5,230.5,35.1,53.8,5.0,1.7,11.8,23.9,25.4,27.2,5.0,1.1,1.3,0.0,0.0,0.0,0.0,0.0,0.0,0.0,0.0,19.1,19.1,0.0,0.0,0.0,0.0,0.0,2.0,5.6,0.0
2026-08-26 20:45:00,0.1,5.9,2.3,0.0,0.0,0.0,3.0,1.0,36.1,6.0,11.7,30.0,316.8,35.0,139.7,5.0,1.3,10.0,88.0,5.0,55.9,5.0,20.0,14.2,0.0,0.0,0.0,0.0,0.0,0.0,0.0,0.0,19.1,19.1,0.0,0.0,0.7,3.0,4.9,3.0,6.6,0.0
2026-08-26 21:00:00,1.3,0.0,0.6,0.0,0.0,0.0,10.9,3.9,1.0,4.9,0.1,29.8,55.0,102.4,19.0,9.0,1.2,12.7,15.7,23.8,14.2,19.6,14.9,16.2,0.0,0.0,0.0,0.0,6.0,0.0,0.0,0.0,18.1,19.1,5.2,0.0,0.0,5.0,1.6,1.8,0.0,0.0
2026-08-26 21:15:00,0.1,0.1,0.2,0.0,0.0,0.0,11.4,12.4,22.3,2.4,10.5,10.1,51.9,40.0,46.8,0.1,1.1,10.0,15.3,5.8,12.5,5.0,0.0,0.0,0.0,0.0,0.0,0.0,6.0,0.0,0.0,0.0,21.1,19.1,5.2,0.0,0.0,8.0,2.4,2.4,0.0,0.0
2026-08-26 21:30:00,0.1,0.1,0.4,0.0,0.0,0.0,7.1,1.1,20.5,4.4,27.7,10.1,62.4,40.0,29.9,0.0,1.0,10.0,15.3,6.9,12.1,5.0,4.2,4.2,0.0,0.0,0.0,0.0,0.0,0.0,0.0,0.0,19.1,19.1,0.0,0.0,0.0,0.0,2.8,2.8,0.0,0.0
2026-08-26 21:45:00,0.1,2.9,1.0,0.0,0.0,0.0,17.3,15.3,18.6,2.6,19.2,10.1,59.8,40.0,31.2,0.0,2.8,10.0,10.7,5.0,13.0,5.0,17.9,15.1,0.0,0.0,0.0,0.0,0.0,0.0,0.0,0.0,19.1,19.1,0.0,0.0,0.1,0.1,0.0,5.2,0.0,0.0
2026-08-26 22:00:00,2.0,0.0,25.4,0.0,0.0,0.0,10.3,21.0,3.4,1.0,30.3,10.0,72.3,40.1,13.0,6.6,10.1,10.0,48.2,5.0,31.0,0.0,19.0,33.3,0.0,0.0,0.0,0.0,8.0,0.0,0.0,0.0,0.0,8.4,0.4,0.0,0.4,0.0,2.4,2.4,0.0,0.0
2026-08-26 22:15:00,1.9,0.0,25.7,0.0,0.0,0.0,10.6,32.9,1.0,2.5,22.4,10.0,70.0,40.5,17.0,5.2,9.0,12.1,40.3,5.0,16.6,0.0,9.7,13.2,0.0,0.0,0.0,0.0,0.0,0.0,0.0,0.0,11.0,11.0,0.0,0.0,0.1,0.1,2.4,2.4,0.0,0.0
2026-08-26 22:30:00,1.8,0.0,25.2,0.0,0.0,0.0,13.3,19.1,1.0,6.1,22.9,10.0,59.7,40.0,11.0,3.0,5.7,10.0,35.6,5.3,11.8,0.0,10.1,11.9,0.0,0.0,0.0,0.0,0.0,0.0,0.0,0.0,0.0,0.0,0.0,0.0,0.2,0.2,2.4,2.4,0.0,0.0
2026-08-26 22:45:00,0.0,2.9,25.2,0.0,0.0,0.0,1.5,19.7,3.6,1.0,28.2,10.0,59.7,40.0,11.3,0.0,2.7,10.8,32.7,5.3,14.6,0.0,20.0,17.1,0.0,0.0,0.0,0.0,1.0,0.0,0.0,0.0,0.0,6.2,0.0,0.0,10.0,0.0,2.8,2.8,0.0,0.0
2026-08-26 23:00:00,0.5,0.0,0.2,0.0,0.0,0.0,8.9,7.3,1.0,4.2,35.5,10.1,62.3,40.0,47.1,0.0,2.7,12.0,55.0,15.0,19.8,0.6,8.8,8.8,0.0,0.0,0.0,1.0,1.0,0.0,0.0,0.0,0.0,0.0,0.0,0.0,0.2,0.2,2.8,2.8,0.0,0.0
2026-08-26 23:15:00,0.0,0.0,0.2,0.0,0.0,0.0,3.0,2.0,10.6,9.7,16.8,10.1,58.0,40.0,14.0,2.3,9.1,12.0,39.1,5.0,19.5,0.6,11.8,17.1,0.0,0.0,0.0,1.0,1.0,0.0,0.0,0.0,0.0,0.0,0.0,0.0,0.3,0.3,2.8,2.8,0.0,0.0
2026-08-26 23:30:00,1.4,0.0,0.2,4.0,0.0,0.0,16.0,8.0,1.0,9.5,3.0,10.1,67.3,41.0,14.0,15.3,0.0,12.0,35.5,16.2,15.0,0.6,7.0,25.3,0.0,0.0,0.0,2.0,2.0,0.0,0.0,0.0,0.0,0.0,0.0,0.0,0.0,0.0,2.4,0.0,0.0,0.0
2026-08-26 23:45:00,0.0,0.2,0.2,0.0,0.0,0.0,9.3,5.3,22.3,6.7,17.1,10.1,202.9,40.1,9.8,5.7,16.0,10.0,52.5,5.0,15.6,0.6,2.3,2.3,0.0,0.0,0.0,8.6,3.0,0.0,0.0,4.0,0.0,0.0,0.0,0.0,11.9,0.0,2.8,2.8,0.0,0.0
