date,EE,LT,LV,AT,BE,FR,GER,NL,PL,DK1,DK2,FI,NO1,NO2,NO3,NO4,NO5,SE1,SE2,SE3,SE4,SYS
2026-08-12 00:00:00,5.75,164.49,164.49,171.72,163.33,163.92,163.11,163.03,163.3,162.86,162.81,2.98,133.73,151.48,71.62,0.91,110.61,2.89,3.01,97.77,163.29,69.99
2026-08-12 00:15:00,2.98,159.6,159.6,162.73,159.13,159.39,159.03,159.0,159.06,158.92,158.9,2.98,133.37,151.13,71.52,0.91,110.39,2.9,3.01,94.9,158.43,62.61
2026-08-12 00:30:00,2.82,153.99,153.99,153.99,153.99,153.99,153.99,153.99,153.99,153.99,154.0,2.82,132.18,149.35,71.13,0.9,110.15,2.74,2.85,91.55,152.87,35.79
2026-08-12 00:45:00,2.51,145.0,145.0,145.0,145.0,145.0,145.0,145.0,145.0,145.0,145.01,2.51,127.52,141.37,69.79,0.91,110.01,2.44,2.54,86.11,143.92,13.94
2026-08-12 01:00:00,2.82,154.42,154.42,154.42,154.42,154.42,154.42,154.42,154.42,154.42,154.43,2.82,131.64,148.47,70.95,0.91,110.2,2.74,2.87,92.53,153.29,54.57
2026-08-12 01:15:00,2.82,149.9,149.9,149.9,149.9,149.9,149.9,149.9,149.9,149.9,149.91,2.82,129.66,145.11,70.45,0.91,110.1,2.74,2.87,89.85,148.8,47.6
2026-08-12 01:30:00,2.77,149.42,149.42,147.87,147.87,147.87,147.87,147.87,147.87,147.87,147.87,2.77,128.56,143.13,70.15,0.9,110.13,2.7,2.82,89.54,148.32,33.19
2026-08-12 01:45:00,2.8,146.26,146.26,145.83,145.83,145.83,145.83,145.83,145.83,145.83,145.84,2.8,127.38,141.15,69.87,0.9,110.07,2.73,2.85,87.68,145.17,27.34
2026-08-12 02:00:00,2.47,145.09,145.09,145.09,145.09,145.09,145.09,145.09,145.09,145.09,145.1,2.47,126.89,140.44,69.57,0.89,110.02,2.4,2.53,87.15,144.01,35.42
2026-08-12 02:15:00,2.86,142.8,142.8,142.39,142.39,142.39,142.39,142.39,142.39,142.39,142.4,2.86,125.39,137.82,69.39,0.9,110.01,2.79,2.92,85.94,141.74,32.22
2026-08-12 02:30:00,2.86,142.86,142.86,142.86,142.86,142.86,142.86,142.86,142.86,142.86,142.87,2.86,125.65,138.28,69.45,0.9,110.01,2.79,2.92,85.98,141.8,34.78
2026-08-12 02:45:00,2.94,144.38,144.38,142.86,142.86,142.86,142.86,142.86,142.86,142.86,142.87,2.94,125.67,138.27,69.48,0.91,110.01,2.88,3.01,86.91,143.3,37.14
2026-08-12 03:00:00,2.81,139.14,139.14,139.14,139.14,139.14,139.14,139.14,139.14,139.14,139.15,2.81,123.47,134.66,68.89,0.93,109.93,2.75,2.88,84.06,138.11,23.83
2026-08-12 03:15:00,3.0,139.19,139.19,139.19,139.19,139.19,139.19,139.19,139.19,139.19,139.2,3.0,123.5,134.71,68.99,0.94,109.94,2.93,3.07,84.16,138.16,29.66
2026-08-12 03:30:00,3.68,141.15,141.15,139.99,139.99,139.99,139.99,139.99,139.99,139.99,140.0,3.68,123.97,135.49,69.43,0.94,109.95,3.62,3.77,85.62,140.11,35.95
2026-08-12 03:45:00,3.88,141.42,141.42,140.69,140.69,140.69,140.69,140.69,140.69,140.69,139.95,3.88,124.36,136.17,69.63,0.94,109.95,3.82,3.97,85.86,140.38,49.99
2026-08-12 04:00:00,3.94,137.05,137.05,137.05,137.05,137.05,137.05,137.05,137.05,137.05,137.81,3.94,122.3,132.62,69.2,0.94,110.0,3.88,4.01,83.23,136.03,25.0
2026-08-12 04:15:00,4.02,139.11,139.11,139.11,139.11,139.11,139.11,139.11,139.11,139.11,139.12,4.02,123.46,134.62,69.55,0.94,110.05,3.97,4.1,84.49,138.08,29.68
2026-08-12 04:30:00,4.93,139.52,139.52,139.15,139.15,139.15,139.15,139.15,139.15,139.15,139.16,4.93,123.5,134.66,70.0,0.95,110.05,4.88,5.03,85.12,138.49,45.22
2026-08-12 04:45:00,5.07,145.78,145.78,144.29,144.29,144.29,144.29,144.29,144.29,144.29,144.3,5.07,126.17,139.25,70.71,0.96,110.08,5.01,5.17,88.92,144.72,66.09
2026-08-12 05:00:00,5.44,144.62,144.62,144.62,144.62,144.62,144.62,144.62,144.62,144.62,144.63,5.44,126.69,140.43,71.02,1.0,110.0,5.39,5.55,87.22,143.58,26.74
2026-08-12 05:15:00,9.99,149.42,149.42,149.01,149.01,149.01,149.01,149.01,149.01,149.01,149.02,9.99,128.96,144.32,73.83,1.06,110.0,9.95,10.18,91.99,148.41,56.1
2026-08-12 05:30:00,14.72,159.83,159.83,158.36,158.36,158.36,158.36,158.36,158.36,158.36,158.37,14.72,132.11,149.66,76.88,1.12,110.0,14.68,15.0,100.14,158.79,75.0
2026-08-12 05:45:00,20.9,162.01,162.01,162.01,162.01,162.01,162.01,162.01,162.01,162.01,162.02,20.9,133.22,150.55,80.11,1.42,111.3,20.91,20.99,104.53,160.93,95.49
2026-08-12 06:00:00,11.66,157.96,157.96,168.49,160.3,153.01,171.5,168.44,170.02,171.29,171.18,11.66,133.32,152.57,62.75,2.1,110.91,11.65,6.92,97.45,156.37,95.31
2026-08-12 06:15:00,20.73,166.81,166.81,172.02,163.92,156.71,175.0,171.97,173.53,174.8,174.68,20.73,134.19,153.0,74.83,2.16,111.12,20.73,18.82,106.36,165.51,102.69
2026-08-12 06:30:00,26.67,160.84,160.84,171.45,168.57,165.52,172.64,171.55,172.06,172.58,172.53,26.67,135.4,153.41,83.1,2.24,113.08,26.67,26.39,105.32,159.82,105.68
2026-08-12 06:45:00,40.09,159.28,159.28,168.01,163.96,154.0,171.16,169.44,169.63,171.25,170.98,40.09,135.59,153.69,84.96,2.29,113.46,40.08,38.13,110.0,158.29,108.61
2026-08-12 07:00:00,24.91,176.92,176.92,181.5,181.5,181.5,181.5,181.5,181.5,181.5,181.51,24.91,137.35,157.21,66.74,2.29,114.14,24.9,18.82,111.11,175.09,111.11
2026-08-12 07:15:00,29.43,171.5,171.5,171.5,171.5,171.5,171.5,171.5,171.5,171.5,171.51,29.43,138.09,157.56,76.84,2.29,114.74,29.43,26.09,109.99,170.05,112.19
2026-08-12 07:30:00,31.65,165.85,165.85,165.85,165.85,165.85,165.85,165.85,165.85,165.85,165.86,31.65,137.82,156.7,82.41,2.31,114.84,31.65,29.95,108.68,166.27,112.32
2026-08-12 07:45:00,37.98,151.32,151.32,151.32,151.32,151.32,151.32,151.32,151.32,151.32,151.33,37.98,134.88,151.98,85.18,2.34,114.4,37.98,36.47,103.01,151.66,108.31
2026-08-12 08:00:00,36.96,175.49,175.49,175.49,175.49,175.49,175.49,175.49,175.49,175.49,175.51,36.96,138.98,156.13,72.51,2.54,119.27,36.97,30.37,116.0,173.78,114.21
2026-08-12 08:15:00,30.3,160.13,160.13,160.13,160.13,160.13,160.13,160.13,160.13,160.13,160.14,30.3,135.35,150.76,86.24,2.51,116.42,30.3,30.4,105.16,160.52,107.99
2026-08-12 08:30:00,28.35,146.82,146.82,146.02,146.1,146.0,146.22,146.15,146.84,146.26,146.35,28.35,131.88,144.92,84.97,2.48,116.28,28.35,28.62,95.92,145.91,100.0
2026-08-12 08:45:00,27.31,130.85,130.85,138.78,138.88,138.75,139.01,138.93,139.74,139.05,139.17,27.31,129.22,140.43,83.99,2.46,116.4,27.3,27.58,86.36,130.06,75.0
2026-08-12 09:00:00,33.51,154.85,154.85,162.2,162.2,162.2,162.2,162.2,162.2,162.2,162.2,33.51,131.63,147.33,86.22,2.5,111.72,33.5,33.99,102.52,154.03,107.63
2026-08-12 09:15:00,34.77,51.02,51.02,136.11,136.15,136.11,136.18,136.16,136.4,136.19,136.22,34.77,125.87,138.26,84.95,2.53,113.78,34.77,34.5,44.28,51.02,78.97
2026-08-12 09:30:00,27.03,27.03,27.03,115.94,116.44,116.26,116.45,116.51,116.25,116.78,116.58,27.03,119.09,128.92,77.48,2.51,111.11,27.03,26.28,27.26,27.36,47.25
2026-08-12 09:45:00,20.04,20.04,20.04,98.1,100.49,100.01,100.08,100.77,95.81,101.84,100.26,20.04,109.53,113.19,69.82,2.5,109.65,20.03,18.8,19.8,20.04,16.54
2026-08-12 10:00:00,27.99,27.99,27.99,125.55,118.87,119.32,118.22,118.48,110.33,117.53,116.52,27.99,111.61,113.32,79.29,2.61,113.59,28.0,28.1,28.75,28.85,70.0
2026-08-12 10:15:00,24.34,24.34,24.34,98.75,98.57,98.46,98.67,98.61,99.19,98.71,98.79,24.34,108.0,109.85,73.51,2.61,110.01,24.34,23.78,24.41,24.45,37.32
2026-08-12 10:30:00,29.32,29.32,29.32,81.58,81.58,81.58,81.58,81.58,81.58,81.58,81.58,29.32,103.16,104.8,72.53,2.57,104.99,29.32,28.63,29.41,29.45,24.48
2026-08-12 10:45:00,25.75,25.75,25.75,51.87,51.87,51.87,51.87,51.87,51.87,51.87,51.87,25.75,101.96,103.65,70.46,2.57,103.82,25.75,25.16,25.83,25.87,16.59
2026-08-12 11:00:00,27.19,27.19,27.19,64.13,64.13,64.13,64.13,64.13,64.13,64.13,64.13,27.19,99.83,101.29,73.1,2.57,101.56,26.62,26.9,27.48,27.59,27.98
2026-08-12 11:15:00,32.34,32.76,32.76,42.0,42.0,42.0,42.0,42.0,42.0,42.0,42.0,32.34,98.72,99.99,74.82,2.57,100.33,31.66,31.99,32.69,32.83,28.0
2026-08-12 11:30:00,29.71,30.09,30.09,36.65,38.93,38.53,36.2,32.69,36.37,35.69,35.96,29.71,97.4,98.72,72.8,2.58,99.03,29.09,29.39,30.03,30.15,26.97
2026-08-12 11:45:00,18.31,18.53,18.53,21.88,26.37,25.4,19.04,9.97,20.26,17.84,18.58,18.31,98.31,99.99,68.05,2.61,100.17,17.95,18.13,18.49,18.57,17.02
2026-08-12 12:00:00,23.71,24.01,24.01,47.38,49.23,47.38,26.26,-0.01,35.84,23.65,24.08,23.71,107.95,109.67,76.42,2.47,109.91,23.22,23.46,23.96,24.06,28.39
2026-08-12 12:15:00,19.23,19.37,19.37,31.5,30.74,29.69,16.21,-0.01,23.18,14.73,18.66,19.23,108.02,109.93,73.55,2.49,110.09,19.04,18.91,19.35,19.4,23.55
2026-08-12 12:30:00,19.21,19.44,19.44,33.94,21.74,21.56,10.03,-0.01,20.54,10.91,16.73,19.21,108.08,109.94,74.4,2.49,110.13,18.82,19.01,19.4,19.48,22.96
2026-08-12 12:45:00,19.3,19.53,19.53,38.66,17.16,17.6,6.5,-0.02,20.55,8.99,17.45,19.3,107.88,109.74,74.32,2.52,109.93,18.91,19.1,19.49,19.57,19.9
2026-08-12 13:00:00,16.48,16.68,16.68,36.04,20.67,20.8,9.26,-0.03,21.05,14.57,16.72,16.48,102.9,104.7,69.96,2.54,104.85,16.16,16.32,16.65,16.71,17.11
2026-08-12 13:15:00,19.2,19.43,19.43,46.85,18.1,18.87,4.93,-3.03,23.18,14.62,19.49,19.2,102.95,104.67,71.26,2.54,104.85,18.82,19.0,19.39,19.47,19.4
2026-08-12 13:30:00,18.49,18.71,18.71,56.99,12.01,13.8,0.01,-3.03,25.08,12.17,18.73,18.49,107.67,109.51,73.79,2.54,109.69,18.12,18.3,18.67,18.75,23.38
2026-08-12 13:45:00,16.49,16.68,16.68,47.99,10.56,12.0,0.0,-3.04,21.0,12.54,16.73,16.49,107.44,109.33,72.72,2.57,109.49,16.16,16.32,16.65,16.71,20.11
2026-08-12 14:00:00,17.71,18.29,18.29,47.32,36.91,34.6,12.0,-8.0,27.94,11.32,16.73,17.71,101.32,103.01,69.73,2.52,103.18,17.72,17.9,18.25,18.33,19.95
2026-08-12 14:15:00,20.77,21.47,21.47,54.07,38.2,37.66,15.47,-7.05,32.97,14.85,19.99,20.77,101.31,102.91,71.19,2.53,103.12,20.78,21.0,21.42,21.51,21.3
2026-08-12 14:30:00,25.73,26.62,26.62,53.48,34.92,34.77,15.48,-3.06,33.01,14.94,18.01,25.73,101.33,102.79,73.57,2.5,103.06,25.74,26.02,26.56,26.68,23.9
2026-08-12 14:45:00,24.99,25.85,25.85,73.53,37.89,38.66,16.93,-0.01,43.13,17.68,25.93,24.99,101.34,102.82,73.21,2.54,103.08,25.0,25.27,25.8,25.9,26.18
2026-08-12 15:00:00,19.43,19.5,19.5,73.92,38.36,38.95,17.05,-0.01,51.11,17.7,19.53,19.43,101.12,102.87,68.63,2.52,102.99,19.43,19.06,19.49,19.52,19.33
2026-08-12 15:15:00,27.99,28.09,28.09,94.75,58.26,58.22,27.47,0.0,59.95,27.17,28.13,27.99,101.65,103.22,72.12,2.55,103.41,27.99,27.42,28.07,28.12,28.27
2026-08-12 15:30:00,36.39,36.39,36.39,124.19,88.04,87.06,44.35,2.39,87.89,42.61,48.56,36.39,102.18,103.35,79.16,2.54,103.73,36.4,36.87,37.6,37.77,44.0
2026-08-12 15:45:00,56.34,56.34,56.34,132.56,109.73,108.53,74.08,38.58,101.01,72.11,76.81,56.34,101.98,102.72,86.3,2.54,103.24,56.35,56.33,57.57,57.77,60.4
2026-08-12 16:00:00,21.79,21.79,21.79,80.7,80.17,78.14,67.43,53.77,87.73,65.92,67.11,21.89,100.09,102.01,65.45,2.37,102.01,21.89,19.97,20.92,20.86,14.58
2026-08-12 16:15:00,29.22,29.22,29.22,104.39,106.71,104.39,93.15,78.37,97.82,91.44,92.63,29.11,102.52,104.11,73.07,2.39,104.3,29.11,28.28,29.2,29.25,32.82
2026-08-12 16:30:00,54.78,54.99,54.99,112.85,112.91,112.55,110.71,108.34,111.6,110.44,110.65,54.78,109.72,111.01,86.9,2.4,111.12,54.78,53.16,54.96,55.05,77.37
2026-08-12 16:45:00,80.71,108.61,108.61,145.41,136.78,134.47,119.54,101.68,130.34,117.78,119.58,80.71,114.04,115.45,98.7,2.43,112.9,80.71,79.0,99.23,111.91,103.23
2026-08-12 17:00:00,27.35,50.01,50.01,110.2,110.2,110.2,110.2,110.2,110.2,110.2,110.2,27.35,114.7,120.63,78.3,2.34,110.6,27.35,26.98,40.27,50.01,64.07
2026-08-12 17:15:00,35.43,131.47,131.47,131.49,131.49,131.49,131.49,131.49,131.49,131.49,131.49,35.43,125.73,138.14,84.93,2.38,110.59,35.42,35.66,90.0,131.49,101.0
2026-08-12 17:30:00,69.31,147.14,147.14,147.14,147.14,147.14,147.14,147.14,147.14,147.14,147.14,69.31,129.25,145.85,78.35,2.41,109.98,69.25,61.01,111.34,147.15,111.31
2026-08-12 17:45:00,91.93,157.76,157.76,173.52,173.52,173.52,173.52,173.52,173.52,173.52,173.53,91.93,133.99,152.01,84.8,2.33,113.13,91.95,81.18,128.78,155.19,123.88
2026-08-12 18:00:00,38.47,158.8,158.8,155.99,155.9,156.13,155.8,155.86,158.74,155.97,158.25,38.47,132.36,151.17,70.14,2.47,110.07,38.4,32.33,103.28,158.82,126.96
2026-08-12 18:15:00,79.87,161.35,161.35,180.66,173.73,173.97,173.62,173.66,176.95,173.76,173.98,79.87,135.66,154.58,81.87,2.31,113.77,79.88,70.0,125.2,159.89,139.88
2026-08-12 18:30:00,100.0,164.05,164.05,193.68,185.52,185.81,185.4,185.45,189.26,185.56,185.81,100.0,141.0,164.79,88.45,2.29,113.22,100.01,88.55,135.75,162.75,144.25
2026-08-12 18:45:00,94.46,219.27,219.27,219.27,219.27,219.27,219.27,219.27,219.27,219.27,219.28,94.45,168.28,213.58,92.18,2.29,113.22,94.46,82.93,154.15,200.02,149.09
2026-08-12 19:00:00,76.74,179.95,179.95,210.0,210.0,210.0,210.0,210.0,210.0,210.0,210.02,76.74,162.31,204.53,85.34,2.29,110.0,76.74,66.54,144.61,195.85,150.92
2026-08-12 19:15:00,214.69,214.69,214.69,241.53,241.53,241.53,241.53,241.53,241.53,241.53,241.55,102.23,179.35,235.58,95.78,2.29,109.34,102.23,89.8,165.53,213.06,153.1
2026-08-12 19:30:00,78.6,253.84,253.84,287.3,287.3,287.3,287.3,287.3,287.3,287.3,287.32,78.6,204.85,280.41,94.25,2.29,109.64,78.61,67.51,177.03,251.72,153.41
2026-08-12 19:45:00,79.29,341.48,341.48,461.17,461.17,461.17,461.17,461.17,461.17,461.17,461.19,79.29,270.73,398.07,107.37,2.29,108.89,79.29,66.99,226.55,338.74,154.89
2026-08-12 20:00:00,75.03,306.46,306.46,402.5,402.5,402.5,402.5,402.5,402.5,402.5,402.52,75.03,243.77,349.64,100.07,2.3,108.58,75.07,63.85,204.62,303.96,153.5
2026-08-12 20:15:00,266.44,266.44,266.44,307.03,297.17,272.05,314.82,311.35,311.61,315.64,314.94,86.54,215.62,300.0,97.81,2.29,108.42,86.58,74.99,187.35,264.33,152.77
2026-08-12 20:30:00,225.69,225.69,225.69,251.1,250.79,250.0,251.34,251.23,251.24,251.37,251.36,80.19,184.0,243.71,89.95,2.4,108.7,80.24,69.67,161.71,223.81,151.12
2026-08-12 20:45:00,212.55,212.55,212.55,232.17,232.17,232.17,232.17,232.17,232.17,232.17,232.19,76.46,173.52,225.23,86.82,2.44,108.54,76.5,66.4,152.69,210.73,150.79
2026-08-12 21:00:00,227.14,227.14,227.14,253.0,253.0,253.0,253.0,253.0,253.0,253.0,253.02,80.0,185.1,245.45,90.15,2.43,109.1,80.05,69.68,163.01,225.25,149.83
2026-08-12 21:15:00,219.76,219.76,219.76,243.12,243.12,243.12,243.12,243.12,243.12,243.12,243.14,80.23,179.59,235.84,89.1,2.45,108.89,80.28,70.0,158.95,217.93,149.64
2026-08-12 21:30:00,66.15,209.15,209.15,223.39,223.39,223.39,223.39,223.39,223.39,223.39,223.41,66.15,169.31,216.63,83.45,2.53,110.01,66.2,57.08,146.74,207.25,149.03
2026-08-12 21:45:00,181.5,181.5,181.5,198.97,198.97,198.97,198.97,198.97,198.97,198.97,198.97,75.92,155.46,192.94,85.22,2.53,109.07,75.89,67.02,132.46,180.53,146.46
2026-08-12 22:00:00,182.6,182.6,182.6,205.64,205.64,205.64,205.64,205.64,205.64,205.64,205.65,95.62,159.94,199.25,92.34,2.58,111.11,95.55,85.67,143.71,181.82,140.96
2026-08-12 22:15:00,175.48,175.48,175.48,193.4,193.4,193.4,193.4,193.4,193.4,193.4,193.41,86.75,152.91,186.72,88.4,2.6,111.12,86.69,77.5,135.94,174.64,139.44
2026-08-12 22:30:00,164.04,164.04,164.04,188.49,188.49,188.49,188.49,188.49,188.49,188.49,188.5,69.83,142.41,167.69,86.24,2.61,111.11,69.78,63.52,122.9,163.18,139.1
2026-08-12 22:45:00,40.15,166.93,166.93,175.12,175.12,175.12,175.12,175.12,175.12,175.12,175.13,40.15,141.65,165.51,86.21,2.61,111.12,40.12,38.81,113.35,165.92,135.25
2026-08-12 23:00:00,153.13,153.13,153.13,180.29,180.29,180.29,180.29,180.29,180.29,180.29,180.29,86.14,137.01,158.2,90.0,2.5,111.42,86.01,78.99,124.08,152.5,129.41
2026-08-12 23:15:00,150.85,150.85,150.85,174.1,174.1,174.1,174.1,174.1,174.1,174.1,174.11,68.0,135.1,154.57,95.72,2.47,110.57,67.97,66.05,116.78,150.27,125.69
2026-08-12 23:30:00,151.15,151.15,151.15,173.91,173.91,173.91,173.91,173.91,173.91,173.91,173.91,58.14,134.67,153.88,96.8,2.45,110.0,58.14,58.27,113.47,150.54,124.92
2026-08-12 23:45:00,150.68,150.68,150.68,160.1,160.1,160.1,160.1,160.1,160.1,160.1,160.11,50.3,134.36,153.51,93.96,2.44,109.78,50.31,50.77,110.0,150.0,120.57
2026-08-13 00:00:00,152.33,152.33,152.33,164.47,164.47,164.47,164.47,164.47,164.47,164.47,167.49,70.33,139.11,159.65,99.94,2.57,112.76,70.33,70.0,119.6,151.9,119.11
2026-08-13 00:15:00,145.02,145.02,145.02,156.56,156.56,156.56,156.56,156.56,156.56,156.56,156.56,70.67,135.28,152.61,93.27,2.55,112.58,70.67,70.0,115.41,144.74,116.01
2026-08-13 00:30:00,145.38,145.38,145.38,152.26,152.26,152.26,152.26,152.26,152.26,152.26,152.26,70.82,132.34,147.97,99.92,2.53,112.72,70.81,69.99,115.4,144.9,114.17
2026-08-13 00:45:00,139.4,139.4,139.4,143.12,143.12,143.12,143.12,143.12,143.12,143.12,143.12,64.31,128.23,140.36,93.31,2.52,112.55,64.31,64.05,109.41,138.98,111.59
2026-08-13 01:00:00,145.62,145.62,145.62,153.0,153.0,153.0,153.0,153.0,153.0,153.0,153.01,64.66,131.73,147.29,99.0,2.28,112.1,64.66,64.63,113.33,145.1,111.97
2026-08-13 01:15:00,141.08,141.08,141.08,148.01,148.01,148.01,148.01,148.01,148.01,148.01,148.01,69.32,129.8,143.79,97.55,2.28,112.05,69.32,68.93,112.5,140.68,110.35
2026-08-13 01:30:00,137.54,137.54,137.54,147.29,147.29,147.29,147.29,147.29,147.29,147.29,147.29,70.79,129.66,143.12,90.08,2.28,111.97,70.79,69.99,111.05,137.31,110.2
2026-08-13 01:45:00,135.24,135.24,135.24,142.07,142.07,142.07,142.07,142.07,142.07,142.07,142.08,70.02,127.46,139.3,90.01,2.28,111.92,70.02,69.26,109.34,135.0,108.73
2026-08-13 02:00:00,137.59,137.59,137.59,143.58,143.58,143.58,143.58,143.58,143.58,143.58,143.58,62.42,127.42,139.29,89.12,2.28,112.0,62.42,62.09,107.85,137.22,108.72
2026-08-13 02:15:00,133.44,133.44,133.44,143.17,143.17,143.17,143.17,143.17,143.17,143.17,143.17,71.47,127.35,138.94,87.63,2.28,111.98,71.47,70.51,109.01,133.28,108.88
2026-08-13 02:30:00,134.42,134.42,134.42,144.38,144.38,144.38,144.38,144.38,144.38,144.38,144.38,70.92,128.0,140.12,87.63,2.28,111.96,70.92,69.99,109.38,134.25,109.09
2026-08-13 02:45:00,132.61,132.61,132.61,142.56,142.56,142.56,142.56,142.56,142.56,142.56,142.56,71.0,127.05,138.35,85.97,2.28,111.94,71.0,69.99,108.34,132.48,108.74
2026-08-13 03:00:00,129.97,129.97,129.97,140.87,140.87,140.87,140.87,140.87,140.87,140.87,140.87,71.21,126.2,136.69,81.91,2.24,111.86,71.21,69.99,106.88,129.92,108.08
2026-08-13 03:15:00,130.68,130.68,130.68,141.82,141.82,141.82,141.82,141.82,141.82,141.82,141.82,71.21,126.71,137.62,82.18,2.24,111.84,71.2,70.0,107.3,130.62,108.34
2026-08-13 03:30:00,133.81,133.81,133.81,143.76,143.76,143.76,143.76,143.76,143.76,143.76,143.76,69.14,127.65,139.49,85.28,2.2,111.87,69.14,68.2,108.33,133.65,108.36
2026-08-13 03:45:00,132.36,132.36,132.36,144.44,144.44,144.44,144.44,144.44,144.44,144.44,144.44,71.21,128.17,140.18,82.14,2.15,111.85,71.21,70.0,108.33,132.3,108.62
2026-08-13 04:00:00,138.2,138.2,138.2,140.99,140.99,140.99,140.99,140.99,140.99,140.99,141.0,57.75,125.82,136.69,85.39,2.2,112.06,57.73,56.71,106.07,137.71,108.32
2026-08-13 04:15:00,143.06,143.06,143.06,143.06,143.06,143.06,143.06,143.06,143.06,143.06,143.06,64.45,126.28,138.67,79.18,2.2,112.03,64.37,59.08,110.24,142.31,108.84
2026-08-13 04:30:00,144.47,144.47,144.47,146.55,146.55,146.55,146.55,146.55,146.55,146.55,146.56,80.04,127.82,142.1,81.64,2.15,112.07,79.94,72.02,116.59,143.73,109.88
2026-08-13 04:45:00,144.53,144.53,144.53,149.08,149.08,149.08,149.08,149.08,149.08,149.08,149.08,87.52,129.2,144.58,84.07,2.09,112.15,87.41,78.99,119.56,143.87,111.5
2026-08-13 05:00:00,149.15,149.15,149.15,149.15,149.15,149.15,149.15,149.15,149.15,149.15,149.16,61.92,129.22,144.58,76.78,2.01,111.98,61.82,55.0,111.61,148.21,111.7
2026-08-13 05:15:00,153.21,153.21,153.21,154.5,154.5,154.5,154.5,154.5,154.5,154.5,154.51,67.34,132.18,149.81,78.82,1.92,112.11,67.24,59.99,116.15,152.29,115.25
2026-08-13 05:30:00,149.99,149.99,149.99,159.68,159.68,159.68,159.68,159.68,159.68,159.68,159.69,80.09,134.8,154.91,83.22,1.8,111.85,79.99,71.97,119.39,149.25,117.4
2026-08-13 05:45:00,147.64,147.64,147.64,166.26,166.26,166.26,166.26,166.26,166.26,166.26,166.27,113.79,136.23,157.64,92.86,1.72,111.92,113.68,103.43,131.45,147.23,119.8
2026-08-13 06:00:00,163.2,163.2,163.2,170.61,170.61,170.61,170.61,170.61,170.61,170.61,170.62,67.61,139.82,163.56,80.44,2.07,111.86,67.51,60.0,121.68,162.24,129.9
2026-08-13 06:15:00,160.53,160.53,160.53,174.09,174.09,174.09,174.09,174.09,174.09,174.09,174.1,85.3,140.95,165.48,85.85,2.08,112.17,85.2,76.5,127.26,159.76,133.03
2026-08-13 06:30:00,159.2,159.2,159.2,177.24,177.24,177.24,177.24,177.24,177.24,177.24,177.25,91.26,141.0,165.69,87.53,2.02,112.07,91.16,82.06,128.9,158.5,134.08
2026-08-13 06:45:00,146.97,146.97,146.97,174.99,174.99,174.99,174.99,174.99,174.99,174.99,174.99,145.61,141.4,166.8,103.23,1.9,112.11,145.5,132.81,143.73,146.9,136.64
2026-08-13 07:00:00,152.8,152.8,152.8,182.47,182.47,182.47,182.47,182.47,182.47,182.47,182.48,110.07,143.99,169.92,95.78,2.84,112.25,110.0,102.86,133.53,152.61,141.92
2026-08-13 07:15:00,142.39,142.39,142.39,174.91,174.91,174.91,174.91,174.91,174.91,174.91,174.91,116.22,144.99,169.91,99.95,2.85,112.22,116.22,113.14,131.91,142.81,140.97
2026-08-13 07:30:00,133.01,133.01,133.01,169.99,169.99,169.99,169.99,169.99,169.99,169.99,169.99,130.85,141.75,163.84,99.91,2.86,112.35,130.85,126.86,132.6,133.71,138.65
2026-08-13 07:45:00,130.33,130.33,130.33,157.02,157.02,157.02,157.02,157.02,157.02,157.02,157.02,128.6,137.1,155.3,105.49,2.88,113.3,128.6,124.99,129.99,130.88,133.04
2026-08-13 08:00:00,142.42,142.42,142.42,172.99,172.99,172.99,172.99,172.99,172.99,172.99,172.99,135.17,142.82,166.86,125.83,2.92,112.72,135.17,132.03,139.52,142.71,140.15
2026-08-13 08:15:00,134.19,134.19,134.19,162.7,162.7,162.7,162.7,162.7,162.7,162.7,162.69,134.19,138.37,158.07,124.64,2.93,113.85,134.19,131.05,135.93,137.17,135.0
2026-08-13 08:30:00,129.02,129.02,129.02,153.31,153.31,153.31,153.31,153.31,153.31,153.31,153.3,129.02,133.39,148.91,125.84,2.94,113.83,127.97,126.62,130.09,130.72,129.99
2026-08-13 08:45:00,99.06,99.06,99.06,138.2,138.2,138.2,138.2,138.2,138.2,138.2,138.2,99.06,130.93,144.22,119.0,2.93,113.71,97.08,98.54,118.9,133.56,119.24
2026-08-13 09:00:00,119.73,119.73,119.73,159.26,161.14,160.53,158.82,158.42,159.05,158.74,158.83,119.72,132.23,147.28,128.9,2.83,112.66,116.98,118.62,125.32,129.43,118.24
2026-08-13 09:15:00,80.02,80.02,80.02,144.76,150.0,147.49,143.73,147.07,144.34,143.99,144.02,80.02,127.72,139.62,108.53,2.82,112.56,78.7,79.98,110.45,134.91,113.28
2026-08-13 09:30:00,70.27,70.27,70.27,117.06,131.55,130.0,124.51,128.49,121.91,124.77,124.18,70.27,123.21,131.73,102.81,2.81,112.73,69.2,70.35,100.2,124.3,108.47
2026-08-13 09:45:00,66.04,66.04,66.04,96.68,119.74,120.85,115.54,118.47,107.88,116.46,118.59,66.04,120.87,128.59,100.41,2.82,112.55,64.77,65.74,79.99,91.11,99.03
2026-08-13 10:00:00,79.83,79.83,79.83,138.48,140.68,138.73,134.95,137.96,128.98,134.8,134.15,79.83,121.18,129.02,107.29,2.74,112.73,78.0,79.0,80.87,81.42,110.25
2026-08-13 10:15:00,70.67,70.67,70.67,122.58,122.58,122.58,122.58,122.58,122.58,122.58,122.58,70.67,113.17,115.15,100.75,2.74,112.42,69.1,69.99,71.49,71.9,102.01
2026-08-13 10:30:00,72.46,72.46,72.46,101.19,101.19,101.19,101.19,101.19,101.19,101.19,101.19,72.46,109.48,109.83,99.93,2.72,110.62,70.86,71.78,73.27,73.68,74.99
2026-08-13 10:45:00,77.1,79.0,79.0,79.66,79.66,79.66,79.66,79.66,79.66,79.66,79.65,77.1,96.38,98.73,77.56,2.69,104.98,75.13,76.03,78.6,79.44,37.23
2026-08-13 11:00:00,97.38,98.76,98.76,99.52,99.52,99.52,99.52,99.52,99.52,99.52,99.52,97.38,103.26,102.74,107.83,2.69,103.81,95.2,96.45,98.47,99.02,87.51
2026-08-13 11:15:00,66.84,67.78,67.78,68.04,68.04,68.04,68.04,68.04,68.04,68.04,68.04,66.84,70.83,70.48,73.93,2.67,71.2,65.36,66.21,67.58,67.96,54.98
2026-08-13 11:30:00,53.37,54.11,54.11,65.83,55.8,54.57,39.29,41.22,55.48,43.26,54.31,53.37,63.99,63.88,63.5,2.66,64.45,52.2,52.87,53.95,54.25,37.0
2026-08-13 11:45:00,46.03,46.67,46.67,80.83,53.84,48.57,0.06,7.5,49.14,12.3,46.84,46.03,60.8,60.83,58.15,2.66,61.32,45.03,45.61,46.53,46.79,26.2
2026-08-13 12:00:00,53.14,53.87,53.87,85.75,58.43,47.94,10.06,24.64,56.16,32.66,54.08,53.14,81.77,82.05,74.2,2.63,82.64,51.98,52.72,53.73,54.01,43.13
2026-08-13 12:15:00,48.52,49.19,49.19,83.89,45.98,38.63,1.16,16.37,51.68,27.0,49.37,48.52,83.37,83.83,73.02,2.62,84.36,47.47,48.13,49.06,49.31,39.92
2026-08-13 12:30:00,54.24,54.99,54.99,95.64,62.46,52.18,0.0,1.91,57.9,19.93,55.2,54.24,69.43,69.4,67.21,2.61,70.01,53.06,53.8,54.84,55.13,39.5
2026-08-13 12:45:00,52.86,53.59,53.59,93.11,55.32,48.41,0.0,0.0,56.43,20.8,53.8,52.86,72.5,72.59,68.44,2.61,73.17,51.71,52.44,53.45,53.73,41.8
2026-08-13 13:00:00,57.48,58.27,58.27,106.75,50.0,45.5,0.0,5.98,61.3,53.98,58.5,57.48,72.98,72.93,70.87,2.68,73.55,56.22,56.94,58.12,58.43,46.14
2026-08-13 13:15:00,50.49,51.19,51.19,93.48,35.07,35.07,0.0,6.76,53.83,50.46,51.38,50.49,86.01,86.45,75.53,2.68,86.99,49.4,50.02,51.05,51.32,41.0
2026-08-13 13:30:00,47.25,47.9,47.9,87.47,28.5,31.29,0.0,3.33,50.37,43.98,48.08,47.25,88.5,89.09,75.53,2.67,89.59,46.23,46.81,47.77,48.02,42.02
2026-08-13 13:45:00,41.26,41.82,41.82,76.38,24.59,27.28,0.0,2.41,43.98,30.36,41.97,41.26,93.09,93.95,75.53,2.65,94.39,40.37,40.88,41.71,41.92,37.5
2026-08-13 14:00:00,47.05,47.7,47.7,87.86,41.22,38.77,-0.01,0.0,50.3,26.85,47.88,47.05,88.66,89.24,75.53,2.68,89.74,46.04,46.64,47.58,47.82,38.73
2026-08-13 14:15:00,45.86,46.49,46.49,85.67,38.87,38.77,0.0,0.01,49.02,23.85,46.66,45.86,89.57,90.21,75.53,2.67,90.7,44.87,45.45,46.37,46.61,37.8
2026-08-13 14:30:00,48.52,49.18,49.18,90.69,45.81,44.12,0.0,4.09,51.85,24.0,49.37,48.52,87.53,88.05,75.53,2.65,88.56,47.47,48.08,49.06,49.31,37.9
2026-08-13 14:45:00,56.29,57.07,57.07,96.64,52.8,51.43,10.09,15.9,59.61,33.17,57.29,56.29,88.38,88.7,79.66,2.65,89.3,55.06,55.78,56.92,57.22,50.01
2026-08-13 15:00:00,49.85,50.54,50.54,87.95,63.97,57.93,10.06,12.97,54.69,20.01,50.73,49.85,69.37,69.46,65.13,2.67,70.01,48.77,49.4,50.41,50.67,29.94
2026-08-13 15:15:00,50.0,50.69,50.69,90.89,71.24,67.74,35.47,35.47,68.74,39.92,50.88,50.0,94.69,95.31,80.56,2.68,95.86,48.92,49.55,50.56,50.82,38.76
2026-08-13 15:30:00,59.23,60.06,60.06,84.07,71.64,70.9,57.62,57.62,74.08,59.0,60.29,59.23,100.86,101.36,88.61,2.67,102.02,57.94,58.69,59.9,60.21,55.34
2026-08-13 15:45:00,76.74,77.82,77.82,106.3,97.76,94.91,74.61,74.49,94.16,76.02,78.12,76.74,106.09,106.21,99.94,2.65,107.06,75.05,76.04,77.62,78.03,75.0
2026-08-13 16:00:00,56.77,58.14,58.14,78.4,78.4,78.4,78.4,78.4,78.4,78.4,78.4,56.77,100.77,103.1,75.53,2.53,107.64,55.34,56.03,57.86,58.46,41.0
2026-08-13 16:15:00,70.64,71.68,71.68,112.09,112.09,112.09,112.09,112.09,112.09,112.09,112.09,70.64,109.56,110.07,98.24,2.54,111.17,69.06,69.99,71.46,71.88,80.01
2026-08-13 16:30:00,81.35,82.59,82.59,124.63,125.0,124.63,123.55,123.45,123.98,123.52,123.59,81.35,115.21,118.89,106.16,2.55,111.91,79.51,80.59,82.33,82.83,107.64
2026-08-13 16:45:00,117.46,117.46,117.46,165.0,157.77,152.05,131.87,130.67,144.6,131.74,133.49,115.6,122.26,129.85,124.42,2.58,112.59,112.94,114.47,117.07,117.83,111.53
2026-08-13 17:00:00,90.99,125.07,125.07,125.07,125.07,125.07,125.07,125.07,125.07,125.07,125.08,90.99,121.57,129.99,104.68,2.61,111.7,90.99,89.62,110.0,125.08,110.0
2026-08-13 17:15:00,129.09,129.09,129.09,135.9,135.9,135.9,135.9,135.9,135.9,135.9,135.9,117.82,128.98,143.0,115.95,2.62,112.24,117.82,115.32,124.24,129.25,117.71
2026-08-13 17:30:00,139.52,139.52,139.52,161.33,160.33,160.35,160.03,159.87,159.97,159.99,159.98,139.52,134.74,153.83,100.88,2.64,113.81,139.39,128.03,136.7,139.41,128.69
2026-08-13 17:45:00,147.21,147.21,147.21,181.09,180.33,180.14,179.03,177.95,179.81,178.92,179.05,147.21,140.11,163.44,103.57,2.63,113.98,147.11,135.03,145.4,146.92,136.62
2026-08-13 18:00:00,155.11,155.11,155.11,165.0,165.0,165.0,165.0,165.0,165.0,165.0,165.01,124.29,138.49,160.16,95.33,2.67,113.9,124.27,113.11,141.73,154.14,140.0
2026-08-13 18:15:00,160.21,160.21,160.21,188.0,188.0,188.0,188.0,188.0,188.0,188.0,188.01,146.78,145.98,174.1,103.11,2.63,113.53,146.76,134.09,154.7,159.38,150.0
2026-08-13 18:30:00,199.57,199.57,199.57,209.06,209.06,209.06,209.06,209.06,209.06,209.06,209.09,149.95,162.61,203.12,100.0,2.62,114.38,138.54,124.68,179.55,197.05,153.47
2026-08-13 18:45:00,244.45,244.45,244.45,253.93,253.93,253.93,253.93,253.93,253.93,253.93,253.96,149.92,186.93,246.82,99.55,2.62,114.17,130.63,115.9,205.54,240.64,156.34
2026-08-13 19:00:00,229.16,229.16,229.16,229.16,229.16,229.16,229.16,229.16,229.16,229.16,229.2,150.0,174.09,223.36,96.25,0.98,114.68,129.52,114.78,197.74,225.12,157.6
2026-08-13 19:15:00,200.1,200.1,200.1,262.69,262.69,262.69,262.69,262.69,262.69,262.69,262.7,149.98,176.26,228.13,110.13,0.98,114.12,149.96,136.43,178.61,198.96,157.94
2026-08-13 19:30:00,305.04,305.04,305.04,327.17,327.17,327.17,327.17,327.17,327.17,327.17,327.21,141.58,226.15,317.04,102.49,0.98,114.33,118.3,103.11,237.01,300.0,160.15
2026-08-13 19:45:00,310.88,310.88,310.88,487.38,487.38,487.38,487.38,487.38,487.38,487.38,487.42,120.3,234.76,332.42,102.59,0.98,114.35,103.64,90.05,229.94,306.48,160.63
2026-08-13 20:00:00,324.44,324.44,324.44,414.96,414.96,414.96,414.96,414.96,414.96,414.96,415.0,148.39,249.9,357.1,113.26,0.99,114.23,131.4,116.33,250.09,320.13,157.08
2026-08-13 20:15:00,154.69,196.42,196.42,371.94,371.94,371.94,371.94,371.94,371.94,371.94,371.95,121.74,169.18,214.08,100.54,0.99,113.96,121.72,110.17,164.01,195.06,153.21
2026-08-13 20:30:00,154.57,200.75,200.75,300.14,300.14,300.14,300.14,300.14,300.14,300.14,300.15,88.44,166.93,209.63,90.67,1.05,114.14,88.43,78.99,151.66,199.06,151.15
2026-08-13 20:45:00,152.46,196.78,196.78,268.41,268.41,268.41,268.41,268.41,268.41,268.41,268.43,75.91,161.92,200.5,86.24,1.58,114.25,75.89,67.37,143.86,195.01,147.93
2026-08-13 21:00:00,222.9,222.9,222.9,353.92,353.92,353.92,353.92,353.92,353.92,353.92,353.94,112.94,187.7,246.19,101.85,1.49,113.63,112.91,101.86,175.49,221.32,149.24
2026-08-13 21:15:00,199.17,199.17,199.17,268.97,268.97,268.97,268.97,268.97,268.97,268.97,268.98,95.4,166.95,209.29,92.73,1.58,113.85,95.37,85.7,154.34,197.6,146.2
2026-08-13 21:30:00,202.52,202.52,202.52,240.0,240.0,240.0,240.0,240.0,240.0,240.0,240.02,80.01,166.94,208.94,88.43,1.67,114.08,79.98,71.25,149.47,200.79,144.3
2026-08-13 21:45:00,173.34,173.34,173.34,217.15,217.15,217.15,217.15,217.15,217.15,217.15,217.15,67.3,147.93,175.66,82.76,1.85,113.69,67.16,60.0,124.42,172.31,139.58
2026-08-13 22:00:00,153.65,153.65,153.65,233.38,233.38,233.38,233.38,233.38,216.2,233.38,233.38,127.01,143.52,169.12,98.81,2.25,113.2,126.83,116.71,140.12,153.35,133.07
2026-08-13 22:15:00,160.88,160.88,160.88,215.51,215.51,215.51,215.51,215.51,164.26,215.51,215.52,86.99,141.92,166.36,86.77,2.28,112.58,86.83,79.0,128.1,160.14,129.99
2026-08-13 22:30:00,165.52,165.52,165.52,212.01,212.01,212.01,212.01,212.01,145.9,212.01,212.02,61.5,140.93,164.63,79.15,2.4,112.21,61.35,54.99,120.47,164.5,126.36
2026-08-13 22:45:00,170.92,170.92,170.92,193.03,193.03,193.03,193.03,193.03,137.78,193.03,193.04,37.06,140.98,164.33,73.12,2.5,112.31,36.93,32.25,113.82,169.65,123.59
2026-08-13 23:00:00,152.32,152.32,152.32,191.54,194.91,194.0,190.84,187.43,145.89,190.42,190.69,102.92,138.18,160.29,90.41,2.4,111.61,102.77,95.0,129.99,151.79,117.92
2026-08-13 23:15:00,138.21,138.21,138.21,181.47,189.96,187.66,179.71,171.1,169.01,178.63,179.31,60.83,137.86,159.24,90.92,2.36,111.38,60.78,58.64,106.28,137.65,115.58
2026-08-13 23:30:00,143.2,143.2,143.2,180.04,190.1,186.66,172.93,159.15,171.24,170.98,171.73,36.05,137.93,158.84,89.59,2.35,111.23,36.05,36.83,100.01,142.46,114.28
2026-08-13 23:45:00,143.2,143.2,143.2,164.74,170.66,168.73,161.21,153.57,160.57,160.15,160.61,29.7,135.95,155.32,85.96,2.29,111.26,29.69,30.42,97.32,142.36,111.27
2026-08-14 00:00:00,77.7,158.69,158.69,177.7,183.9,181.16,168.41,156.94,165.01,166.6,163.61,77.7,138.52,161.78,82.97,3.05,110.67,77.46,70.3,124.08,157.87,116.25
2026-08-14 00:15:00,60.01,159.2,159.2,159.2,159.2,159.2,159.2,159.2,159.2,159.2,159.21,50.99,134.47,154.42,75.58,3.05,110.41,50.79,45.64,113.98,158.14,112.0
2026-08-14 00:30:00,50.05,156.53,156.53,156.53,156.53,156.53,156.53,156.53,156.53,156.53,156.54,48.99,132.92,151.81,75.3,3.04,110.19,48.8,43.99,111.67,155.48,110.45
2026-08-14 00:45:00,44.56,112.86,112.86,151.33,151.33,151.33,151.33,151.33,151.33,151.33,151.34,44.56,129.44,146.83,74.99,3.02,109.95,44.4,40.07,84.07,112.2,108.54
2026-08-14 01:00:00,62.12,155.17,155.17,163.2,179.62,175.19,159.66,143.48,161.35,157.62,158.96,62.12,132.99,152.79,76.87,2.63,109.29,61.94,55.78,116.06,154.23,109.95
2026-08-14 01:15:00,43.02,152.81,152.81,152.81,152.81,152.81,152.81,152.81,152.81,152.81,152.82,43.02,130.54,148.08,75.85,2.6,109.17,42.9,39.4,107.7,151.79,108.14
2026-08-14 01:30:00,42.4,148.62,148.62,148.62,148.62,148.62,148.62,148.62,148.62,148.62,148.63,42.4,128.22,144.01,75.58,2.54,109.11,42.28,38.96,104.99,147.63,105.19
2026-08-14 01:45:00,32.55,111.36,111.36,146.35,146.35,146.35,146.35,146.35,146.35,146.35,146.36,32.55,126.49,141.86,74.47,2.62,109.05,32.46,30.06,79.05,110.66,102.01
2026-08-14 02:00:00,61.49,135.64,135.64,147.4,147.4,147.4,147.4,147.4,147.4,147.4,147.41,61.49,127.21,142.99,78.65,2.3,109.07,61.35,56.09,104.58,134.9,102.02
2026-08-14 02:15:00,44.4,136.83,136.83,146.34,146.34,146.34,146.34,146.34,146.34,146.34,146.34,44.4,126.72,141.91,75.58,2.31,109.01,44.28,40.66,98.83,135.95,99.98
2026-08-14 02:30:00,40.6,106.51,106.51,146.31,146.31,146.31,146.31,146.31,146.31,146.31,146.31,40.6,126.29,141.95,75.58,2.33,108.99,40.5,37.2,79.28,105.9,96.5
2026-08-14 02:45:00,28.0,89.3,89.3,142.87,142.87,142.87,142.87,142.87,142.87,142.87,142.88,28.0,124.89,139.97,70.75,2.35,108.96,27.9,24.92,63.91,88.71,87.74
2026-08-14 03:00:00,99.28,115.5,115.5,143.09,143.09,143.09,143.09,143.09,143.09,143.09,143.1,64.15,125.26,140.17,78.32,2.31,109.05,63.96,58.21,93.52,114.96,99.96
2026-08-14 03:15:00,99.3,104.88,104.88,141.62,141.62,141.62,141.62,141.62,141.62,141.62,141.63,42.3,124.4,138.6,75.58,2.59,109.04,42.17,38.78,79.01,104.29,96.33
2026-08-14 03:30:00,99.33,114.24,114.24,141.68,141.68,141.68,141.68,141.68,141.68,141.68,141.68,38.74,124.5,138.55,73.93,2.56,109.03,38.6,35.3,83.18,113.51,94.55
2026-08-14 03:45:00,98.9,111.37,111.37,141.81,141.81,141.81,141.81,141.81,141.81,141.81,141.82,29.83,124.49,138.64,71.17,2.62,109.02,29.7,26.83,77.96,110.58,92.51
2026-08-14 04:00:00,52.88,140.0,140.0,140.0,140.0,140.0,140.0,140.0,140.0,140.0,140.01,52.88,123.32,135.8,75.58,2.41,109.4,52.7,48.06,103.95,139.12,93.61
2026-08-14 04:15:00,44.45,138.48,138.48,142.55,142.55,142.55,142.55,142.55,142.55,142.55,142.56,44.45,124.72,138.25,75.58,2.47,109.36,44.3,40.79,99.99,137.58,95.9
2026-08-14 04:30:00,40.01,145.65,145.65,145.65,145.65,145.65,145.65,145.65,145.65,145.65,145.93,40.01,126.27,141.25,69.92,2.49,109.35,39.8,35.11,102.05,144.57,98.19
2026-08-14 04:45:00,36.23,147.43,147.43,147.43,147.43,147.43,147.43,147.43,147.43,147.43,146.72,36.23,127.54,143.0,75.58,2.59,109.35,36.1,33.65,102.36,146.41,102.01
2026-08-14 05:00:00,79.39,79.39,79.39,145.86,145.86,145.86,145.86,145.86,145.86,145.86,146.32,32.0,125.48,141.49,72.9,2.28,108.99,31.94,28.76,59.24,78.95,99.95
2026-08-14 05:15:00,102.0,111.36,111.36,152.23,152.23,152.23,152.23,152.23,152.23,152.23,152.24,36.68,129.27,147.64,72.6,2.29,109.02,36.6,32.54,79.77,110.65,105.91
2026-08-14 05:30:00,120.01,123.67,123.67,157.69,157.69,157.69,157.69,157.69,157.69,157.69,157.7,56.21,132.35,152.99,77.74,2.29,109.04,56.11,50.57,94.73,123.02,108.77
2026-08-14 05:45:00,103.0,152.15,152.15,163.01,163.01,163.01,163.01,163.01,163.01,163.01,163.02,52.74,136.27,159.39,75.62,2.36,109.13,52.63,46.83,110.0,151.19,110.22
2026-08-14 06:00:00,101.84,142.34,142.34,168.9,168.9,168.9,168.9,168.9,168.9,168.9,168.91,20.7,138.15,162.62,68.82,3.06,109.61,20.67,17.14,91.02,141.2,113.5
2026-08-14 06:15:00,101.01,168.01,168.01,172.48,172.48,172.48,172.48,172.48,172.48,172.48,172.49,30.95,140.68,166.4,70.24,3.07,109.95,30.91,26.24,109.99,166.7,117.53
2026-08-14 06:30:00,100.0,168.6,168.6,173.14,173.14,173.14,173.14,173.14,173.14,173.14,173.15,52.74,141.35,167.44,76.31,3.08,110.25,52.7,46.62,119.09,167.49,118.57
2026-08-14 06:45:00,74.77,149.56,149.56,173.32,173.32,173.32,173.32,173.32,173.32,173.32,173.32,74.77,141.54,168.13,83.97,3.09,110.49,74.74,67.63,116.92,148.84,120.56
2026-08-14 07:00:00,99.0,177.07,177.07,178.27,178.27,178.27,178.27,178.27,178.27,178.27,178.28,27.07,143.36,169.82,69.89,3.28,110.95,27.03,22.52,110.42,175.65,121.33
2026-08-14 07:15:00,35.64,172.25,172.25,175.01,175.01,175.01,175.01,175.01,175.01,175.01,175.01,35.64,143.0,168.82,76.61,3.29,111.19,35.61,31.96,111.83,171.02,123.21
2026-08-14 07:30:00,51.67,168.05,168.05,168.05,168.05,168.05,168.05,168.05,168.05,168.05,168.05,51.67,140.79,164.55,76.38,3.3,112.19,51.63,45.51,115.69,166.9,119.85
2026-08-14 07:45:00,74.57,158.75,158.75,159.0,159.0,159.0,159.0,159.0,159.0,159.0,159.01,74.57,136.62,157.13,81.78,3.32,112.46,74.55,66.93,120.83,157.75,117.79
2026-08-14 08:00:00,22.6,174.07,174.07,175.5,186.9,184.0,173.0,159.34,174.07,171.16,172.16,22.6,141.34,163.29,79.06,3.3,113.66,22.61,21.77,107.53,172.57,120.95
2026-08-14 08:15:00,50.0,159.02,159.02,162.39,165.89,165.0,161.61,157.41,161.94,161.05,160.66,50.0,136.79,155.53,87.1,3.3,113.52,49.98,47.94,110.01,158.11,118.57
2026-08-14 08:30:00,71.49,143.64,143.64,145.6,145.6,145.6,145.6,145.6,145.6,145.6,146.3,71.49,127.83,140.36,87.38,3.3,113.21,71.46,66.92,110.37,142.97,113.46
2026-08-14 08:45:00,75.8,121.96,121.96,127.13,127.13,127.13,127.13,127.13,127.13,127.13,128.91,75.8,123.84,133.0,99.9,3.29,112.97,75.8,74.94,101.68,121.71,107.39
2026-08-14 09:00:00,54.85,154.69,154.69,158.05,165.78,163.18,156.43,154.46,157.25,155.99,153.19,54.85,132.71,149.6,87.17,3.25,111.81,54.86,52.56,109.99,153.67,117.47
2026-08-14 09:15:00,59.99,141.13,141.13,141.46,163.94,153.0,138.08,149.98,141.21,138.74,140.35,59.99,127.12,139.97,95.67,3.25,110.85,59.99,60.31,104.76,140.6,108.08
2026-08-14 09:30:00,53.71,120.31,120.31,125.29,143.73,135.46,125.0,135.06,120.9,127.28,125.9,53.71,123.84,134.63,92.14,3.23,110.69,53.71,54.02,93.93,126.13,95.96
2026-08-14 09:45:00,51.91,51.91,51.91,113.56,126.15,123.01,121.29,125.59,101.33,127.63,124.42,51.91,121.63,131.79,89.6,3.24,110.75,51.91,51.53,71.86,87.81,92.79
2026-08-14 10:00:00,70.6,70.6,70.6,131.73,165.01,147.81,124.62,144.9,121.19,124.83,122.58,70.6,120.0,129.99,101.28,3.24,108.33,68.97,70.0,71.55,72.06,100.44
2026-08-14 10:15:00,48.4,48.4,48.4,120.92,160.0,139.65,112.1,136.16,107.07,112.31,111.85,48.4,113.16,118.77,88.81,3.24,108.51,47.32,48.02,49.0,49.32,79.8
2026-08-14 10:30:00,40.09,40.09,40.09,103.24,125.56,114.63,100.35,113.01,102.04,100.66,100.73,40.09,104.61,105.78,81.68,3.21,106.21,39.24,39.82,40.5,40.71,46.89
2026-08-14 10:45:00,29.43,29.43,29.43,80.97,82.51,81.76,80.78,81.65,80.89,80.8,80.8,29.43,82.4,83.39,63.28,3.19,83.69,28.83,29.24,29.72,29.88,21.24
2026-08-14 11:00:00,54.08,54.08,54.08,100.12,122.5,109.69,97.42,99.47,97.28,96.35,96.83,54.08,98.82,99.45,84.77,3.12,100.06,52.91,53.64,54.66,54.94,58.61
2026-08-14 11:15:00,44.53,44.53,44.53,76.49,122.78,95.93,70.02,74.37,67.8,67.69,68.56,44.53,69.6,69.87,62.67,3.11,70.36,43.58,44.17,45.0,45.23,42.3
2026-08-14 11:30:00,42.76,42.76,42.76,66.62,83.02,70.61,56.96,59.34,39.8,55.08,54.36,42.76,64.33,64.54,58.66,3.12,65.01,41.86,42.42,43.21,43.44,36.14
2026-08-14 11:45:00,25.15,25.15,25.15,39.82,98.33,63.77,30.06,35.74,23.73,26.88,25.55,25.15,64.04,64.75,50.2,3.14,65.01,24.64,24.96,25.39,25.52,22.95
2026-08-14 12:00:00,44.24,44.24,44.24,56.35,104.86,75.01,44.72,50.08,31.44,41.88,44.99,44.24,69.05,69.31,62.2,3.14,69.81,43.31,43.84,44.71,44.94,38.51
2026-08-14 12:15:00,28.3,28.3,28.3,39.07,77.27,52.67,26.99,31.91,8.0,25.53,28.76,28.3,67.29,67.97,53.64,3.14,68.28,27.73,28.06,28.59,28.73,28.3
2026-08-14 12:30:00,27.03,27.03,27.03,24.08,58.38,38.77,18.28,25.7,9.92,19.44,26.62,27.03,66.98,67.7,52.86,3.14,67.99,26.49,26.8,27.31,27.44,26.7
2026-08-14 12:45:00,25.25,25.25,25.25,20.5,57.93,35.57,10.01,21.77,3.4,13.53,25.65,25.25,66.85,67.61,51.94,3.14,67.88,24.74,25.03,25.5,25.62,24.39
2026-08-14 13:00:00,32.03,32.03,32.03,29.87,56.67,37.1,10.02,25.0,6.83,16.24,32.2,32.03,66.6,67.14,54.97,3.19,67.5,31.37,31.72,32.36,32.52,28.62
2026-08-14 13:15:00,29.7,29.7,29.7,29.37,55.82,36.55,11.06,22.62,13.99,15.08,26.2,29.7,67.05,67.67,54.15,3.17,68.0,29.1,29.42,30.01,30.15,27.74
2026-08-14 13:30:00,28.65,28.65,28.65,23.7,45.08,30.0,10.07,19.25,18.23,13.3,21.92,28.65,67.42,68.07,53.87,3.17,68.39,28.07,28.38,28.94,29.08,26.9
2026-08-14 13:45:00,28.26,28.26,28.26,20.44,50.58,30.01,0.86,19.13,11.01,9.1,28.36,28.26,64.99,65.6,52.22,3.16,65.91,27.69,28.0,28.55,28.69,24.41
2026-08-14 14:00:00,24.65,24.65,24.65,30.11,65.12,44.14,0.01,15.2,17.83,6.94,25.04,24.65,66.03,66.76,51.15,3.07,67.02,24.16,24.43,24.9,25.01,19.06
2026-08-14 14:15:00,24.63,24.63,24.63,36.77,69.45,50.14,7.41,18.04,25.71,11.9,25.03,24.63,66.98,67.73,51.72,3.08,67.99,24.14,24.41,24.88,25.0,25.27
2026-08-14 14:30:00,32.26,32.99,32.99,40.32,63.2,50.0,17.81,20.0,33.55,17.2,19.41,32.26,64.56,65.05,53.85,3.06,65.4,31.6,31.96,32.6,32.76,28.77
2026-08-14 14:45:00,46.38,47.0,47.0,53.9,63.32,58.16,43.99,42.78,50.91,43.55,47.18,46.38,67.32,67.47,62.17,3.06,67.99,45.4,45.94,46.89,47.12,43.48
2026-08-14 15:00:00,22.93,23.23,23.23,49.24,72.56,59.56,25.09,23.39,41.93,24.27,23.32,22.93,82.93,84.05,60.64,1.43,84.3,22.44,22.72,23.17,23.29,19.25
2026-08-14 15:15:00,36.85,37.35,37.35,61.98,66.78,64.29,56.56,54.73,60.33,56.26,56.74,36.85,77.06,77.66,63.66,1.43,78.09,36.05,36.52,37.26,37.45,31.89
2026-08-14 15:30:00,50.0,50.69,50.69,80.0,80.0,80.0,80.0,80.0,80.0,80.0,80.0,50.0,84.75,85.16,74.48,1.43,85.74,48.9,49.54,50.56,50.82,41.81
2026-08-14 15:45:00,59.03,59.88,59.88,101.51,101.51,101.51,101.51,101.51,101.51,101.51,101.51,59.03,104.22,105.9,89.99,1.45,103.85,57.72,58.48,59.72,60.05,65.0
2026-08-14 16:00:00,29.82,29.93,29.93,87.0,87.0,87.0,87.0,87.0,87.0,87.0,86.99,29.82,104.65,106.24,74.24,1.42,106.45,29.82,29.27,29.91,29.97,16.97
2026-08-14 16:15:00,33.29,33.53,33.53,108.58,108.58,108.58,108.58,108.58,108.58,108.58,108.58,33.29,112.88,119.61,78.19,1.42,108.28,33.29,32.6,33.49,33.61,49.13
2026-08-14 16:30:00,37.49,37.49,37.49,124.96,124.96,124.96,124.96,124.96,124.96,124.96,124.96,37.49,121.7,134.81,82.21,1.43,109.09,37.49,36.62,37.81,38.02,78.28
2026-08-14 16:45:00,63.21,63.21,63.21,144.74,144.74,144.74,144.74,144.74,144.74,144.74,144.74,63.21,124.73,139.7,89.69,1.44,109.07,63.2,60.88,62.78,62.96,105.62
2026-08-14 17:00:00,26.23,26.23,26.23,124.21,124.21,124.21,124.21,124.21,124.21,124.21,124.2,24.45,122.14,135.92,82.58,10.73,108.79,22.15,24.94,26.02,26.46,51.3
2026-08-14 17:15:00,40.42,73.1,73.1,136.78,136.78,136.78,136.78,136.78,136.78,136.78,136.78,40.4,125.52,141.09,91.06,12.83,108.08,35.22,40.67,59.53,73.12,95.07
2026-08-14 17:30:00,50.26,146.19,146.19,147.72,147.72,147.72,147.72,147.72,147.72,147.72,147.72,45.84,128.79,145.08,90.01,13.5,108.08,40.66,47.18,104.01,146.22,107.06
2026-08-14 17:45:00,91.63,157.8,157.8,165.91,165.91,165.91,165.91,165.91,165.91,165.91,165.9,39.84,136.4,158.46,88.64,13.41,108.3,35.89,41.38,108.18,157.83,111.01
2026-08-14 18:00:00,49.01,57.85,57.85,149.99,149.99,149.99,149.99,149.99,149.99,149.99,149.93,49.0,132.15,152.11,93.94,35.31,108.78,45.84,49.03,58.09,65.78,108.28
2026-08-14 18:15:00,80.01,153.58,153.58,172.96,172.96,172.96,172.96,172.96,172.96,172.96,172.96,38.86,140.13,164.18,91.06,28.47,109.04,37.56,40.3,104.93,153.61,114.95
2026-08-14 18:30:00,91.88,169.68,169.68,187.9,186.12,186.17,186.1,186.11,186.63,186.12,186.15,32.9,144.98,172.35,88.56,27.16,109.3,32.68,34.63,111.61,169.71,119.24
2026-08-14 18:45:00,110.0,190.98,190.98,212.64,210.93,210.98,210.91,210.92,211.42,210.93,210.96,26.49,160.78,199.99,90.3,19.86,109.52,26.25,28.5,121.16,191.02,123.66
2026-08-14 19:00:00,120.29,166.47,166.47,199.1,199.1,199.1,199.1,199.1,199.1,199.1,199.1,49.99,145.23,171.68,95.95,45.23,111.05,49.82,51.2,116.99,166.5,123.68
2026-08-14 19:15:00,125.33,169.59,169.59,225.19,225.19,225.19,225.19,225.19,225.19,225.19,225.19,33.77,145.17,171.58,89.54,28.03,111.1,33.56,35.22,111.88,169.63,123.06
2026-08-14 19:30:00,131.22,171.05,171.05,257.59,255.83,250.01,259.46,258.82,258.73,259.72,259.52,26.73,145.23,171.65,86.8,20.56,111.17,26.51,28.3,109.73,171.09,123.23
2026-08-14 19:45:00,130.8,172.43,172.43,298.85,294.5,280.08,303.49,301.9,301.68,304.12,303.65,20.99,145.44,171.94,84.62,14.47,111.28,20.75,22.65,108.08,172.48,122.95
2026-08-14 20:00:00,130.26,166.78,166.78,267.07,260.78,240.0,273.8,271.5,271.16,274.7,274.02,46.19,143.43,169.17,93.83,40.89,110.24,46.0,47.45,115.68,165.9,121.57
2026-08-14 20:15:00,231.1,231.1,231.1,267.78,263.85,250.87,271.98,270.54,270.33,272.54,272.12,28.42,144.25,170.28,87.23,21.93,110.77,28.2,29.98,110.96,170.62,119.87
2026-08-14 20:30:00,259.13,259.13,259.13,259.13,259.13,259.13,259.13,259.13,259.13,259.13,259.14,21.09,144.04,169.92,84.28,14.12,110.75,20.85,22.76,108.61,171.87,117.85
2026-08-14 20:45:00,237.49,237.49,237.49,249.99,249.99,249.99,249.99,249.99,249.99,249.99,250.0,17.65,143.68,169.48,82.75,10.48,110.5,17.41,19.37,107.32,172.15,117.03
2026-08-14 21:00:00,130.25,228.4,228.4,252.5,252.5,252.5,252.5,252.5,243.81,252.5,252.5,32.72,142.48,167.58,90.0,23.59,110.38,32.42,34.93,104.99,153.9,113.43
2026-08-14 21:15:00,126.17,168.02,168.02,234.83,234.83,234.83,234.83,234.83,196.88,234.83,234.84,28.53,142.27,167.43,87.18,21.61,110.37,28.3,30.17,99.99,148.71,112.06
2026-08-14 21:30:00,122.03,132.2,132.2,229.0,229.0,229.0,229.0,229.0,205.41,229.0,229.0,27.23,141.43,167.39,87.25,20.33,110.3,27.0,28.94,70.0,98.58,111.09
2026-08-14 21:45:00,111.36,111.36,111.36,209.95,209.95,209.95,209.95,209.95,209.95,209.95,209.95,20.99,140.74,167.25,85.0,14.37,110.38,20.76,22.67,44.3,59.28,109.33
2026-08-14 22:00:00,141.89,154.95,154.95,212.33,212.33,212.33,212.33,212.33,189.5,212.33,212.33,43.47,140.53,166.3,92.59,41.6,111.01,43.43,43.99,44.97,45.47,111.45
2026-08-14 22:15:00,111.36,111.36,111.36,198.29,198.29,198.29,198.29,198.29,178.47,198.29,198.29,25.84,140.18,166.09,87.15,20.39,111.2,25.7,27.32,28.6,29.37,109.99
2026-08-14 22:30:00,74.0,74.0,74.0,194.0,194.0,194.0,194.0,194.0,194.0,194.0,194.0,18.82,139.89,165.88,82.51,16.97,111.26,18.77,19.33,20.3,20.79,108.76
2026-08-14 22:45:00,30.01,30.01,30.01,187.38,187.38,187.38,187.38,187.38,187.38,187.38,187.38,15.21,139.51,165.41,80.91,13.37,111.16,15.16,15.72,16.68,17.16,102.95
2026-08-14 23:00:00,61.0,186.06,186.06,186.06,186.06,186.06,186.06,186.06,186.06,186.06,186.06,26.45,138.92,164.0,85.23,24.66,111.22,26.44,26.95,27.89,28.37,101.01
2026-08-14 23:15:00,60.0,182.02,182.02,182.02,182.02,182.02,182.02,182.02,182.02,182.02,182.02,21.4,138.48,163.5,83.02,19.62,111.1,21.39,21.9,22.83,23.3,97.71
2026-08-14 23:30:00,30.82,175.0,175.0,175.0,175.0,175.0,175.0,175.0,175.0,175.0,175.0,17.47,138.14,163.1,81.3,15.7,110.99,17.46,17.97,18.9,19.36,91.06
2026-08-14 23:45:00,14.63,166.99,166.99,166.99,166.99,166.99,166.99,166.99,166.99,166.99,166.99,14.63,137.36,161.85,79.91,12.9,110.95,14.62,15.11,16.02,16.47,77.18
2026-08-15 00:00:00,18.1,177.73,177.73,177.73,177.73,177.73,177.73,177.73,177.73,177.73,174.52,18.09,136.54,158.11,86.64,7.34,116.14,17.53,20.75,22.64,23.69,99.99
2026-08-15 00:15:00,14.36,152.72,152.72,170.01,170.01,170.01,170.01,170.01,170.01,170.01,170.01,14.36,136.19,157.97,80.53,7.5,116.04,12.73,14.78,15.6,15.98,97.21
2026-08-15 00:30:00,12.67,99.55,99.55,168.58,168.58,168.58,168.58,168.58,168.58,168.58,168.58,12.66,136.0,157.8,79.74,7.01,115.9,11.38,13.08,13.9,14.28,84.22
2026-08-15 00:45:00,9.99,50.0,50.0,161.47,161.47,161.47,161.47,161.47,161.47,161.47,161.47,9.99,135.39,156.86,78.45,7.13,115.8,9.51,10.37,11.18,11.55,71.74
2026-08-15 01:00:00,17.49,83.14,83.14,170.01,170.01,170.01,170.01,170.01,170.01,170.01,170.0,17.48,135.85,157.59,81.39,6.21,115.18,14.57,17.94,18.78,19.18,97.24
2026-08-15 01:15:00,15.01,50.01,50.01,161.32,161.32,161.32,161.32,161.32,161.32,161.32,161.32,14.99,135.3,156.73,80.2,6.19,115.1,12.79,15.43,16.25,16.63,77.46
2026-08-15 01:30:00,15.47,16.9,16.9,161.49,161.49,161.49,161.49,161.49,161.49,161.49,161.48,15.46,135.2,156.57,80.34,6.18,115.03,13.12,15.89,16.72,17.1,78.17
2026-08-15 01:45:00,14.44,15.22,15.22,156.77,156.77,156.77,156.77,156.77,156.77,156.77,156.77,14.43,133.0,152.58,78.4,6.23,114.99,12.43,14.47,15.11,15.36,60.01
2026-08-15 02:00:00,16.58,16.58,16.58,158.96,158.96,158.96,158.96,158.96,158.96,158.96,158.96,15.21,133.87,154.41,79.8,6.02,114.77,12.89,15.6,16.41,16.78,70.01
2026-08-15 02:15:00,16.6,16.6,16.6,157.64,157.64,157.64,157.64,157.64,157.64,157.64,157.64,15.27,133.15,153.12,79.6,6.02,114.69,12.92,15.65,16.44,16.79,70.0
2026-08-15 02:30:00,16.23,16.23,16.23,156.73,156.73,156.73,156.73,156.73,156.73,156.73,156.73,14.93,132.76,152.23,79.43,6.04,114.91,12.67,15.3,16.06,16.41,58.61
2026-08-15 02:45:00,14.82,14.82,14.82,154.28,154.28,154.28,154.28,154.28,154.28,154.28,154.27,14.46,131.38,149.83,77.3,6.06,114.81,12.44,14.23,14.76,14.92,55.88
2026-08-15 03:00:00,13.7,14.97,14.97,156.79,156.79,156.79,156.79,156.79,156.79,156.79,156.79,13.69,132.61,152.29,79.02,6.28,115.12,12.02,14.06,14.81,15.15,62.75
2026-08-15 03:15:00,14.03,15.33,15.33,157.63,157.63,157.63,157.63,157.63,157.63,157.63,157.63,14.02,132.95,153.11,79.18,6.31,114.9,12.28,14.39,15.17,15.52,70.92
2026-08-15 03:30:00,15.01,16.29,16.29,156.77,156.77,156.77,156.77,156.77,156.77,156.77,156.77,15.0,132.58,152.27,79.51,6.3,115.02,12.98,15.37,16.13,16.47,69.21
2026-08-15 03:45:00,14.08,14.83,14.83,156.56,156.56,156.56,156.56,156.56,156.56,156.56,156.56,14.07,132.42,152.06,78.17,6.27,115.01,12.36,14.09,14.73,14.97,67.52
2026-08-15 04:00:00,14.54,15.79,15.79,155.37,155.37,155.37,155.37,155.37,155.37,155.37,155.37,14.53,131.39,150.91,78.88,6.47,114.48,12.86,14.89,15.64,15.97,67.28
2026-08-15 04:15:00,14.86,16.08,16.08,154.18,154.18,154.18,154.18,154.18,154.18,154.18,154.18,14.85,130.77,149.74,78.83,6.47,114.46,13.09,15.2,15.93,16.25,60.0
2026-08-15 04:30:00,15.0,15.36,15.36,154.37,154.37,154.37,154.37,154.37,154.37,154.37,154.37,14.99,130.8,149.92,77.35,6.44,114.44,13.29,14.76,15.3,15.46,62.1
2026-08-15 04:45:00,15.52,15.87,15.87,154.14,154.14,154.14,154.14,154.14,154.14,154.14,154.14,15.51,130.69,149.7,77.52,6.45,114.41,13.68,15.28,15.82,15.98,60.73
2026-08-15 05:00:00,13.93,13.93,13.93,149.49,149.49,149.49,149.49,149.49,149.49,149.49,149.49,13.62,128.04,145.15,76.15,7.59,114.25,12.59,13.4,13.88,14.03,54.9
2026-08-15 05:15:00,13.84,14.17,14.17,150.4,150.4,150.4,150.4,150.4,150.4,150.4,150.4,13.84,128.52,146.04,76.34,7.66,114.25,12.79,13.62,14.11,14.26,58.76
2026-08-15 05:30:00,15.77,16.14,16.14,155.12,155.12,155.12,155.12,155.12,155.12,155.12,155.12,15.76,131.0,150.66,77.53,7.73,114.26,14.41,15.5,16.07,16.24,70.0
2026-08-15 05:45:00,19.6,19.99,19.99,160.36,160.36,160.36,160.36,160.36,160.36,160.36,160.36,19.59,132.59,153.45,79.14,7.8,114.3,17.64,19.27,19.92,20.1,83.98
2026-08-15 06:00:00,16.1,16.49,16.49,164.51,164.51,164.51,164.51,164.51,164.51,164.51,164.51,16.09,132.27,152.95,77.91,6.99,114.39,14.58,15.81,16.42,16.6,79.0
2026-08-15 06:15:00,19.32,19.71,19.71,162.85,162.85,162.85,162.85,162.85,162.85,162.85,162.85,19.31,132.49,153.18,79.0,6.73,114.44,17.26,18.99,19.64,19.82,80.04
2026-08-15 06:30:00,22.21,22.57,22.57,155.59,155.59,155.59,155.59,155.59,155.59,155.59,155.59,22.2,131.51,151.11,79.76,7.03,114.53,19.75,21.86,22.51,22.67,74.06
2026-08-15 06:45:00,25.33,25.62,25.62,144.98,144.98,144.98,144.98,144.98,144.98,144.98,144.98,25.31,128.67,145.52,80.2,7.59,114.62,22.47,24.97,25.56,25.69,62.1
2026-08-15 07:00:00,13.97,14.4,14.4,170.91,170.91,170.91,170.91,170.91,170.91,170.91,170.91,13.96,134.95,156.89,77.87,7.11,114.78,12.84,13.71,14.32,14.52,97.21
2026-08-15 07:15:00,18.75,19.14,19.14,161.14,161.14,161.14,161.14,161.14,161.14,161.14,159.89,18.73,133.84,154.5,79.57,7.67,114.91,16.7,18.5,19.07,19.26,79.95
2026-08-15 07:30:00,26.88,27.16,27.16,147.83,147.83,147.83,147.83,147.83,147.83,147.83,145.17,26.85,129.28,145.55,81.84,7.85,114.95,23.05,26.68,27.11,27.25,69.99
2026-08-15 07:45:00,36.19,36.77,36.77,113.55,134.65,130.86,127.86,137.37,81.64,139.83,137.31,36.15,128.29,143.0,86.21,8.25,115.29,30.4,36.29,36.71,36.87,61.48
2026-08-15 08:00:00,21.82,21.82,21.82,163.9,163.9,163.9,163.9,163.9,163.9,163.9,161.61,21.8,132.68,151.32,79.65,6.41,115.95,19.14,21.27,21.77,21.9,85.0
2026-08-15 08:15:00,25.0,25.34,25.34,143.04,154.64,152.56,150.75,155.99,125.69,157.26,153.77,24.98,133.12,151.92,81.43,6.46,116.04,21.97,24.67,25.27,25.43,81.18
2026-08-15 08:30:00,34.03,34.24,34.24,102.22,145.76,135.46,125.09,146.05,47.45,147.29,132.81,34.0,128.63,142.6,83.59,6.58,116.66,29.61,33.67,34.2,34.3,66.29
2026-08-15 08:45:00,23.93,23.93,23.93,86.04,132.83,120.79,109.39,133.17,29.4,133.42,117.76,23.92,122.64,131.35,79.18,6.91,117.1,21.2,23.72,24.03,24.08,52.35
2026-08-15 09:00:00,42.33,42.33,42.33,131.66,142.27,140.28,138.87,143.65,115.97,144.77,140.88,42.3,126.45,137.46,86.15,7.71,117.42,36.89,42.01,42.45,42.5,74.99
2026-08-15 09:15:00,26.02,26.02,26.02,86.74,124.51,117.41,112.64,129.34,30.78,136.42,120.3,25.99,123.03,131.62,80.15,7.92,117.48,23.15,25.82,26.1,26.15,65.27
2026-08-15 09:30:00,15.16,15.16,15.16,39.0,111.72,109.33,97.65,113.86,3.04,121.04,99.76,15.17,115.13,117.34,74.84,8.28,117.29,14.1,15.13,15.17,15.16,36.02
2026-08-15 09:45:00,14.85,14.85,14.85,39.4,102.65,99.31,89.54,105.28,0.0,113.77,93.05,14.86,113.25,115.4,73.99,12.87,115.39,14.55,14.85,14.86,14.85,23.41
2026-08-15 10:00:00,26.02,26.02,26.02,65.35,113.87,106.45,99.64,118.64,7.77,133.94,109.59,25.99,112.04,113.94,77.88,6.86,113.94,21.38,26.02,26.02,26.03,62.1
2026-08-15 10:15:00,24.01,24.01,24.01,45.01,81.4,74.56,69.72,85.72,-5.88,99.48,79.0,23.98,107.73,109.58,74.48,7.6,109.58,20.03,24.01,24.01,24.01,39.94
2026-08-15 10:30:00,28.22,28.22,28.22,29.97,51.4,47.38,44.52,53.95,0.0,62.05,49.99,28.19,82.41,83.61,60.89,7.72,83.61,23.25,28.22,28.22,28.22,16.7
2026-08-15 10:45:00,20.0,20.0,20.0,19.67,34.93,32.29,30.1,36.81,-1.88,42.67,34.02,19.98,57.36,58.08,43.86,7.77,58.24,17.22,19.96,20.21,20.31,10.0
2026-08-15 11:00:00,34.67,34.67,34.67,23.24,38.86,36.16,33.63,40.77,1.17,46.79,37.94,34.66,54.65,54.42,55.37,7.25,55.44,30.2,35.65,37.22,37.82,29.63
2026-08-15 11:15:00,27.4,27.4,27.4,17.88,29.72,27.67,25.75,31.16,1.17,35.72,29.01,27.39,54.24,54.37,49.4,6.99,55.1,23.32,27.21,28.32,28.75,24.73
2026-08-15 11:30:00,16.48,16.48,16.48,12.45,22.42,18.9,15.47,20.99,4.75,19.96,16.95,16.48,53.88,54.56,40.9,9.9,54.79,15.17,16.42,16.78,16.92,16.73
2026-08-15 11:45:00,13.0,13.0,13.0,11.77,40.0,25.81,10.01,24.4,0.14,13.08,13.0,13.0,53.76,54.66,37.57,13.0,54.66,13.0,13.0,13.0,13.0,12.3
2026-08-15 12:00:00,18.24,18.24,18.24,11.15,55.04,33.04,5.83,25.21,1.17,8.88,18.24,18.24,53.34,54.11,39.4,17.14,54.11,17.98,18.24,18.24,18.24,16.0
2026-08-15 12:15:00,14.77,14.77,14.77,7.77,34.99,21.64,4.37,12.6,0.06,7.0,14.77,14.77,52.72,53.55,37.64,14.77,53.55,14.77,14.77,14.77,14.77,11.79
2026-08-15 12:30:00,13.93,13.93,13.93,5.76,23.78,15.0,3.76,9.97,0.0,6.61,13.93,13.93,52.36,53.21,37.1,13.93,53.21,13.93,13.93,13.93,13.93,10.02
2026-08-15 12:45:00,11.0,11.0,11.0,5.24,15.0,10.03,3.51,7.61,-1.22,5.68,11.0,11.0,52.37,53.28,35.94,11.0,53.28,11.0,11.0,11.0,11.0,9.36
2026-08-15 13:00:00,10.09,10.09,10.09,2.49,33.81,14.11,0.97,8.54,0.0,3.26,10.09,10.09,51.72,52.61,35.17,10.09,52.61,10.09,10.09,10.09,10.09,6.61
2026-08-15 13:15:00,10.0,10.0,10.0,1.72,27.0,11.59,0.58,7.74,-0.59,3.14,10.0,10.0,51.72,52.62,35.13,10.0,52.62,10.0,10.0,10.0,10.0,6.31
2026-08-15 13:30:00,9.79,9.79,9.79,1.52,6.45,4.08,1.31,4.19,0.13,2.81,6.25,9.79,51.68,52.58,35.03,9.79,52.58,9.79,9.79,9.79,9.79,5.57
2026-08-15 13:45:00,8.85,8.85,8.85,1.25,5.74,3.62,1.17,3.73,0.46,2.5,5.53,8.85,51.35,52.26,34.45,8.85,52.26,8.85,8.85,8.85,8.85,5.36
2026-08-15 14:00:00,9.86,9.86,9.86,3.17,32.69,18.73,0.6,6.9,0.0,2.74,9.86,9.86,51.14,52.0,34.72,9.86,52.0,9.86,9.86,9.86,9.86,5.64
2026-08-15 14:15:00,10.0,10.0,10.0,4.79,5.64,4.9,3.7,4.82,0.13,4.3,5.89,10.0,50.92,51.78,34.64,10.0,51.78,10.0,10.0,10.0,10.0,6.31
2026-08-15 14:30:00,10.0,10.0,10.0,5.03,5.38,5.22,5.02,5.23,4.97,5.12,5.56,10.0,50.38,51.22,34.31,10.0,51.22,10.0,10.0,10.0,10.0,6.7
2026-08-15 14:45:00,10.0,10.0,10.0,7.96,7.96,7.96,7.96,7.96,7.96,7.96,8.04,10.0,50.51,51.36,34.39,10.0,51.36,10.0,10.0,10.0,10.0,9.19
2026-08-15 15:00:00,9.03,9.03,9.03,7.66,7.66,7.66,7.66,7.66,7.66,7.66,7.72,9.03,52.13,53.03,34.98,9.03,53.03,9.03,9.03,9.03,9.03,8.43
2026-08-15 15:15:00,10.16,10.16,10.16,9.97,9.97,9.97,9.97,9.97,9.97,9.97,10.16,10.16,52.01,52.88,35.35,10.16,52.88,10.16,10.16,10.16,10.16,10.01
2026-08-15 15:30:00,16.08,16.08,16.08,16.08,16.08,16.08,16.08,16.08,16.08,16.08,16.08,16.08,51.29,52.03,37.28,16.08,52.03,16.08,16.08,16.08,16.08,16.73
2026-08-15 15:45:00,26.68,26.68,26.68,26.68,26.68,26.68,26.68,26.68,26.68,26.68,26.68,26.68,51.74,52.26,41.77,26.68,52.26,26.68,26.68,26.68,26.68,27.67
2026-08-15 16:00:00,13.66,13.66,13.66,22.35,22.35,22.35,22.35,22.35,22.35,22.35,22.17,13.66,51.5,52.19,37.95,8.41,52.38,12.6,13.61,13.9,14.01,7.58
2026-08-15 16:15:00,16.25,16.25,16.25,40.78,40.78,40.78,40.78,40.78,40.78,40.78,40.78,16.24,56.95,57.66,42.63,9.68,57.9,14.92,16.18,16.55,16.68,12.45
2026-08-15 16:30:00,24.0,24.0,24.0,92.29,92.29,92.29,92.29,92.29,92.29,92.29,92.29,23.99,100.4,102.01,70.02,15.0,102.01,21.95,24.0,24.0,24.0,44.5
2026-08-15 16:45:00,48.16,48.16,48.16,118.93,118.93,118.93,118.93,118.93,118.93,118.93,118.93,48.12,111.4,112.74,86.26,18.22,112.74,41.35,48.17,48.17,48.17,70.32
2026-08-15 17:00:00,13.33,13.34,13.34,94.58,94.58,94.58,94.58,94.58,94.58,94.58,94.58,13.32,111.46,113.52,72.43,6.38,113.52,11.75,13.34,13.34,13.34,26.2
2026-08-15 17:15:00,19.0,19.0,19.0,113.44,113.44,113.44,113.44,113.44,113.44,113.44,113.44,18.98,115.4,117.42,77.04,6.39,117.42,16.13,19.0,19.0,19.0,59.84
2026-08-15 17:30:00,38.28,38.37,38.37,146.31,146.31,146.31,146.31,146.31,146.31,146.31,146.31,38.23,123.89,132.65,86.24,6.37,117.76,31.31,38.18,38.36,38.41,99.8
2026-08-15 17:45:00,62.28,62.45,62.45,167.79,168.08,168.0,167.52,168.22,167.62,162.41,165.41,62.2,129.94,143.45,96.78,6.39,117.61,50.08,62.12,62.42,62.51,109.99
2026-08-15 18:00:00,25.03,25.42,25.42,149.71,149.72,149.72,149.7,149.73,149.7,149.45,150.83,25.0,130.16,145.13,83.49,6.1,117.76,20.64,24.89,25.36,25.53,100.4
2026-08-15 18:15:00,36.98,36.98,36.98,160.58,160.65,160.58,160.17,160.78,160.26,154.98,159.17,36.65,132.88,149.94,87.43,6.09,117.74,30.1,36.5,36.93,37.07,108.07
2026-08-15 18:30:00,50.0,50.0,50.0,175.27,175.39,175.27,174.54,175.63,174.7,165.43,172.76,49.42,134.6,152.58,94.6,6.1,117.85,39.47,49.32,49.91,50.14,112.57
2026-08-15 18:45:00,50.01,50.01,50.01,174.72,174.9,174.72,173.64,175.26,173.88,159.96,165.34,45.41,135.13,153.7,93.12,6.12,117.91,36.38,45.29,45.9,46.13,113.69
2026-08-15 19:00:00,60.01,87.38,87.38,163.07,163.07,163.07,163.07,163.07,163.07,163.07,168.71,59.32,136.85,155.45,94.51,6.66,119.14,50.95,58.82,59.6,59.71,114.88
2026-08-15 19:15:00,60.0,80.29,80.29,172.01,172.05,172.04,172.0,172.06,171.99,171.39,171.87,35.68,136.85,156.27,86.9,6.82,119.23,31.06,35.33,35.99,36.13,115.1
2026-08-15 19:30:00,66.19,66.19,66.19,185.71,185.74,185.73,185.69,185.75,185.69,185.13,185.58,25.0,136.71,156.37,83.88,12.36,119.27,22.92,24.75,25.31,25.48,114.49
2026-08-15 19:45:00,50.0,50.0,50.0,199.1,199.1,199.1,199.1,199.1,199.1,199.1,199.1,19.97,136.65,156.46,82.12,10.94,119.27,18.47,19.74,20.29,20.46,114.38
2026-08-15 20:00:00,71.01,71.01,71.01,173.38,173.38,173.38,173.38,173.38,173.38,173.38,173.38,57.91,137.19,156.65,94.34,16.45,117.57,51.39,57.42,58.23,58.37,114.39
2026-08-15 20:15:00,36.48,36.48,36.48,182.92,182.92,182.92,182.92,182.92,182.92,182.92,182.92,29.78,136.7,156.7,85.17,16.45,117.68,27.62,29.5,30.11,30.29,110.46
2026-08-15 20:30:00,19.63,19.63,19.63,189.49,189.49,189.49,189.49,189.49,189.49,189.49,189.49,19.23,136.47,156.66,81.41,12.89,117.67,18.16,19.0,19.57,19.75,108.69
2026-08-15 20:45:00,12.89,12.89,12.89,194.17,194.17,194.17,194.17,194.17,194.17,194.17,194.17,12.42,136.3,156.65,79.12,7.79,117.62,11.57,12.2,12.81,13.02,107.43
2026-08-15 21:00:00,40.72,40.72,40.72,190.79,190.79,190.79,190.79,190.79,190.79,190.79,190.79,40.32,136.66,156.44,89.31,26.51,117.43,38.19,40.01,40.65,40.82,108.07
2026-08-15 21:15:00,26.1,26.1,26.1,186.25,186.25,186.25,186.25,186.25,186.25,186.25,186.25,25.7,136.41,156.42,83.99,19.38,117.57,24.68,25.46,26.03,26.22,107.07
2026-08-15 21:30:00,19.25,19.25,19.25,179.59,179.59,179.59,179.59,179.59,179.59,179.59,179.59,18.68,136.26,156.39,82.46,16.73,117.57,18.18,18.48,19.15,19.4,101.1
2026-08-15 21:45:00,9.55,10.11,10.11,176.74,176.74,176.74,176.74,176.74,176.74,176.74,176.74,9.55,136.01,156.34,78.67,7.59,117.5,9.05,9.34,10.01,10.26,88.96
2026-08-15 22:00:00,24.78,24.78,24.78,189.45,189.45,189.45,189.45,189.45,189.45,189.45,189.45,24.31,135.31,156.1,83.17,18.8,115.42,24.42,24.04,24.7,24.92,102.55
2026-08-15 22:15:00,14.05,14.05,14.05,179.87,179.87,179.87,179.87,179.87,179.87,179.87,179.87,13.58,134.98,155.95,78.72,8.08,115.35,13.69,13.31,13.97,14.19,99.4
2026-08-15 22:30:00,9.2,9.78,9.78,178.01,178.01,178.01,178.01,178.01,178.01,178.01,178.01,9.2,134.76,155.82,77.34,6.7,115.2,8.76,8.98,9.68,9.93,84.05
2026-08-15 22:45:00,6.49,7.08,7.08,171.04,171.04,171.04,171.04,171.04,171.04,171.04,171.04,6.49,134.63,155.72,76.26,4.44,115.13,5.96,6.27,6.98,7.24,70.01
2026-08-15 23:00:00,9.46,9.99,9.99,186.99,186.99,186.99,186.99,186.99,186.99,186.99,186.99,9.46,134.41,155.25,77.13,5.81,115.1,9.24,9.23,9.9,10.14,87.0
2026-08-15 23:15:00,7.11,7.69,7.69,170.41,170.41,170.41,170.41,170.41,170.41,170.41,170.41,7.11,134.18,155.08,76.32,5.04,114.9,6.6,6.9,7.6,7.85,75.0
2026-08-15 23:30:00,6.37,6.95,6.95,173.52,173.52,173.52,173.52,173.52,173.52,173.52,173.52,6.37,133.94,154.83,75.89,4.35,114.69,5.84,6.15,6.85,7.11,70.0
2026-08-15 23:45:00,5.6,6.17,6.17,165.04,165.04,165.04,165.04,165.04,165.04,165.04,165.04,5.6,133.13,153.51,75.31,3.64,114.5,5.1,5.4,6.07,6.32,60.35
2026-08-16 00:00:00,13.53,13.53,13.53,188.25,188.25,188.25,188.25,188.25,188.25,188.25,188.25,13.52,135.35,155.81,78.12,6.26,116.59,11.47,13.2,13.77,13.95,89.93
2026-08-16 00:15:00,10.71,10.71,10.71,175.26,175.26,175.26,175.26,175.26,175.26,175.26,175.26,10.22,135.2,155.64,77.6,5.73,116.59,8.99,10.0,10.63,10.84,70.01
2026-08-16 00:30:00,8.03,8.03,8.03,168.8,168.8,168.8,168.8,168.8,168.8,168.8,168.8,7.43,134.53,155.54,76.63,5.36,115.3,6.86,7.22,7.93,8.19,59.66
2026-08-16 00:45:00,6.46,7.07,7.07,164.94,164.94,164.94,164.94,164.94,164.94,164.94,164.94,6.46,133.88,155.43,75.64,4.33,114.03,5.87,6.24,6.97,7.24,56.86
2026-08-16 01:00:00,7.12,7.74,7.74,180.07,180.07,180.07,180.07,180.07,180.07,180.07,180.07,7.12,133.63,155.39,75.68,4.97,113.52,6.53,6.9,7.65,7.91,56.7
2026-08-16 01:15:00,6.73,6.73,6.73,172.2,172.2,172.2,172.2,172.2,172.2,172.2,172.19,6.73,133.51,155.31,75.44,4.58,113.36,6.14,6.52,7.26,7.53,55.01
2026-08-16 01:30:00,6.48,7.73,7.73,164.94,164.94,164.94,164.94,164.94,164.94,164.94,164.94,6.48,133.4,155.26,75.25,4.32,113.19,5.88,6.26,7.01,7.28,50.77
2026-08-16 01:45:00,6.25,6.84,6.84,157.14,157.14,157.14,157.14,157.14,157.14,157.14,157.14,6.25,131.93,152.66,74.71,4.22,113.01,5.69,6.05,6.75,7.0,34.99
2026-08-16 02:00:00,7.15,7.69,7.69,163.0,163.0,163.0,163.0,163.0,163.0,163.0,163.0,7.15,133.28,155.46,74.9,2.34,112.74,5.37,6.88,7.61,7.85,49.99
2026-08-16 02:15:00,6.96,7.51,7.51,172.43,172.43,172.43,172.43,172.43,172.43,172.43,172.43,6.95,133.21,155.4,74.81,2.34,112.66,5.26,6.69,7.42,7.67,48.96
2026-08-16 02:30:00,6.47,7.04,7.04,167.97,167.97,167.97,167.97,167.97,167.97,167.97,167.97,6.46,133.14,155.37,74.65,2.34,112.57,4.98,6.21,6.95,7.2,41.85
2026-08-16 02:45:00,6.34,6.96,6.96,157.92,157.92,157.92,157.92,157.92,157.92,157.92,157.92,6.34,132.06,153.42,74.31,2.34,112.49,4.94,6.18,6.88,7.12,32.76
2026-08-16 03:00:00,8.25,8.61,8.61,160.34,160.34,160.34,160.34,160.34,160.34,160.34,160.34,8.25,130.55,155.47,73.76,2.33,113.18,5.82,7.91,8.55,8.75,51.73
2026-08-16 03:15:00,7.77,8.25,8.25,157.45,157.45,157.45,157.45,157.45,157.45,157.45,157.45,7.76,131.79,152.95,74.83,2.33,113.08,5.61,7.51,8.17,8.39,36.53
2026-08-16 03:30:00,7.64,8.11,8.11,156.85,156.85,156.85,156.85,156.85,156.85,156.85,156.85,7.63,131.49,152.36,74.73,2.28,113.12,5.51,7.38,8.04,8.25,35.0
2026-08-16 03:45:00,7.24,7.7,7.7,155.5,155.5,155.5,155.5,155.5,155.5,155.5,155.5,7.23,130.77,151.05,74.41,2.27,113.08,5.28,6.99,7.63,7.84,34.61
2026-08-16 04:00:00,7.19,7.7,7.7,158.41,158.41,158.41,158.41,158.41,158.41,158.41,158.41,7.18,132.42,153.89,74.79,2.29,113.01,5.3,6.93,7.62,7.85,46.74
2026-08-16 04:15:00,7.13,7.6,7.6,155.77,155.77,155.77,155.77,155.77,155.77,155.77,155.77,7.13,131.04,151.31,74.39,2.29,112.99,5.25,6.88,7.53,7.74,36.53
2026-08-16 04:30:00,6.53,7.03,7.03,156.45,156.45,156.45,156.45,156.45,156.45,156.45,156.45,6.52,131.38,151.98,74.34,2.29,112.97,4.92,6.28,6.95,7.18,35.92
2026-08-16 04:45:00,6.52,7.03,7.03,156.97,156.97,156.97,156.97,156.97,156.97,156.97,156.97,6.51,131.63,152.49,74.39,2.25,112.94,4.91,6.27,6.95,7.18,34.96
2026-08-16 05:00:00,6.38,6.82,6.82,151.91,151.91,151.91,151.91,151.91,151.91,151.91,151.91,6.38,128.87,147.54,73.52,2.27,112.69,4.84,6.16,6.75,6.95,24.93
2026-08-16 05:15:00,6.49,6.97,6.97,154.76,154.76,154.76,154.76,154.76,154.76,154.76,154.76,6.49,130.37,150.33,73.97,2.26,112.72,4.91,6.25,6.89,7.11,32.74
2026-08-16 05:30:00,6.48,7.04,7.04,160.0,160.0,160.0,160.0,160.0,160.0,160.0,160.0,6.47,133.11,155.45,74.74,2.27,112.76,4.94,6.22,6.95,7.21,43.54
2026-08-16 05:45:00,6.48,7.04,7.04,161.11,161.11,161.11,161.11,161.11,161.11,161.11,161.1,6.47,133.28,155.72,74.81,2.3,112.82,4.96,6.22,6.95,7.21,50.8
2026-08-16 06:00:00,5.55,6.16,6.16,161.2,161.2,161.2,161.2,161.2,161.2,161.2,161.2,5.55,131.93,154.21,74.6,3.43,112.91,4.96,5.34,6.06,6.33,42.2
2026-08-16 06:15:00,5.59,6.2,6.2,160.0,160.0,160.0,160.0,160.0,160.0,160.0,160.0,5.59,131.97,154.23,74.64,3.47,112.98,5.0,5.38,6.1,6.37,43.23
2026-08-16 06:30:00,5.82,6.36,6.36,153.58,153.58,153.58,153.58,153.58,153.58,153.58,153.58,5.82,129.35,149.17,74.07,3.97,113.06,5.3,5.64,6.27,6.5,36.71
2026-08-16 06:45:00,6.12,6.63,6.63,151.62,151.62,151.62,151.62,151.62,151.62,151.62,151.62,6.12,128.37,147.25,73.96,4.37,113.12,5.63,5.95,6.54,6.77,35.0
2026-08-16 07:00:00,5.78,6.4,6.4,160.0,160.0,160.0,160.0,160.0,160.0,160.0,160.0,5.78,133.01,155.43,75.25,3.64,113.78,5.2,5.57,6.3,6.57,57.11
2026-08-16 07:15:00,6.19,6.73,6.73,154.6,154.6,154.6,154.6,154.6,154.6,154.6,154.6,6.19,130.31,150.18,74.75,4.33,113.91,5.68,6.01,6.64,6.88,44.95
2026-08-16 07:30:00,6.09,6.52,6.52,147.33,147.33,147.33,147.33,147.33,147.33,147.33,147.33,6.09,126.57,143.05,73.74,4.6,113.95,5.68,5.94,6.45,6.64,34.12
2026-08-16 07:45:00,6.64,7.01,7.01,139.55,139.55,139.55,139.55,139.55,139.55,139.55,139.55,6.63,125.19,139.94,73.78,5.33,114.5,6.28,6.51,6.95,7.12,32.44
2026-08-16 08:00:00,6.44,7.05,7.05,170.45,170.45,170.45,170.45,170.45,170.45,170.45,170.44,6.43,134.87,156.76,76.3,4.3,115.11,5.87,6.22,6.95,7.23,64.23
2026-08-16 08:15:00,6.5,7.04,7.04,154.5,154.5,154.5,154.5,154.5,154.5,154.5,154.5,6.5,132.24,151.77,75.65,4.62,115.13,6.0,6.31,6.95,7.19,38.17
2026-08-16 08:30:00,6.65,7.01,7.01,124.89,139.66,139.38,137.97,139.91,124.47,140.41,137.88,6.65,125.66,139.35,74.0,5.41,115.15,6.32,6.53,6.95,7.11,22.38
2026-08-16 08:45:00,6.6,6.78,6.78,110.25,121.66,121.38,120.41,121.87,110.43,122.61,120.4,6.6,119.3,127.31,72.34,5.98,115.22,6.44,6.54,6.75,6.83,12.99
2026-08-16 09:00:00,6.67,7.01,7.01,148.0,148.0,148.0,148.0,148.0,148.0,148.0,148.0,6.67,130.09,143.0,76.97,5.52,120.59,6.38,6.56,6.95,7.1,52.71
2026-08-16 09:15:00,6.49,6.6,6.6,126.04,126.04,126.04,126.04,126.04,126.04,126.04,126.04,6.49,121.9,127.64,74.73,6.13,120.51,6.4,6.45,6.58,6.63,28.1
2026-08-16 09:30:00,6.88,6.88,6.88,114.48,115.5,115.57,115.38,115.44,114.72,115.33,114.51,6.88,116.66,119.02,73.02,6.88,119.02,6.88,6.88,6.88,6.88,23.94
2026-08-16 09:45:00,6.83,6.83,6.83,91.83,110.29,110.88,108.04,109.74,92.91,108.8,106.84,6.83,110.07,112.29,69.04,6.83,112.29,6.83,6.83,6.83,6.83,10.06
2026-08-16 10:00:00,6.83,6.83,6.83,115.16,115.16,115.16,115.16,115.16,115.16,115.16,115.16,6.83,109.34,111.59,68.62,6.83,111.59,6.83,6.83,6.83,6.83,36.91
2026-08-16 10:15:00,6.39,6.39,6.39,107.57,107.57,107.57,107.57,107.57,107.57,107.57,107.57,6.39,104.69,106.85,65.65,6.39,106.85,6.39,6.39,6.39,6.39,20.1
2026-08-16 10:30:00,6.16,6.16,6.16,83.87,83.87,83.87,83.87,83.87,83.87,83.87,83.87,6.16,96.0,97.97,60.31,6.16,97.97,6.16,6.16,6.16,6.16,9.1
2026-08-16 10:45:00,6.14,6.14,6.14,81.0,81.0,81.0,81.0,81.0,81.0,81.0,81.0,6.14,81.93,83.59,51.82,6.14,83.59,6.14,6.14,6.14,6.14,6.99
2026-08-16 11:00:00,6.17,6.17,6.17,74.9,74.9,74.9,74.9,74.9,74.9,74.9,74.9,6.17,75.78,77.3,48.12,6.17,77.3,6.17,6.17,6.17,6.17,16.73
2026-08-16 11:15:00,6.05,6.05,6.05,58.79,58.79,58.79,58.79,58.79,58.79,58.79,58.79,6.05,59.51,60.67,38.27,6.05,60.67,6.05,6.05,6.05,6.05,11.25
2026-08-16 11:30:00,5.94,5.94,5.94,59.32,59.32,59.32,59.32,59.32,59.32,59.32,59.32,5.94,60.04,61.22,38.54,5.94,61.22,5.94,5.94,5.94,5.94,10.85
2026-08-16 11:45:00,5.71,5.71,5.71,51.91,51.91,51.91,51.91,51.91,51.91,51.91,51.91,5.71,55.89,56.99,35.96,5.71,56.99,5.71,5.71,5.71,5.71,7.96
2026-08-16 12:00:00,5.92,5.92,5.92,56.02,56.02,56.02,56.02,56.02,56.02,56.02,56.02,5.92,56.72,57.82,36.53,5.92,57.82,5.92,5.92,5.92,5.92,14.44
2026-08-16 12:15:00,6.0,6.0,6.0,55.22,55.22,55.22,55.22,55.22,55.22,55.22,55.22,6.0,55.91,56.98,36.07,6.0,56.98,6.0,6.0,6.0,6.0,13.45
2026-08-16 12:30:00,6.0,6.0,6.0,39.99,39.99,39.99,39.99,39.99,39.99,39.99,39.99,6.0,55.69,56.77,35.94,6.0,56.77,6.0,6.0,6.0,6.0,10.01
2026-08-16 12:45:00,5.99,5.99,5.99,22.89,22.89,22.89,22.89,22.89,22.89,22.89,22.89,5.99,55.79,56.86,36.0,5.99,56.86,5.99,5.99,5.99,5.99,9.1
2026-08-16 13:00:00,6.04,6.04,6.04,31.04,31.04,31.04,31.04,31.04,31.04,31.04,31.04,6.04,55.37,56.41,35.75,6.04,56.41,6.04,6.04,6.04,6.04,10.0
2026-08-16 13:15:00,6.1,6.1,6.1,23.05,23.05,23.05,23.05,23.05,23.05,23.05,23.05,6.1,55.35,56.38,35.76,6.1,56.38,6.1,6.1,6.1,6.1,9.98
2026-08-16 13:30:00,6.11,6.11,6.11,25.02,25.02,25.02,25.02,25.02,25.02,25.02,25.02,6.11,55.4,56.44,35.8,6.11,56.44,6.11,6.11,6.11,6.11,10.0
2026-08-16 13:45:00,6.16,6.16,6.16,30.24,30.24,30.24,30.24,30.24,30.24,30.24,30.24,6.16,55.38,56.42,35.81,6.16,56.42,6.16,6.16,6.16,6.16,10.02
2026-08-16 14:00:00,5.66,5.66,5.66,25.29,25.29,25.29,25.29,25.29,25.29,25.29,25.29,5.66,56.05,57.1,36.0,5.66,57.1,5.66,5.66,5.66,5.66,9.1
2026-08-16 14:15:00,6.1,6.1,6.1,29.99,29.99,29.99,29.99,29.99,29.99,29.99,29.99,6.1,56.12,57.15,36.21,6.1,57.15,6.1,6.1,6.1,6.1,10.0
2026-08-16 14:30:00,6.18,6.18,6.18,39.9,39.9,39.9,39.9,39.9,39.9,39.9,39.9,6.18,56.0,57.04,36.18,6.18,57.04,6.18,6.18,6.18,6.18,10.04
2026-08-16 14:45:00,6.89,6.9,6.9,51.05,51.05,51.05,51.05,51.05,51.05,51.05,51.05,6.89,56.03,57.04,36.53,6.68,57.05,6.85,6.88,6.9,6.9,13.33
2026-08-16 15:00:00,5.88,5.88,5.88,48.3,48.3,48.3,48.3,48.3,48.3,48.3,48.3,5.88,56.08,57.12,36.1,5.88,57.12,5.88,5.88,5.88,5.88,7.99
2026-08-16 15:15:00,6.13,6.13,6.13,63.63,63.63,63.63,63.63,63.63,63.63,63.63,63.63,6.13,64.46,65.66,41.24,6.13,65.66,6.13,6.13,6.13,6.13,13.38
2026-08-16 15:30:00,6.88,6.88,6.88,77.98,77.98,77.98,77.98,77.98,77.98,77.98,77.98,6.88,78.99,80.47,50.29,6.88,80.47,6.88,6.88,6.88,6.88,19.34
2026-08-16 15:45:00,7.61,7.61,7.61,80.9,80.9,80.9,80.9,80.9,80.9,80.9,80.9,7.61,96.14,97.96,60.9,7.61,97.96,7.61,7.61,7.61,7.61,27.98
2026-08-16 16:00:00,6.2,6.2,6.2,89.9,89.9,89.9,89.9,89.9,89.9,89.9,89.9,6.2,102.16,104.17,65.83,6.2,104.17,6.2,6.2,6.2,6.2,6.31
2026-08-16 16:15:00,6.99,7.02,7.02,110.4,110.4,110.4,110.4,110.4,110.4,110.4,110.4,6.99,109.12,111.24,70.59,6.48,111.26,6.89,6.98,7.01,7.02,16.08
2026-08-16 16:30:00,9.85,9.99,9.99,117.97,117.97,117.97,117.97,117.97,117.97,117.97,117.97,9.84,114.38,116.5,75.52,7.23,116.6,9.34,9.8,9.96,10.02,33.86
2026-08-16 16:45:00,16.4,17.09,17.09,146.27,146.27,146.27,146.27,146.27,146.27,146.27,146.27,16.4,128.69,138.57,85.29,7.62,122.0,14.66,16.18,16.96,17.24,67.41
2026-08-16 17:00:00,8.83,8.86,8.86,118.12,118.12,118.12,118.12,118.12,118.12,118.12,118.12,8.83,115.68,118.57,74.95,8.76,117.09,8.81,8.83,8.85,8.86,18.26
2026-08-16 17:15:00,13.93,14.31,14.31,133.05,133.05,133.05,133.05,133.05,133.05,133.05,133.05,13.93,128.93,143.0,80.72,12.62,117.41,13.6,13.8,14.24,14.42,36.53
2026-08-16 17:30:00,21.88,22.36,22.36,155.13,155.13,155.13,155.13,155.13,155.13,155.13,155.13,21.88,132.23,149.17,84.61,20.24,117.1,21.47,21.71,22.27,22.49,78.99
2026-08-16 17:45:00,26.38,26.95,26.95,175.0,175.0,175.0,175.0,175.0,175.0,175.0,175.0,26.37,135.91,155.8,87.4,24.4,117.2,25.88,26.17,26.84,27.11,106.99
2026-08-16 18:00:00,14.99,15.52,15.52,155.0,155.0,155.0,155.0,155.0,155.0,155.0,155.0,14.99,133.6,152.33,82.18,13.16,116.66,14.53,14.8,15.42,15.67,61.35
2026-08-16 18:15:00,19.41,19.99,19.99,167.47,161.91,162.4,161.42,161.65,159.89,161.26,160.96,19.41,136.39,156.64,84.96,17.4,117.56,18.91,19.2,19.88,20.15,89.34
2026-08-16 18:30:00,23.2,26.77,26.77,185.61,175.36,175.78,175.09,175.18,176.69,175.07,175.09,23.2,136.84,157.51,86.29,21.55,117.26,22.79,23.03,25.41,26.9,104.16
2026-08-16 18:45:00,22.28,96.94,96.94,188.0,186.25,186.3,186.24,186.24,186.73,186.24,186.28,22.27,137.61,157.82,83.25,18.26,117.73,22.12,21.87,42.95,57.29,105.13
2026-08-16 19:00:00,23.37,23.37,23.37,172.2,172.2,172.2,172.2,172.2,172.2,172.2,172.2,23.37,136.81,157.7,83.2,25.64,115.75,23.44,22.74,46.65,62.44,103.49
2026-08-16 19:15:00,41.06,41.06,41.06,181.6,181.6,181.6,181.6,181.6,181.6,181.6,181.6,24.79,136.57,157.78,85.61,24.82,115.8,24.79,24.78,34.44,41.05,102.87
2026-08-16 19:30:00,17.08,69.97,69.97,194.17,194.17,194.17,194.17,194.17,194.17,194.17,194.18,17.08,137.0,157.87,79.72,20.63,115.81,17.18,16.08,48.29,69.43,102.02
2026-08-16 19:45:00,9.69,100.11,100.11,203.91,203.91,203.91,203.91,203.91,203.91,203.91,203.92,9.69,137.46,157.92,73.91,16.86,115.88,9.9,7.69,62.98,99.01,101.94
2026-08-16 20:00:00,20.34,85.66,85.66,188.0,188.0,188.0,188.0,188.0,188.0,188.0,188.01,20.34,137.67,158.0,80.4,25.12,116.59,20.48,18.99,58.88,84.93,101.01
2026-08-16 20:15:00,13.63,90.45,90.45,197.99,197.99,197.99,197.99,197.99,197.99,197.99,198.0,13.63,137.72,158.03,76.87,19.51,116.59,13.8,11.97,58.94,89.54,100.0
2026-08-16 20:30:00,8.25,77.14,77.14,202.8,202.8,202.8,202.8,202.8,202.8,202.8,202.81,8.25,137.47,157.99,75.38,13.37,116.59,8.39,6.8,48.89,76.35,97.96
2026-08-16 20:45:00,7.07,81.02,81.02,211.28,211.28,211.28,211.28,211.28,211.28,211.28,211.29,7.08,137.52,157.98,74.52,12.68,116.59,7.24,5.49,50.69,80.16,97.04
2026-08-16 21:00:00,13.58,72.22,72.22,212.4,212.4,212.4,212.4,212.4,212.4,212.4,212.4,13.58,137.64,157.69,78.62,17.75,117.47,13.69,12.36,48.23,71.58,100.36
2026-08-16 21:15:00,11.66,70.15,70.15,208.21,208.21,208.21,208.21,208.21,208.21,208.21,208.21,11.66,137.56,157.61,77.87,15.82,117.47,11.77,10.44,46.22,69.51,99.99
2026-08-16 21:30:00,9.4,55.43,55.43,202.99,202.99,202.99,202.99,202.99,202.99,202.99,202.99,9.4,137.33,157.61,77.97,12.36,117.5,9.48,8.53,36.62,54.98,97.96
2026-08-16 21:45:00,6.49,27.44,27.44,199.1,199.1,199.1,199.1,199.1,199.1,199.1,199.1,6.49,136.83,157.51,78.78,7.05,117.46,6.51,6.33,18.92,27.36,85.6
2026-08-16 22:00:00,10.17,102.51,102.51,215.04,215.04,215.04,215.04,215.04,215.04,215.04,215.05,10.17,137.96,157.17,74.66,17.62,117.71,10.4,7.91,64.99,101.37,100.0
2026-08-16 22:15:00,6.81,51.82,51.82,210.95,210.95,210.95,210.95,210.95,210.95,210.95,210.95,6.81,137.13,157.07,77.05,9.71,117.7,6.9,5.93,33.57,51.37,88.37
2026-08-16 22:30:00,6.33,55.43,55.43,202.8,202.8,202.8,202.8,202.8,202.8,202.8,202.8,6.33,137.0,156.9,76.43,9.62,117.51,6.43,5.33,35.51,54.93,78.99
2026-08-16 22:45:00,5.88,24.02,24.02,197.35,197.35,197.35,197.35,197.35,197.35,197.35,197.35,5.11,136.39,156.79,78.24,5.49,117.35,5.12,5.0,16.39,23.96,65.84
2026-08-16 23:00:00,5.81,93.03,93.03,203.55,203.55,203.55,203.55,203.55,203.55,203.55,203.56,5.1,136.83,156.72,74.44,7.77,115.98,5.19,4.1,57.29,92.13,79.99
2026-08-16 23:15:00,5.64,50.01,50.01,194.0,194.0,194.0,194.0,194.0,194.0,194.0,194.0,4.9,136.04,156.67,75.52,7.5,115.82,4.99,4.09,31.73,49.58,70.0
2026-08-16 23:30:00,5.6,31.2,31.2,188.27,188.27,188.27,188.27,188.27,188.27,188.27,188.27,4.28,135.65,156.56,76.58,5.46,115.74,4.31,3.99,20.23,31.05,59.36
2026-08-16 23:45:00,5.59,13.97,13.97,184.77,184.77,184.77,184.77,184.77,184.77,184.77,184.77,3.8,135.15,156.18,77.5,3.22,115.66,3.79,3.91,10.01,14.03,55.07
